date,location,station_reference,temperature_avg_c,temperature_min_c,temperature_max_c,dew_point_c,relative_humidity_pct,precipitation_mm,snow_depth_mm,wind_direction_deg,wind_speed_kmh,peak_wind_gust_kmh,sea_level_pressure_hpa,sunshine_minutes,cloud_cover_okta,visibility_m,weather_condition_code,temperature_range_c,pressure_change_hpa,rainfall_3day_mm,rainfall_7day_mm,next_day_temperature_c
2015-01-01,"Yangon, Myanmar",Yangon International Airport (VYYY),23.18,19.24,28.96,19.98,77.4,0.0,0,156.0,6.92,10.63,1014.37,480.0,2.4,11065.0,1,9.72,,0.0,0.0,25.16
2015-01-02,"Yangon, Myanmar",Yangon International Airport (VYYY),25.16,21.42,29.97,20.25,90.7,0.0,0,245.0,,9.46,1012.66,627.0,0.3,9164.0,1,8.55,-1.71,0.0,0.0,25.55
2015-01-03,"Yangon, Myanmar",Yangon International Airport (VYYY),25.55,21.51,29.85,23.84,83.5,0.0,0,181.0,7.77,10.62,1013.41,436.0,0.2,10341.0,1,8.34,0.75,0.0,0.0,24.46
2015-01-04,"Yangon, Myanmar",Yangon International Airport (VYYY),24.46,21.08,29.55,23.0,67.9,0.0,0,203.0,7.14,9.01,1013.52,485.0,1.8,10639.0,1,8.46,0.12,0.0,0.0,23.21
2015-01-05,"Yangon, Myanmar",Yangon International Airport (VYYY),23.21,19.04,28.62,21.22,79.0,0.0,0,200.0,5.71,9.1,1013.07,489.0,0.0,9140.0,1,9.59,-0.46,0.0,0.0,25.0
2015-01-06,"Yangon, Myanmar",Yangon International Airport (VYYY),25.0,21.51,29.8,21.59,84.8,0.0,0,193.0,2.83,3.15,1012.56,586.0,2.9,10311.0,1,8.3,-0.5,0.0,0.0,23.4
2015-01-07,"Yangon, Myanmar",Yangon International Airport (VYYY),23.4,18.81,27.69,21.16,79.8,0.0,0,251.0,5.24,7.45,1013.85,447.0,0.6,8468.0,1,8.88,1.29,0.0,0.0,22.61
2015-01-08,"Yangon, Myanmar",Yangon International Airport (VYYY),22.61,18.3,27.94,19.94,84.6,0.0,0,,3.99,13.93,1011.16,560.0,3.0,9455.0,1,9.64,-2.69,0.0,0.0,25.23
2015-01-09,"Yangon, Myanmar",Yangon International Airport (VYYY),25.23,21.58,29.11,22.68,73.6,0.0,0,120.0,4.96,6.47,1018.01,481.0,1.9,8958.0,1,7.54,6.85,0.0,0.0,23.71
2015-01-10,"Yangon, Myanmar",Yangon International Airport (VYYY),23.71,20.18,27.66,20.56,84.6,0.0,0,239.0,5.46,7.99,1013.98,552.0,3.1,9190.0,1,7.48,-4.04,0.0,0.0,24.61
2015-01-11,"Yangon, Myanmar",Yangon International Airport (VYYY),24.61,20.36,29.36,22.46,76.8,0.0,0,168.0,7.5,7.5,1015.97,556.0,3.0,11113.0,1,9.0,1.99,0.0,0.0,24.06
2015-01-12,"Yangon, Myanmar",Yangon International Airport (VYYY),24.06,18.72,29.67,20.41,78.0,0.0,0,178.0,6.47,8.09,1012.37,335.0,1.8,8161.0,1,10.95,-3.59,0.0,0.0,24.81
2015-01-13,"Yangon, Myanmar",Yangon International Airport (VYYY),24.81,20.78,29.56,21.97,78.3,0.0,0,201.0,8.5,10.31,1013.6,463.0,3.1,10240.0,1,8.78,1.22,0.0,0.0,24.59
2015-01-14,"Yangon, Myanmar",Yangon International Airport (VYYY),24.59,20.67,31.27,22.36,78.5,0.0,0,239.0,12.25,13.78,1012.82,585.0,1.4,10074.0,1,10.6,-0.78,0.0,0.0,24.52
2015-01-15,"Yangon, Myanmar",Yangon International Airport (VYYY),24.52,20.39,28.49,20.81,81.7,0.0,0,197.0,8.66,14.55,1010.39,476.0,3.3,9970.0,1,8.11,-2.43,0.0,0.0,24.26
2015-01-16,"Yangon, Myanmar",Yangon International Airport (VYYY),24.26,21.14,29.93,22.76,79.2,0.0,0,213.0,11.96,13.79,1010.66,561.0,2.9,10208.0,1,8.79,0.27,0.0,0.0,23.5
2015-01-17,"Yangon, Myanmar",Yangon International Airport (VYYY),23.5,19.27,28.19,21.42,81.8,0.0,0,257.0,7.19,8.13,1010.28,434.0,2.0,9714.0,1,8.92,-0.38,0.0,0.0,25.34
2015-01-18,"Yangon, Myanmar",Yangon International Airport (VYYY),25.34,21.51,30.02,21.49,85.8,26.12,0,157.0,5.72,7.95,,660.0,2.4,7285.0,8,8.51,2.36,26.12,26.12,25.8
2015-01-19,"Yangon, Myanmar",Yangon International Airport (VYYY),25.8,22.14,31.16,22.31,85.0,0.0,0,199.0,7.92,8.82,1010.26,430.0,4.3,10403.0,3,9.02,-2.39,26.12,26.12,23.9
2015-01-20,"Yangon, Myanmar",Yangon International Airport (VYYY),23.9,20.4,28.73,22.49,92.2,0.0,0,164.0,7.7,11.18,1012.56,521.0,1.9,9634.0,1,8.34,2.3,26.12,26.12,24.42
2015-01-21,"Yangon, Myanmar",Yangon International Airport (VYYY),24.42,20.87,29.0,21.94,78.2,0.0,0,192.0,9.34,11.16,1011.69,575.0,1.5,9935.0,1,8.13,-0.87,0.0,26.12,24.35
2015-01-22,"Yangon, Myanmar",Yangon International Airport (VYYY),24.35,20.58,28.95,18.39,83.7,0.0,0,169.0,4.75,5.57,1012.16,530.0,2.0,9114.0,1,8.37,0.47,0.0,26.12,24.47
2015-01-23,"Yangon, Myanmar",Yangon International Airport (VYYY),24.47,20.72,30.13,21.43,77.0,0.0,0,163.0,6.65,12.6,1013.14,,3.0,10475.0,1,9.4,0.98,0.0,26.12,23.14
2015-01-24,"Yangon, Myanmar",Yangon International Airport (VYYY),23.14,19.68,27.6,19.61,72.3,0.0,0,185.0,11.03,15.67,1017.59,415.0,2.0,10557.0,1,7.92,4.46,0.0,26.12,24.91
2015-01-25,"Yangon, Myanmar",Yangon International Airport (VYYY),24.91,20.12,27.84,22.23,75.4,0.0,0,243.0,8.53,11.52,1014.01,611.0,1.2,9996.0,1,7.72,-3.58,0.0,0.0,24.12
2015-01-26,"Yangon, Myanmar",Yangon International Airport (VYYY),24.12,20.29,29.0,20.82,,0.0,0,224.0,6.07,7.52,1009.41,401.0,2.5,10808.0,1,8.71,-4.6,0.0,0.0,26.25
2015-01-27,"Yangon, Myanmar",Yangon International Airport (VYYY),26.25,22.51,29.85,22.67,83.5,0.0,0,123.0,7.35,12.7,1011.16,534.0,1.5,11150.0,1,7.35,1.75,0.0,0.0,26.09
2015-01-28,"Yangon, Myanmar",Yangon International Airport (VYYY),26.09,20.62,30.23,22.27,78.8,0.0,0,131.0,8.36,8.9,1012.74,460.0,3.1,12519.0,1,9.61,1.57,0.0,0.0,24.05
2015-01-29,"Yangon, Myanmar",Yangon International Airport (VYYY),24.05,20.01,28.24,20.54,79.3,0.0,0,221.0,9.12,11.19,1014.02,620.0,3.1,9494.0,1,8.23,1.29,0.0,0.0,24.23
2015-01-30,"Yangon, Myanmar",Yangon International Airport (VYYY),24.23,20.0,29.44,21.67,82.8,0.0,0,220.0,9.4,13.93,1011.08,487.0,2.6,10372.0,1,9.43,-2.94,0.0,0.0,25.27
2015-01-31,"Yangon, Myanmar",Yangon International Airport (VYYY),25.27,21.16,30.21,21.8,80.9,0.0,0,140.0,6.15,7.31,1007.32,483.0,2.2,10836.0,1,9.06,-3.76,0.0,0.0,24.41
2015-02-01,"Yangon, Myanmar",Yangon International Airport (VYYY),24.41,21.3,30.11,18.61,82.0,0.0,0,239.0,7.82,15.65,1009.9,491.0,4.0,9030.0,3,8.81,2.58,0.0,0.0,25.42
2015-02-02,"Yangon, Myanmar",Yangon International Airport (VYYY),25.42,21.55,28.84,22.29,76.0,0.0,0,182.0,5.85,6.65,1008.41,396.0,3.9,11016.0,1,7.28,-1.48,0.0,0.0,23.61
2015-02-03,"Yangon, Myanmar",Yangon International Airport (VYYY),23.61,19.7,28.29,21.29,75.3,0.0,0,168.0,8.22,8.62,1011.87,612.0,0.4,9470.0,1,8.6,3.46,0.0,0.0,24.84
2015-02-04,"Yangon, Myanmar",Yangon International Airport (VYYY),24.84,21.89,29.12,20.58,78.8,0.0,0,117.0,9.9,13.59,1011.18,429.0,3.3,9653.0,1,7.23,-0.69,0.0,0.0,25.3
2015-02-05,"Yangon, Myanmar",Yangon International Airport (VYYY),25.3,20.98,29.8,21.44,76.4,0.0,0,215.0,6.92,11.05,1014.69,643.0,2.0,9205.0,1,8.81,3.51,0.0,0.0,24.44
2015-02-06,"Yangon, Myanmar",Yangon International Airport (VYYY),24.44,20.77,30.29,20.2,83.1,0.0,0,153.0,7.73,9.66,1013.07,446.0,3.8,10266.0,1,9.53,-1.62,0.0,0.0,24.64
2015-02-07,"Yangon, Myanmar",Yangon International Airport (VYYY),24.64,21.35,29.56,21.32,67.7,0.0,0,215.0,10.13,12.19,1011.47,567.0,0.6,11076.0,1,8.21,-1.6,0.0,0.0,25.3
2015-02-08,"Yangon, Myanmar",Yangon International Airport (VYYY),25.3,21.64,29.88,23.78,75.5,25.71,0,229.0,11.6,13.73,1011.77,539.0,3.0,7358.0,8,8.24,0.3,25.71,25.71,25.59
2015-02-09,"Yangon, Myanmar",Yangon International Airport (VYYY),25.59,21.27,32.14,23.41,75.6,0.0,0,191.0,5.96,7.06,1009.0,436.0,0.4,9702.0,1,10.87,-2.76,25.71,25.71,25.13
2015-02-10,"Yangon, Myanmar",Yangon International Airport (VYYY),25.13,20.87,31.0,22.67,84.4,0.0,0,215.0,7.05,8.26,1015.54,359.0,2.8,8557.0,1,10.14,6.54,25.71,25.71,24.28
2015-02-11,"Yangon, Myanmar",Yangon International Airport (VYYY),24.28,20.27,28.87,21.04,80.3,0.0,0,228.0,7.17,7.21,1013.36,527.0,2.9,11943.0,1,8.6,-2.18,0.0,25.71,24.65
2015-02-12,"Yangon, Myanmar",Yangon International Airport (VYYY),24.65,21.24,29.45,20.8,84.4,0.0,0,227.0,10.29,,1011.22,518.0,1.0,12474.0,1,8.2,-2.14,0.0,25.71,24.29
2015-02-13,"Yangon, Myanmar",Yangon International Airport (VYYY),24.29,21.44,29.85,20.28,98.0,0.0,0,260.0,9.03,13.84,1011.35,442.0,0.9,10918.0,1,8.41,0.12,0.0,25.71,24.83
2015-02-14,"Yangon, Myanmar",Yangon International Airport (VYYY),24.83,22.26,29.83,23.33,88.6,0.0,0,220.0,7.53,8.54,1014.7,539.0,1.7,11172.0,1,7.57,3.36,0.0,25.71,24.9
2015-02-15,"Yangon, Myanmar",Yangon International Airport (VYYY),24.9,20.85,30.26,21.35,87.0,0.0,0,206.0,7.27,7.63,1013.7,588.0,2.5,10338.0,1,9.42,-1.0,0.0,0.0,22.12
2015-02-16,"Yangon, Myanmar",Yangon International Airport (VYYY),22.12,18.8,27.76,20.96,76.9,0.0,0,235.0,4.93,10.02,1010.05,552.0,1.1,11302.0,1,8.96,-3.65,0.0,0.0,26.03
2015-02-17,"Yangon, Myanmar",Yangon International Airport (VYYY),26.03,22.86,31.93,24.16,79.0,0.0,0,226.0,5.3,5.7,1012.71,528.0,1.6,9242.0,1,9.07,2.65,0.0,0.0,24.11
2015-02-18,"Yangon, Myanmar",Yangon International Airport (VYYY),24.11,20.89,28.81,20.78,79.0,0.0,0,195.0,8.98,11.96,1011.43,495.0,3.4,9293.0,1,7.92,-1.28,0.0,0.0,23.66
2015-02-19,"Yangon, Myanmar",Yangon International Airport (VYYY),23.66,20.58,28.75,20.0,82.2,0.0,0,213.0,6.67,11.39,1014.32,410.0,2.1,9994.0,1,8.17,2.89,0.0,0.0,24.78
2015-02-20,"Yangon, Myanmar",Yangon International Airport (VYYY),24.78,20.77,30.82,21.95,76.4,0.0,0,130.0,5.59,9.53,1012.33,487.0,2.7,8767.0,1,10.05,-1.99,0.0,0.0,24.2
2015-02-21,"Yangon, Myanmar",Yangon International Airport (VYYY),24.2,20.6,28.32,19.96,74.1,0.0,0,159.0,3.94,4.47,1015.75,444.0,3.6,7158.0,1,7.73,3.42,0.0,0.0,24.77
2015-02-22,"Yangon, Myanmar",Yangon International Airport (VYYY),24.77,21.49,29.94,20.03,84.9,0.0,0,203.0,8.18,12.65,1010.1,483.0,2.8,8309.0,1,8.44,-5.65,0.0,0.0,24.36
2015-02-23,"Yangon, Myanmar",Yangon International Airport (VYYY),24.36,21.2,28.26,21.35,80.8,0.0,0,230.0,5.75,5.97,1012.35,551.0,0.4,10026.0,1,7.05,2.24,0.0,0.0,25.44
2015-02-24,"Yangon, Myanmar",Yangon International Airport (VYYY),25.44,21.18,30.87,21.97,76.2,0.0,0,294.0,5.0,8.26,1013.97,303.0,1.0,7490.0,1,9.7,1.62,0.0,0.0,26.02
2015-02-25,"Yangon, Myanmar",Yangon International Airport (VYYY),26.02,21.69,31.75,23.32,80.7,0.0,0,224.0,6.83,10.86,1012.24,369.0,0.0,10527.0,1,10.06,-1.74,0.0,0.0,21.79
2015-02-26,"Yangon, Myanmar",Yangon International Airport (VYYY),21.79,17.39,27.17,19.88,84.4,0.0,0,214.0,4.61,6.82,1011.74,425.0,3.3,11586.0,1,9.78,-0.5,0.0,0.0,24.98
2015-02-27,"Yangon, Myanmar",Yangon International Airport (VYYY),24.98,21.3,29.8,22.04,73.5,0.0,0,175.0,8.4,8.96,1010.19,591.0,1.8,11248.0,1,8.5,-1.55,0.0,0.0,24.83
2015-02-28,"Yangon, Myanmar",Yangon International Airport (VYYY),24.83,20.48,29.07,22.64,75.7,0.0,0,179.0,7.54,10.54,1015.33,440.0,2.3,11155.0,1,8.58,5.14,0.0,0.0,24.22
2015-03-01,"Yangon, Myanmar",Yangon International Airport (VYYY),24.22,20.19,28.25,21.44,78.6,0.0,0,207.0,4.58,5.05,1012.32,573.0,2.3,10942.0,1,8.06,-3.01,0.0,0.0,24.84
2015-03-02,"Yangon, Myanmar",Yangon International Airport (VYYY),24.84,21.8,29.39,20.22,79.6,,0,221.0,7.63,11.12,1009.85,496.0,1.1,9329.0,1,7.59,-2.47,0.0,0.0,24.95
2015-03-03,"Yangon, Myanmar",Yangon International Airport (VYYY),24.95,20.46,30.53,22.92,83.2,0.0,0,163.0,7.83,15.98,1017.52,433.0,3.3,10089.0,1,10.07,7.68,0.0,0.0,26.66
2015-03-04,"Yangon, Myanmar",Yangon International Airport (VYYY),26.66,22.06,32.07,22.17,79.6,0.0,0,175.0,4.99,6.34,1011.2,498.0,2.5,10319.0,1,10.0,-6.33,0.0,0.0,24.24
2015-03-05,"Yangon, Myanmar",Yangon International Airport (VYYY),24.24,20.59,28.72,22.52,86.7,0.0,0,232.0,9.74,10.71,1009.95,539.0,1.6,10251.0,1,8.13,-1.25,0.0,0.0,24.89
2015-03-06,"Yangon, Myanmar",Yangon International Airport (VYYY),24.89,21.07,29.86,21.17,84.0,0.0,0,228.0,11.88,12.77,1013.79,649.0,,9266.0,1,8.79,3.85,0.0,0.0,25.72
2015-03-07,"Yangon, Myanmar",Yangon International Airport (VYYY),25.72,21.76,30.18,23.29,82.0,0.0,0,168.0,9.8,13.09,1012.4,522.0,,11132.0,1,8.42,-1.4,0.0,0.0,25.52
2015-03-08,"Yangon, Myanmar",Yangon International Airport (VYYY),25.52,21.15,30.41,21.15,77.7,0.0,0,163.0,3.83,12.91,1011.62,491.0,2.5,10948.0,1,9.26,-0.78,0.0,0.0,24.21
2015-03-09,"Yangon, Myanmar",Yangon International Airport (VYYY),24.21,20.56,28.28,21.64,74.4,0.0,0,303.0,8.36,14.27,1010.97,536.0,2.5,9149.0,1,7.73,-0.65,0.0,0.0,27.83
2015-03-10,"Yangon, Myanmar",Yangon International Airport (VYYY),27.83,23.97,32.04,24.56,74.5,0.0,0,176.0,7.74,9.34,1009.29,497.0,3.6,10491.0,1,8.07,-1.69,0.0,0.0,24.68
2015-03-11,"Yangon, Myanmar",Yangon International Airport (VYYY),24.68,21.02,30.09,21.2,75.0,0.0,0,231.0,7.26,11.77,1011.85,434.0,1.0,8198.0,1,9.07,2.57,0.0,0.0,23.89
2015-03-12,"Yangon, Myanmar",Yangon International Airport (VYYY),23.89,19.74,28.04,19.62,67.1,0.0,0,179.0,9.78,13.41,1009.8,367.0,2.0,9246.0,1,8.3,-2.05,0.0,0.0,23.88
2015-03-13,"Yangon, Myanmar",Yangon International Airport (VYYY),23.88,20.6,28.82,20.8,80.8,0.0,0,173.0,8.3,8.96,1011.51,531.0,1.7,9968.0,1,8.22,1.71,0.0,0.0,26.71
2015-03-14,"Yangon, Myanmar",Yangon International Airport (VYYY),26.71,23.17,30.88,22.51,73.7,10.72,0,212.0,9.47,15.13,1010.9,334.0,5.4,8594.0,8,7.7,-0.6,10.72,10.72,24.26
2015-03-15,"Yangon, Myanmar",Yangon International Airport (VYYY),24.26,20.41,29.59,21.11,86.8,0.0,0,154.0,4.65,5.08,1009.41,427.0,0.7,9703.0,1,9.18,-1.5,10.72,10.72,26.91
2015-03-16,"Yangon, Myanmar",Yangon International Airport (VYYY),26.91,22.99,32.03,24.45,80.6,0.0,0,264.0,6.91,7.42,1013.65,521.0,4.1,9796.0,3,9.04,4.24,10.72,10.72,25.45
2015-03-17,"Yangon, Myanmar",Yangon International Airport (VYYY),25.45,21.14,29.69,22.21,84.7,0.0,0,229.0,8.65,19.1,1016.01,434.0,2.1,9909.0,1,8.55,2.36,0.0,10.72,25.38
2015-03-18,"Yangon, Myanmar",Yangon International Airport (VYYY),25.38,22.24,30.65,21.85,79.7,0.0,0,194.0,9.24,11.45,1011.95,468.0,1.7,9348.0,1,8.41,-4.06,0.0,10.72,26.16
2015-03-19,"Yangon, Myanmar",Yangon International Airport (VYYY),26.16,22.45,29.93,23.55,72.3,0.0,0,212.0,4.51,8.73,1013.68,463.0,3.0,9343.0,1,7.48,1.72,0.0,10.72,25.45
2015-03-20,"Yangon, Myanmar",Yangon International Airport (VYYY),25.45,20.89,30.38,22.61,70.6,0.0,0,53.0,4.05,5.64,1012.85,536.0,0.7,9969.0,1,9.49,-0.82,0.0,10.72,26.55
2015-03-21,"Yangon, Myanmar",Yangon International Airport (VYYY),26.55,22.69,32.06,23.95,86.8,0.0,0,189.0,7.99,9.16,1011.79,408.0,3.5,10437.0,1,9.37,-1.06,0.0,0.0,26.75
2015-03-22,"Yangon, Myanmar",Yangon International Airport (VYYY),26.75,22.72,31.98,24.04,70.3,0.0,0,203.0,7.84,8.58,1012.22,529.0,4.3,8488.0,3,9.26,0.43,0.0,0.0,27.61
2015-03-23,"Yangon, Myanmar",Yangon International Airport (VYYY),27.61,23.62,32.99,24.4,75.0,0.0,0,188.0,5.92,15.22,1010.27,425.0,3.3,9630.0,1,9.38,-1.95,0.0,0.0,26.59
2015-03-24,"Yangon, Myanmar",Yangon International Airport (VYYY),26.59,22.66,30.93,24.95,78.8,0.0,0,225.0,4.86,8.92,1009.49,526.0,2.1,9910.0,1,8.27,-0.78,0.0,0.0,27.29
2015-03-25,"Yangon, Myanmar",Yangon International Airport (VYYY),27.29,23.69,32.0,22.66,74.5,0.0,0,294.0,9.29,9.78,1011.41,364.0,4.9,9681.0,3,8.31,1.92,0.0,0.0,24.97
2015-03-26,"Yangon, Myanmar",Yangon International Airport (VYYY),24.97,21.02,28.91,21.76,72.1,0.0,0,267.0,2.69,17.51,1007.75,409.0,3.1,9331.0,1,7.9,-3.65,0.0,0.0,24.61
2015-03-27,"Yangon, Myanmar",Yangon International Airport (VYYY),24.61,20.97,29.01,23.06,85.5,0.0,0,280.0,8.28,14.43,1013.15,387.0,2.1,9065.0,1,8.05,5.4,0.0,0.0,26.17
2015-03-28,"Yangon, Myanmar",Yangon International Airport (VYYY),26.17,23.0,30.97,22.43,76.6,2.01,0,260.0,11.05,13.72,1012.15,456.0,3.3,8967.0,7,7.97,-1.01,2.01,2.01,25.55
2015-03-29,"Yangon, Myanmar",Yangon International Airport (VYYY),25.55,21.7,31.1,21.67,85.8,0.0,0,190.0,8.09,9.85,1011.43,459.0,2.5,7074.0,1,9.41,-0.72,2.01,2.01,26.47
2015-03-30,"Yangon, Myanmar",Yangon International Airport (VYYY),26.47,22.08,30.58,22.96,87.9,0.0,0,207.0,8.59,9.12,1009.64,460.0,2.0,8133.0,1,8.5,-1.79,2.01,2.01,26.85
2015-03-31,"Yangon, Myanmar",Yangon International Airport (VYYY),26.85,23.87,30.66,23.79,80.7,0.0,0,252.0,11.54,15.01,1012.22,362.0,2.7,8988.0,1,6.79,2.58,0.0,2.01,27.98
2015-04-01,"Yangon, Myanmar",Yangon International Airport (VYYY),27.98,24.18,33.56,24.21,74.7,0.0,0,105.0,9.71,12.69,1008.79,439.0,3.7,,1,9.38,-3.42,0.0,2.01,28.35
2015-04-02,"Yangon, Myanmar",Yangon International Airport (VYYY),28.35,25.67,33.0,24.75,81.8,0.0,0,241.0,9.66,13.6,1011.2,435.0,5.7,8399.0,3,7.33,2.41,0.0,2.01,25.48
2015-04-03,"Yangon, Myanmar",Yangon International Airport (VYYY),25.48,21.44,29.7,22.16,82.8,13.59,0,110.0,8.37,11.21,1011.89,470.0,3.4,8718.0,8,8.26,0.69,13.59,15.61,24.85
2015-04-04,"Yangon, Myanmar",Yangon International Airport (VYYY),24.85,19.41,29.36,22.42,83.1,18.64,0,239.0,7.26,12.55,1014.03,502.0,4.6,8219.0,8,9.95,2.14,32.24,32.24,26.49
2015-04-05,"Yangon, Myanmar",Yangon International Airport (VYYY),26.49,22.73,30.99,23.94,82.5,0.0,0,163.0,7.33,9.05,1007.33,378.0,4.6,8159.0,3,8.26,-6.7,32.24,32.24,27.64
2015-04-06,"Yangon, Myanmar",Yangon International Airport (VYYY),27.64,23.56,32.06,24.87,89.1,0.0,0,262.0,12.09,13.53,1011.77,272.0,4.0,8770.0,1,8.49,4.43,18.64,32.24,27.48
2015-04-07,"Yangon, Myanmar",Yangon International Airport (VYYY),27.48,24.16,31.88,24.11,78.2,29.7,0,206.0,8.39,12.65,1008.27,323.0,3.0,4743.0,8,7.72,-3.5,29.7,61.94,26.24
2015-04-08,"Yangon, Myanmar",Yangon International Airport (VYYY),26.24,22.18,31.46,21.89,78.9,0.0,0,160.0,6.31,7.51,1011.81,456.0,2.8,8306.0,1,9.28,3.54,29.7,61.94,27.03
2015-04-09,"Yangon, Myanmar",Yangon International Airport (VYYY),27.03,23.52,31.26,23.79,80.9,17.88,0,179.0,6.96,7.7,1013.56,403.0,3.2,7318.0,8,7.73,1.76,47.58,79.82,25.73
2015-04-10,"Yangon, Myanmar",Yangon International Airport (VYYY),25.73,22.09,30.99,22.79,81.4,0.0,0,260.0,7.11,8.11,1009.64,504.0,4.8,9206.0,3,8.9,-3.92,17.88,66.23,28.32
2015-04-11,"Yangon, Myanmar",Yangon International Airport (VYYY),28.32,23.92,33.72,24.15,76.0,2.72,0,258.0,7.94,11.22,1010.36,249.0,2.5,7753.0,7,9.8,0.72,20.6,50.31,27.77
2015-04-12,"Yangon, Myanmar",Yangon International Airport (VYYY),27.77,24.57,32.08,26.16,69.3,0.0,0,198.0,10.69,10.84,1007.05,348.0,2.9,7245.0,1,7.51,-3.31,2.72,50.31,26.19
2015-04-13,"Yangon, Myanmar",Yangon International Airport (VYYY),26.19,22.53,30.79,24.26,90.8,0.0,0,274.0,,5.88,1008.75,342.0,2.6,7710.0,1,8.26,1.7,2.72,50.31,26.3
2015-04-14,"Yangon, Myanmar",Yangon International Airport (VYYY),26.3,23.28,31.42,24.03,78.8,0.0,0,179.0,5.06,9.02,1009.99,380.0,4.3,8009.0,3,8.14,1.24,0.0,20.6,27.28
2015-04-15,"Yangon, Myanmar",Yangon International Airport (VYYY),27.28,23.02,31.94,25.09,75.9,21.13,0,248.0,9.44,10.61,1008.7,282.0,5.0,4819.0,8,8.93,-1.29,21.13,41.73,29.27
2015-04-16,"Yangon, Myanmar",Yangon International Airport (VYYY),29.27,25.42,33.87,24.91,87.2,0.0,0,161.0,7.39,10.19,1007.9,211.0,5.5,9466.0,3,8.44,-0.81,21.13,23.85,26.84
2015-04-17,"Yangon, Myanmar",Yangon International Airport (VYYY),26.84,22.85,32.49,22.93,77.4,0.0,0,201.0,7.09,11.29,1009.88,271.0,5.2,8393.0,3,9.64,1.98,21.13,23.85,27.34
2015-04-18,"Yangon, Myanmar",Yangon International Airport (VYYY),27.34,24.08,32.4,23.52,75.6,0.0,0,171.0,8.64,11.99,1012.53,,4.0,8553.0,3,8.32,2.65,0.0,21.13,27.05
2015-04-19,"Yangon, Myanmar",Yangon International Airport (VYYY),27.05,23.56,31.21,25.23,85.0,0.0,0,275.0,9.35,9.95,1009.64,268.0,5.2,8435.0,3,7.65,-2.89,0.0,21.13,27.05
2015-04-20,"Yangon, Myanmar",Yangon International Airport (VYYY),27.05,23.07,30.86,25.16,81.4,14.4,0,248.0,5.46,7.5,1008.94,400.0,5.2,6259.0,8,7.79,-0.69,14.4,35.53,27.6
2015-04-21,"Yangon, Myanmar",Yangon International Airport (VYYY),27.6,23.96,33.39,23.9,81.3,5.35,0,199.0,7.58,10.68,1009.24,435.0,7.0,6806.0,7,9.43,0.29,19.75,40.88,26.68
2015-04-22,"Yangon, Myanmar",Yangon International Airport (VYYY),26.68,22.02,31.39,22.0,81.7,7.8,0,277.0,7.62,7.82,1011.4,160.0,5.6,6466.0,7,9.38,2.16,27.55,27.55,27.76
2015-04-23,"Yangon, Myanmar",Yangon International Airport (VYYY),27.76,23.99,32.42,24.64,83.4,0.0,0,162.0,5.96,6.91,1010.5,406.0,6.6,7417.0,4,8.42,-0.91,13.15,27.55,27.52
2015-04-24,"Yangon, Myanmar",Yangon International Airport (VYYY),27.52,22.82,32.07,24.27,85.9,24.52,0,224.0,9.02,12.28,1008.73,347.0,6.1,3910.0,8,9.25,-1.77,32.32,52.07,27.29
2015-04-25,"Yangon, Myanmar",Yangon International Airport (VYYY),27.29,23.62,32.66,24.32,89.7,0.0,0,177.0,7.9,8.96,1011.62,297.0,4.8,7874.0,3,9.04,2.89,24.52,52.07,29.42
2015-04-26,"Yangon, Myanmar",Yangon International Airport (VYYY),29.42,25.45,33.75,25.98,81.3,0.0,0,268.0,8.54,8.85,1008.82,259.0,4.5,6582.0,3,8.3,-2.8,24.52,52.07,28.85
2015-04-27,"Yangon, Myanmar",Yangon International Airport (VYYY),28.85,24.59,33.07,28.54,78.7,15.32,0,212.0,7.66,8.73,1006.18,374.0,7.7,5697.0,8,8.49,-2.63,15.32,52.99,26.39
2015-04-28,"Yangon, Myanmar",Yangon International Airport (VYYY),26.39,22.72,31.51,22.72,73.3,12.96,0,235.0,11.33,12.23,1008.08,319.0,4.0,4969.0,8,8.79,1.9,28.28,60.6,27.75
2015-04-29,"Yangon, Myanmar",Yangon International Airport (VYYY),27.75,23.87,33.08,24.16,79.3,35.17,0,268.0,7.25,7.27,1008.85,258.0,5.7,2360.0,25,9.21,0.76,63.45,87.97,27.89
2015-04-30,"Yangon, Myanmar",Yangon International Airport (VYYY),27.89,23.92,32.89,25.1,80.2,1.45,0,260.0,9.33,10.09,1012.4,267.0,6.2,7382.0,7,8.97,3.55,49.58,89.42,29.6
2015-05-01,"Yangon, Myanmar",Yangon International Airport (VYYY),29.6,25.65,33.73,26.47,92.4,6.85,0,262.0,7.27,7.35,1010.5,310.0,6.4,4525.0,7,8.08,-1.9,43.47,71.74,29.6
2015-05-02,"Yangon, Myanmar",Yangon International Airport (VYYY),29.6,25.87,34.28,24.37,87.4,29.53,0,265.0,7.87,9.71,1010.01,174.0,6.3,3017.0,8,8.41,-0.49,37.83,101.28,27.97
2015-05-03,"Yangon, Myanmar",Yangon International Airport (VYYY),27.97,23.59,32.4,24.78,77.6,0.0,0,248.0,8.87,10.13,1009.01,235.0,6.0,8610.0,3,8.82,-0.99,36.38,101.28,29.32
2015-05-04,"Yangon, Myanmar",Yangon International Airport (VYYY),29.32,25.52,34.13,27.55,82.6,0.0,0,284.0,6.69,9.85,1011.02,92.0,6.7,6729.0,4,8.61,2.01,29.53,85.96,29.07
2015-05-05,"Yangon, Myanmar",Yangon International Airport (VYYY),29.07,25.35,34.76,25.44,86.1,0.0,0,217.0,9.15,9.33,1006.81,26.0,7.4,5973.0,4,9.41,-4.21,0.0,73.0,28.16
2015-05-06,"Yangon, Myanmar",Yangon International Airport (VYYY),28.16,23.96,31.87,26.81,,22.74,0,217.0,6.83,7.94,1011.0,251.0,6.3,3337.0,8,7.91,4.19,22.74,60.56,28.71
2015-05-07,"Yangon, Myanmar",Yangon International Airport (VYYY),28.71,25.58,33.89,25.63,87.6,10.81,0,227.0,12.33,21.77,1010.74,313.0,7.1,7105.0,8,8.31,-0.25,33.55,69.93,29.64
2015-05-08,"Yangon, Myanmar",Yangon International Airport (VYYY),29.64,25.02,34.84,26.52,85.7,0.0,0,218.0,12.38,12.42,1005.08,236.0,6.0,6880.0,3,9.82,-5.67,33.55,63.09,30.92
2015-05-09,"Yangon, Myanmar",Yangon International Airport (VYYY),30.92,27.52,35.91,27.12,91.0,9.99,0,262.0,,8.89,1011.34,131.0,5.4,5945.0,7,8.39,6.26,20.8,43.54,29.41
2015-05-10,"Yangon, Myanmar",Yangon International Airport (VYYY),29.41,25.52,34.05,27.46,86.0,13.23,0,218.0,5.29,7.27,1009.09,293.0,5.1,5405.0,8,8.53,-2.25,23.22,56.77,30.1
2015-05-11,"Yangon, Myanmar",Yangon International Airport (VYYY),30.1,25.79,35.77,27.51,90.9,0.0,0,210.0,5.88,7.31,1009.95,195.0,6.4,5965.0,4,9.98,0.86,23.22,56.77,28.71
2015-05-12,"Yangon, Myanmar",Yangon International Airport (VYYY),28.71,25.2,33.96,24.65,90.7,16.15,0,274.0,7.58,13.1,1011.41,352.0,5.0,4921.0,8,8.76,1.46,29.38,72.92,27.6
2015-05-13,"Yangon, Myanmar",Yangon International Airport (VYYY),27.6,24.73,32.99,22.13,83.9,6.02,0,201.0,12.38,12.71,1006.43,176.0,5.8,5772.0,7,8.25,-4.98,22.16,56.2,27.15
2015-05-14,"Yangon, Myanmar",Yangon International Airport (VYYY),27.15,23.21,31.52,23.44,89.2,0.0,0,268.0,9.74,10.43,1009.51,285.0,7.2,,4,8.31,3.08,22.16,45.39,28.68
2015-05-15,"Yangon, Myanmar",Yangon International Airport (VYYY),28.68,24.61,34.14,24.79,80.8,0.0,0,250.0,7.81,10.18,1009.96,309.0,5.8,5866.0,3,9.53,0.45,6.02,45.39,29.54
2015-05-16,"Yangon, Myanmar",Yangon International Airport (VYYY),29.54,25.64,34.13,24.97,91.8,39.62,0,224.0,8.27,14.08,1005.82,191.0,6.8,2558.0,25,8.49,-4.14,39.62,75.01,26.79
2015-05-17,"Yangon, Myanmar",Yangon International Airport (VYYY),26.79,23.82,33.01,23.12,89.2,0.0,0,329.0,10.75,10.85,1010.66,190.0,5.9,,3,9.19,4.84,39.62,61.78,27.16
2015-05-18,"Yangon, Myanmar",Yangon International Airport (VYYY),27.16,23.41,32.38,26.13,86.8,21.13,0,248.0,8.81,9.16,1008.5,275.0,8.0,3323.0,8,8.97,-2.16,60.75,82.91,29.6
2015-05-19,"Yangon, Myanmar",Yangon International Airport (VYYY),29.6,27.04,35.18,27.57,83.1,0.0,0,180.0,11.37,12.35,1007.51,106.0,4.9,6320.0,3,8.13,-0.99,21.13,66.76,28.74
2015-05-20,"Yangon, Myanmar",Yangon International Airport (VYYY),28.74,25.32,33.5,25.91,79.7,9.19,0,332.0,7.55,13.92,1008.48,139.0,6.4,5088.0,7,8.18,0.97,30.32,69.94,28.41
2015-05-21,"Yangon, Myanmar",Yangon International Airport (VYYY),28.41,24.67,33.35,25.96,80.9,0.0,0,272.0,10.21,10.32,1008.7,80.0,5.2,5615.0,3,8.68,0.22,9.19,69.94,28.13
2015-05-22,"Yangon, Myanmar",Yangon International Airport (VYYY),28.13,24.34,32.89,25.71,91.4,6.75,0,261.0,10.03,14.43,1006.83,134.0,7.7,5286.0,7,8.55,-1.87,15.94,76.68,28.85
2015-05-23,"Yangon, Myanmar",Yangon International Airport (VYYY),28.85,25.55,33.33,26.58,90.7,15.47,0,231.0,11.78,12.63,1010.75,257.0,5.5,3928.0,8,7.78,3.91,22.21,52.54,29.27
2015-05-24,"Yangon, Myanmar",Yangon International Airport (VYYY),29.27,24.76,35.3,26.83,86.3,0.0,0,257.0,7.69,8.52,1008.77,77.0,7.8,6661.0,4,10.54,-1.98,22.21,52.54,29.3
2015-05-25,"Yangon, Myanmar",Yangon International Airport (VYYY),29.3,25.09,34.61,26.96,87.5,16.0,0,170.0,10.97,16.24,1008.78,183.0,6.8,3691.0,8,9.52,0.02,31.46,47.4,31.09
2015-05-26,"Yangon, Myanmar",Yangon International Airport (VYYY),31.09,27.19,35.55,29.35,79.5,0.0,0,226.0,8.85,11.03,1005.73,224.0,6.7,5951.0,4,8.35,-3.05,16.0,47.4,27.53
2015-05-27,"Yangon, Myanmar",Yangon International Airport (VYYY),27.53,24.03,31.99,23.27,81.6,6.18,0,327.0,8.46,8.47,1007.02,185.0,7.2,5930.0,7,7.96,1.28,22.18,44.39,32.07
2015-05-28,"Yangon, Myanmar",Yangon International Airport (VYYY),32.07,28.23,36.48,29.8,79.4,3.38,0,237.0,10.85,12.74,1007.5,124.0,8.0,6419.0,7,8.25,0.48,9.56,47.77,29.01
2015-05-29,"Yangon, Myanmar",Yangon International Airport (VYYY),29.01,25.63,33.1,25.47,87.9,8.66,0,352.0,9.97,11.03,1005.89,201.0,6.6,4940.0,7,7.47,-1.61,18.22,49.68,30.0
2015-05-30,"Yangon, Myanmar",Yangon International Airport (VYYY),30.0,26.11,34.52,26.15,90.5,9.2,0,322.0,5.6,9.95,1008.59,198.0,7.8,3760.0,7,8.41,2.7,21.24,43.41,29.44
2015-05-31,"Yangon, Myanmar",Yangon International Airport (VYYY),29.44,25.78,34.07,27.66,91.8,0.0,0,235.0,8.38,9.08,1007.78,309.0,6.3,5383.0,4,8.29,-0.81,17.86,43.41,28.78
2015-06-01,"Yangon, Myanmar",Yangon International Airport (VYYY),28.78,24.38,33.21,25.89,83.7,11.69,0,237.0,7.16,14.85,1005.28,64.0,6.1,5511.0,8,8.83,-2.51,20.89,39.11,28.89
2015-06-02,"Yangon, Myanmar",Yangon International Airport (VYYY),28.89,25.94,33.74,24.35,91.9,0.0,0,277.0,8.31,10.83,1011.35,153.0,7.0,6503.0,4,7.8,6.07,11.69,39.11,27.94
2015-06-03,"Yangon, Myanmar",Yangon International Airport (VYYY),27.94,24.61,32.69,24.9,86.8,3.99,0,215.0,12.05,12.74,1009.82,269.0,6.7,5585.0,7,8.08,-1.53,15.68,36.91,31.08
2015-06-04,"Yangon, Myanmar",Yangon International Airport (VYYY),31.08,27.28,36.04,28.47,88.7,7.8,0,272.0,8.84,9.13,1004.79,182.0,8.0,3343.0,7,8.76,-5.03,11.78,41.33,29.6
2015-06-05,"Yangon, Myanmar",Yangon International Airport (VYYY),29.6,26.11,34.36,27.24,83.7,21.34,0,209.0,7.78,17.0,1008.41,84.0,7.4,3031.0,8,8.25,3.61,33.13,54.02,29.91
2015-06-06,"Yangon, Myanmar",Yangon International Airport (VYYY),29.91,26.77,34.96,26.54,80.3,0.0,0,245.0,10.55,17.44,1008.36,194.0,8.0,6107.0,4,8.19,-0.05,29.14,44.82,30.01
2015-06-07,"Yangon, Myanmar",Yangon International Airport (VYYY),30.01,26.37,34.99,27.94,84.5,16.61,0,227.0,7.35,13.37,1006.65,88.0,6.8,4719.0,8,8.62,-1.71,37.96,61.43,31.39
2015-06-08,"Yangon, Myanmar",Yangon International Airport (VYYY),31.39,27.18,36.18,29.84,93.6,26.46,0,268.0,9.2,11.03,1008.07,218.0,7.3,3098.0,8,9.0,1.43,43.08,76.21,30.14
2015-06-09,"Yangon, Myanmar",Yangon International Airport (VYYY),30.14,25.3,34.55,25.93,80.5,0.0,0,298.0,11.68,16.67,1005.0,346.0,,6406.0,4,9.25,-3.08,43.08,76.21,29.93
2015-06-10,"Yangon, Myanmar",Yangon International Airport (VYYY),29.93,26.25,34.59,25.57,80.3,0.0,0,306.0,12.45,15.32,1006.18,205.0,6.0,7812.0,4,8.34,1.18,26.46,72.22,29.54
2015-06-11,"Yangon, Myanmar",Yangon International Airport (VYYY),29.54,25.48,34.45,27.31,82.5,0.0,0,255.0,10.6,15.7,1007.91,147.0,6.9,6730.0,4,8.97,1.73,0.0,64.42,28.15
2015-06-12,"Yangon, Myanmar",Yangon International Airport (VYYY),28.15,25.24,32.82,26.2,84.6,33.39,0,128.0,11.51,16.77,1007.65,142.0,8.0,4197.0,25,7.58,-0.26,33.39,76.47,30.77
2015-06-13,"Yangon, Myanmar",Yangon International Airport (VYYY),30.77,26.49,36.96,27.82,91.0,2.03,0,240.0,9.81,12.8,1007.64,121.0,,4601.0,7,10.46,-0.01,35.42,78.5,29.16
2015-06-14,"Yangon, Myanmar",Yangon International Airport (VYYY),29.16,24.46,33.2,26.31,89.2,0.0,0,202.0,10.21,10.83,1007.64,219.0,7.3,4749.0,4,8.74,0.01,35.42,61.89,28.2
2015-06-15,"Yangon, Myanmar",Yangon International Airport (VYYY),28.2,25.02,33.33,22.97,93.8,50.83,0,165.0,6.47,8.02,1011.42,116.0,7.8,500.0,25,8.31,3.77,52.86,86.25,27.53
2015-06-16,"Yangon, Myanmar",Yangon International Airport (VYYY),27.53,24.33,31.97,24.56,82.5,0.0,0,195.0,11.12,19.0,1009.57,279.0,5.2,6625.0,3,7.64,-1.84,50.83,86.25,28.83
2015-06-17,"Yangon, Myanmar",Yangon International Airport (VYYY),28.83,24.14,33.69,28.55,84.6,10.68,0,272.0,9.81,11.38,1008.73,150.0,5.5,4602.0,8,9.55,-0.85,61.52,96.94,30.1
2015-06-18,"Yangon, Myanmar",Yangon International Airport (VYYY),30.1,26.64,34.06,26.8,92.5,,0,219.0,10.05,10.68,1006.96,197.0,5.2,6099.0,3,7.43,-1.77,10.68,96.94,31.06
2015-06-19,"Yangon, Myanmar",Yangon International Airport (VYYY),31.06,27.46,36.21,28.05,80.4,0.0,0,236.0,10.38,13.35,1007.35,189.0,6.0,4587.0,4,8.75,0.4,10.68,63.54,30.19
2015-06-20,"Yangon, Myanmar",Yangon International Airport (VYYY),30.19,26.52,34.38,29.17,88.6,5.71,0,257.0,10.78,11.07,1007.23,162.0,8.0,6160.0,7,7.86,-0.12,5.71,67.22,29.13
2015-06-21,"Yangon, Myanmar",Yangon International Airport (VYYY),29.13,25.54,34.53,26.93,89.9,9.95,0,227.0,6.56,9.07,1010.72,,6.7,5886.0,7,8.99,3.48,15.66,77.18,30.75
2015-06-22,"Yangon, Myanmar",Yangon International Airport (VYYY),30.75,26.67,36.21,27.69,75.1,6.56,0,196.0,11.2,14.4,1002.68,175.0,5.6,5864.0,7,9.53,-8.04,22.22,32.9,29.8
2015-06-23,"Yangon, Myanmar",Yangon International Airport (VYYY),29.8,24.87,34.04,27.08,75.5,12.92,0,191.0,8.72,12.65,1007.47,218.0,6.5,6377.0,8,9.16,4.8,29.43,45.82,30.27
2015-06-24,"Yangon, Myanmar",Yangon International Airport (VYYY),30.27,26.14,35.11,28.57,79.7,0.0,0,314.0,9.72,17.52,1010.48,176.0,7.6,5873.0,4,8.97,3.01,19.48,35.14,29.28
2015-06-25,"Yangon, Myanmar",Yangon International Airport (VYYY),29.28,24.89,35.15,26.59,81.7,8.69,0,264.0,8.23,10.32,1009.08,336.0,8.0,3789.0,7,10.26,-1.4,21.61,43.83,29.61
2015-06-26,"Yangon, Myanmar",Yangon International Airport (VYYY),29.61,25.08,34.44,27.55,80.7,0.0,0,169.0,8.42,9.96,1007.57,244.0,7.2,6399.0,4,9.36,-1.51,8.69,43.83,31.75
2015-06-27,"Yangon, Myanmar",Yangon International Airport (VYYY),31.75,27.16,37.14,28.62,86.6,0.0,0,248.0,11.4,12.72,1006.87,265.0,6.7,6783.0,4,9.97,-0.71,8.69,38.12,30.88
2015-06-28,"Yangon, Myanmar",Yangon International Airport (VYYY),30.88,26.1,35.63,28.13,85.1,23.33,0,298.0,9.07,16.55,1012.18,196.0,8.0,3586.0,8,9.52,5.31,23.33,51.5,30.46
2015-06-29,"Yangon, Myanmar",Yangon International Airport (VYYY),30.46,25.68,35.15,28.46,80.3,0.0,0,260.0,10.55,12.44,1004.68,66.0,8.0,5809.0,4,9.47,-7.5,23.33,44.94,29.15
2015-06-30,"Yangon, Myanmar",Yangon International Airport (VYYY),29.15,25.27,33.78,26.14,88.0,0.0,0,166.0,11.87,16.38,1007.55,314.0,7.5,5368.0,4,8.51,2.87,23.33,32.02,29.88
2015-07-01,"Yangon, Myanmar",Yangon International Airport (VYYY),29.88,26.26,35.43,26.3,82.5,0.0,0,178.0,7.21,9.27,1007.25,337.0,7.0,6771.0,4,9.17,-0.31,0.0,32.02,31.38
2015-07-02,"Yangon, Myanmar",Yangon International Airport (VYYY),31.38,26.76,35.6,28.07,83.4,0.0,0,220.0,9.17,10.78,1006.89,327.0,7.4,5637.0,4,8.85,-0.36,0.0,23.33,28.45
2015-07-03,"Yangon, Myanmar",Yangon International Airport (VYYY),28.45,24.39,33.92,25.48,86.4,0.0,0,221.0,6.63,11.9,1005.22,238.0,7.6,6388.0,4,9.54,-1.67,0.0,23.33,29.55
2015-07-04,"Yangon, Myanmar",Yangon International Airport (VYYY),29.55,26.8,33.65,26.72,79.9,32.07,0,220.0,11.29,13.24,1007.0,174.0,6.0,880.0,25,6.85,1.78,32.07,55.4,31.64
2015-07-05,"Yangon, Myanmar",Yangon International Airport (VYYY),31.64,27.46,38.15,27.61,80.4,11.12,0,265.0,7.31,8.03,1008.66,342.0,7.1,5899.0,8,10.69,1.66,43.19,43.19,28.73
2015-07-06,"Yangon, Myanmar",Yangon International Airport (VYYY),28.73,25.42,32.87,26.0,84.8,1.4,0,243.0,3.88,4.95,1004.83,220.0,5.6,6050.0,7,7.45,-3.83,44.59,44.59,29.83
2015-07-07,"Yangon, Myanmar",Yangon International Airport (VYYY),29.83,26.29,35.02,25.89,81.1,37.8,0,288.0,11.38,,1007.74,130.0,5.2,3310.0,25,8.73,2.91,50.32,82.39,30.33
2015-07-08,"Yangon, Myanmar",Yangon International Airport (VYYY),30.33,26.05,33.97,27.44,88.6,9.37,0,214.0,7.11,8.35,1011.99,111.0,5.5,4845.0,7,7.92,4.24,48.57,91.76,30.76
2015-07-09,"Yangon, Myanmar",Yangon International Airport (VYYY),30.76,26.59,34.74,28.22,83.7,0.0,0,308.0,6.61,8.89,1002.22,259.0,6.8,6819.0,4,8.15,-9.77,47.17,91.76,29.47
2015-07-10,"Yangon, Myanmar",Yangon International Airport (VYYY),29.47,25.43,34.64,26.64,79.1,0.0,0,307.0,11.18,17.84,1001.87,199.0,8.0,6945.0,4,9.22,-0.35,9.37,91.76,29.42
2015-07-11,"Yangon, Myanmar",Yangon International Airport (VYYY),29.42,25.24,34.55,28.31,81.8,0.0,0,249.0,9.34,11.6,1007.97,264.0,6.4,6164.0,4,9.31,6.1,0.0,59.69,28.67
2015-07-12,"Yangon, Myanmar",Yangon International Airport (VYYY),28.67,24.85,32.48,26.29,77.5,0.0,0,311.0,7.38,12.91,1007.27,227.0,8.0,5889.0,4,7.63,-0.7,0.0,48.57,30.02
2015-07-13,"Yangon, Myanmar",Yangon International Airport (VYYY),30.02,26.6,35.3,26.68,80.4,0.0,0,230.0,9.38,13.25,1009.61,294.0,7.6,6192.0,4,8.7,2.34,0.0,47.17,30.2
2015-07-14,"Yangon, Myanmar",Yangon International Airport (VYYY),30.2,25.59,34.57,25.82,85.4,0.0,0,243.0,8.89,9.69,1006.63,299.0,6.2,6310.0,4,8.99,-2.98,0.0,9.37,29.09
2015-07-15,"Yangon, Myanmar",Yangon International Airport (VYYY),29.09,24.83,33.41,27.2,87.7,2.19,0,239.0,8.21,12.45,,131.0,5.3,6751.0,7,8.57,2.77,2.19,2.19,32.18
2015-07-16,"Yangon, Myanmar",Yangon International Airport (VYYY),32.18,28.59,37.72,27.68,86.2,9.55,0,255.0,8.38,9.01,1012.08,276.0,6.1,4547.0,7,9.13,2.68,11.75,11.75,29.39
2015-07-17,"Yangon, Myanmar",Yangon International Airport (VYYY),29.39,24.87,34.64,26.23,78.9,0.0,0,262.0,8.19,8.34,1007.76,244.0,5.1,6337.0,3,9.77,-4.33,11.75,11.75,30.69
2015-07-18,"Yangon, Myanmar",Yangon International Airport (VYYY),30.69,27.17,35.45,27.12,85.7,14.13,0,191.0,9.17,10.61,1007.02,164.0,6.7,3541.0,8,8.29,-0.74,23.68,25.87,29.38
2015-07-19,"Yangon, Myanmar",Yangon International Airport (VYYY),29.38,23.95,34.18,25.62,94.1,22.42,0,253.0,9.23,10.17,1006.79,246.0,5.3,3571.0,8,10.23,-0.22,36.54,48.29,28.88
2015-07-20,"Yangon, Myanmar",Yangon International Airport (VYYY),28.88,24.62,34.07,28.12,77.4,7.8,0,212.0,10.88,11.21,1006.33,401.0,4.1,6922.0,7,9.45,-0.47,44.34,56.09,31.02
2015-07-21,"Yangon, Myanmar",Yangon International Airport (VYYY),31.02,27.18,35.08,27.44,91.4,31.7,0,251.0,11.34,17.96,1007.94,152.0,4.8,4381.0,25,7.89,1.61,61.92,87.79,30.11
2015-07-22,"Yangon, Myanmar",Yangon International Airport (VYYY),30.11,27.23,35.85,27.42,74.0,2.76,0,279.0,6.0,9.75,1006.47,,5.1,5966.0,7,8.63,-1.47,42.27,88.36,32.21
2015-07-23,"Yangon, Myanmar",Yangon International Airport (VYYY),32.21,29.07,37.66,29.15,77.4,0.0,0,261.0,14.15,17.15,1007.2,4.0,6.7,6162.0,4,8.6,0.73,34.47,78.81,29.89
2015-07-24,"Yangon, Myanmar",Yangon International Airport (VYYY),29.89,26.47,35.03,27.15,83.5,0.0,0,182.0,9.44,9.76,1006.82,151.0,6.3,6985.0,4,8.56,-0.38,2.76,78.81,30.09
2015-07-25,"Yangon, Myanmar",Yangon International Airport (VYYY),30.09,26.32,36.2,27.66,74.7,6.04,0,168.0,6.67,7.96,1006.85,275.0,7.5,6131.0,7,9.88,0.03,6.04,70.72,29.45
2015-07-26,"Yangon, Myanmar",Yangon International Airport (VYYY),29.45,26.3,34.86,26.28,83.1,2.3,0,221.0,9.36,12.35,1009.72,169.0,6.7,5982.0,7,8.56,2.88,8.33,50.6,30.77
2015-07-27,"Yangon, Myanmar",Yangon International Airport (VYYY),30.77,26.46,35.77,29.6,88.7,0.0,0,228.0,8.05,10.99,1008.67,327.0,6.5,6505.0,4,9.3,-1.05,8.33,42.8,31.02
2015-07-28,"Yangon, Myanmar",Yangon International Airport (VYYY),31.02,27.83,35.72,27.89,76.9,0.72,0,253.0,6.61,6.98,1006.17,143.0,4.2,6691.0,7,7.89,-2.5,3.01,11.81,29.89
2015-07-29,"Yangon, Myanmar",Yangon International Airport (VYYY),29.89,26.06,35.05,29.48,85.5,0.0,0,283.0,8.05,9.1,1010.73,245.0,6.7,6999.0,4,8.99,4.57,0.72,9.05,29.79
2015-07-30,"Yangon, Myanmar",Yangon International Airport (VYYY),29.79,26.24,34.37,26.61,80.2,14.14,0,302.0,5.72,6.98,1006.85,395.0,4.3,4931.0,8,8.13,-3.88,14.85,23.19,30.82
2015-07-31,"Yangon, Myanmar",Yangon International Airport (VYYY),30.82,27.01,35.18,28.23,80.8,10.27,0,179.0,7.25,11.58,1006.37,308.0,4.5,4867.0,8,8.17,-0.49,24.4,33.45,31.67
2015-08-01,"Yangon, Myanmar",Yangon International Airport (VYYY),31.67,27.16,36.93,28.96,78.3,0.34,0,177.0,4.75,7.87,1010.79,397.0,4.8,7893.0,7,9.77,4.42,24.74,27.76,29.74
2015-08-02,"Yangon, Myanmar",Yangon International Airport (VYYY),29.74,25.97,33.62,25.19,80.4,5.21,0,216.0,8.48,10.92,1009.28,258.0,7.1,4598.0,7,7.65,-1.51,15.82,30.67,30.02
2015-08-03,"Yangon, Myanmar",Yangon International Airport (VYYY),30.02,26.19,34.06,27.46,76.6,0.0,0,199.0,9.97,10.29,1009.85,376.0,6.0,5719.0,4,7.87,0.57,5.55,30.67,29.74
2015-08-04,"Yangon, Myanmar",Yangon International Airport (VYYY),29.74,26.03,35.29,25.23,81.7,0.0,0,233.0,7.77,12.61,1007.05,316.0,3.5,6361.0,1,9.26,-2.8,5.21,29.95,29.17
2015-08-05,"Yangon, Myanmar",Yangon International Airport (VYYY),29.17,25.09,34.41,26.2,78.7,12.05,0,304.0,6.53,9.54,1012.49,240.0,6.0,6221.0,8,9.32,5.44,12.05,42.0,29.36
2015-08-06,"Yangon, Myanmar",Yangon International Airport (VYYY),29.36,25.31,34.82,26.65,82.0,0.0,0,133.0,11.04,12.84,,371.0,4.3,6047.0,3,9.51,-3.32,12.05,27.87,30.61
2015-08-07,"Yangon, Myanmar",Yangon International Airport (VYYY),30.61,27.41,34.28,26.91,78.0,0.0,0,227.0,9.77,9.97,1005.74,302.0,5.3,8290.0,3,6.87,-3.43,12.05,17.6,30.8
2015-08-08,"Yangon, Myanmar",Yangon International Airport (VYYY),30.8,26.11,34.2,27.41,,0.0,0,284.0,6.33,6.79,1006.13,112.0,5.9,5497.0,3,8.09,0.39,0.0,17.26,30.15
2015-08-09,"Yangon, Myanmar",Yangon International Airport (VYYY),30.15,26.01,34.81,28.26,72.5,11.69,0,222.0,5.73,8.72,1007.98,307.0,4.2,7700.0,8,8.8,1.85,11.69,23.74,29.44
2015-08-10,"Yangon, Myanmar",Yangon International Airport (VYYY),29.44,25.2,33.94,27.32,77.0,0.0,0,226.0,7.29,9.08,1005.74,399.0,5.3,9317.0,3,8.74,-2.25,11.69,23.74,29.59
2015-08-11,"Yangon, Myanmar",Yangon International Airport (VYYY),29.59,26.11,34.2,24.3,79.2,0.0,0,218.0,9.62,11.1,1008.88,487.0,3.2,6773.0,1,8.09,3.14,11.69,23.74,30.14
2015-08-12,"Yangon, Myanmar",Yangon International Airport (VYYY),30.14,26.78,35.24,27.47,75.7,0.0,0,225.0,8.69,11.38,1009.4,416.0,4.2,7649.0,3,8.46,0.52,0.0,11.69,31.01
2015-08-13,"Yangon, Myanmar",Yangon International Airport (VYYY),31.01,27.33,35.99,28.1,77.0,5.93,0,250.0,10.32,10.35,1008.92,369.0,4.5,5931.0,7,8.65,-0.48,5.93,17.62,28.61
2015-08-14,"Yangon, Myanmar",Yangon International Airport (VYYY),28.61,23.49,32.96,24.18,78.3,0.0,0,169.0,9.13,9.98,1002.12,349.0,5.2,8993.0,3,9.47,-6.81,5.93,17.62,30.92
2015-08-15,"Yangon, Myanmar",Yangon International Airport (VYYY),30.92,26.24,36.04,28.38,67.5,0.0,0,254.0,11.46,18.73,1005.39,365.0,5.9,7667.0,3,9.8,3.27,5.93,17.62,30.65
2015-08-16,"Yangon, Myanmar",Yangon International Airport (VYYY),30.65,27.16,34.93,26.0,67.1,0.0,0,192.0,8.68,9.16,1008.43,305.0,4.8,7658.0,3,7.77,3.04,0.0,5.93,29.27
2015-08-17,"Yangon, Myanmar",Yangon International Airport (VYYY),29.27,24.44,33.92,25.84,79.3,0.0,0,216.0,9.41,10.54,1008.51,280.0,5.5,7580.0,3,9.49,0.09,0.0,5.93,29.99
2015-08-18,"Yangon, Myanmar",Yangon International Airport (VYYY),29.99,25.84,34.77,,72.3,0.0,0,243.0,10.65,14.71,1007.18,339.0,2.4,7476.0,1,8.93,-1.34,0.0,5.93,29.52
2015-08-19,"Yangon, Myanmar",Yangon International Airport (VYYY),29.52,25.38,33.94,25.88,75.5,0.0,0,222.0,9.35,10.26,1006.41,189.0,4.9,8177.0,3,8.56,-0.77,0.0,5.93,29.86
2015-08-20,"Yangon, Myanmar",Yangon International Airport (VYYY),29.86,26.0,34.96,27.38,80.9,22.03,0,255.0,9.53,12.4,1009.37,319.0,6.5,6462.0,8,8.96,2.95,22.03,22.03,29.83
2015-08-21,"Yangon, Myanmar",Yangon International Airport (VYYY),29.83,26.55,35.55,25.6,81.0,0.0,0,136.0,,12.3,1006.66,329.0,4.5,8990.0,3,9.0,-2.71,22.03,22.03,29.04
2015-08-22,"Yangon, Myanmar",Yangon International Airport (VYYY),29.04,25.57,34.56,26.73,74.4,4.81,0,176.0,9.58,10.64,1008.67,400.0,3.8,6511.0,7,8.98,2.01,26.84,26.84,30.67
2015-08-23,"Yangon, Myanmar",Yangon International Airport (VYYY),30.67,27.12,35.66,27.8,72.5,38.94,0,231.0,7.85,12.51,1010.52,212.0,5.1,3956.0,25,8.54,1.85,43.75,65.78,31.67
2015-08-24,"Yangon, Myanmar",Yangon International Airport (VYYY),31.67,28.33,36.75,29.58,77.2,0.0,0,254.0,9.05,10.92,1010.61,352.0,3.2,7481.0,1,8.41,0.09,43.75,65.78,30.87
2015-08-25,"Yangon, Myanmar",Yangon International Airport (VYYY),30.87,26.84,36.3,27.03,76.5,0.0,0,230.0,7.14,13.0,1008.21,435.0,3.1,8562.0,1,9.47,-2.39,38.94,65.78,30.24
2015-08-26,"Yangon, Myanmar",Yangon International Airport (VYYY),30.24,26.4,34.95,25.75,82.5,0.0,0,236.0,7.46,11.84,1005.29,316.0,3.8,8363.0,1,8.55,-2.93,0.0,65.78,29.11
2015-08-27,"Yangon, Myanmar",Yangon International Airport (VYYY),29.11,25.6,34.18,25.82,,0.0,0,232.0,6.09,7.3,1012.13,543.0,4.2,8604.0,3,8.58,6.84,0.0,43.75,28.31
2015-08-28,"Yangon, Myanmar",Yangon International Airport (VYYY),28.31,24.63,32.29,25.32,71.0,0.0,0,290.0,10.18,19.01,1008.29,409.0,3.5,9149.0,1,7.66,-3.84,0.0,43.75,30.23
2015-08-29,"Yangon, Myanmar",Yangon International Airport (VYYY),30.23,25.92,34.2,26.14,86.7,3.62,0,173.0,7.58,8.5,1008.71,364.0,3.7,8026.0,7,8.28,0.43,3.62,42.57,30.08
2015-08-30,"Yangon, Myanmar",Yangon International Airport (VYYY),30.08,26.04,34.86,24.13,79.6,0.0,0,212.0,7.06,8.69,1009.75,452.0,0.8,9384.0,1,8.83,1.04,3.62,3.62,29.73
2015-08-31,"Yangon, Myanmar",Yangon International Airport (VYYY),29.73,26.17,34.37,,70.7,14.18,0,278.0,7.29,10.41,1012.47,358.0,3.2,7067.0,8,8.2,2.72,17.8,17.8,28.38
2015-09-01,"Yangon, Myanmar",Yangon International Airport (VYYY),28.38,23.33,33.68,24.06,66.5,36.12,0,248.0,7.28,12.59,1003.23,362.0,2.7,5421.0,25,10.36,-9.24,50.3,53.93,28.83
2015-09-02,"Yangon, Myanmar",Yangon International Airport (VYYY),28.83,25.02,33.93,25.73,71.2,14.23,0,128.0,9.16,17.9,1008.03,379.0,4.6,8545.0,8,8.9,4.8,64.53,68.15,29.42
2015-09-03,"Yangon, Myanmar",Yangon International Airport (VYYY),29.42,26.34,33.15,24.63,75.7,0.0,0,204.0,9.48,11.36,1011.09,561.0,1.9,9276.0,1,6.81,3.06,50.35,68.15,28.83
2015-09-04,"Yangon, Myanmar",Yangon International Airport (VYYY),28.83,24.27,33.37,25.99,67.8,0.0,0,107.0,9.26,9.79,1011.91,408.0,2.1,8825.0,1,9.1,0.83,14.23,68.15,28.97
2015-09-05,"Yangon, Myanmar",Yangon International Airport (VYYY),28.97,24.02,34.76,26.14,73.4,5.28,0,150.0,10.46,11.88,1008.45,456.0,3.2,8500.0,7,10.74,-3.46,5.28,69.81,30.18
2015-09-06,"Yangon, Myanmar",Yangon International Airport (VYYY),30.18,26.0,34.04,27.09,73.8,0.0,0,131.0,7.84,10.31,1005.8,362.0,2.8,10802.0,1,8.04,-2.65,5.28,69.81,29.13
2015-09-07,"Yangon, Myanmar",Yangon International Airport (VYYY),29.13,24.33,33.78,26.86,69.2,0.0,0,184.0,8.55,11.66,1005.19,527.0,4.0,8973.0,1,9.45,-0.61,5.28,55.63,27.89
2015-09-08,"Yangon, Myanmar",Yangon International Airport (VYYY),27.89,25.7,32.52,25.34,66.7,0.0,0,250.0,9.36,11.84,1009.34,435.0,4.1,7703.0,3,6.82,4.15,0.0,19.51,28.95
2015-09-09,"Yangon, Myanmar",Yangon International Airport (VYYY),28.95,25.14,33.5,25.53,80.8,0.0,0,177.0,10.61,13.31,1009.51,427.0,4.9,10398.0,3,8.36,0.16,0.0,5.28,26.8
2015-09-10,"Yangon, Myanmar",Yangon International Airport (VYYY),26.8,22.06,30.84,22.3,76.6,0.0,0,316.0,6.56,10.62,1011.44,473.0,0.5,9558.0,1,8.78,1.94,0.0,5.28,30.11
2015-09-11,"Yangon, Myanmar",Yangon International Airport (VYYY),30.11,26.86,34.33,26.27,68.5,3.27,0,234.0,7.74,9.89,1011.21,341.0,2.8,11020.0,7,7.47,-0.24,3.27,8.55,28.99
2015-09-12,"Yangon, Myanmar",Yangon International Airport (VYYY),28.99,25.32,34.52,25.68,65.0,0.0,0,176.0,10.69,12.31,1009.13,436.0,2.0,10405.0,1,9.21,-2.08,3.27,3.27,29.43
2015-09-13,"Yangon, Myanmar",Yangon International Airport (VYYY),29.43,26.35,33.98,26.51,66.7,0.0,0,183.0,5.24,8.0,1010.02,478.0,1.3,10748.0,1,7.62,0.89,3.27,3.27,26.84
2015-09-14,"Yangon, Myanmar",Yangon International Airport (VYYY),26.84,23.01,31.45,24.76,81.3,0.0,0,151.0,7.54,10.2,1006.81,593.0,2.2,9634.0,1,8.44,-3.21,0.0,3.27,28.31
2015-09-15,"Yangon, Myanmar",Yangon International Airport (VYYY),28.31,24.56,33.57,25.37,73.8,0.0,0,188.0,6.68,15.46,1006.33,539.0,2.2,8293.0,1,9.02,-0.48,0.0,3.27,29.53
2015-09-16,"Yangon, Myanmar",Yangon International Airport (VYYY),29.53,25.64,34.83,27.1,75.4,0.0,0,216.0,7.65,8.25,1006.09,426.0,2.5,10107.0,1,9.19,-0.24,0.0,3.27,25.84
2015-09-17,"Yangon, Myanmar",Yangon International Airport (VYYY),25.84,22.68,31.85,21.71,65.7,0.0,0,330.0,8.29,8.66,1007.11,299.0,3.7,9482.0,1,9.16,1.02,0.0,3.27,27.83
2015-09-18,"Yangon, Myanmar",Yangon International Airport (VYYY),27.83,25.41,32.08,23.1,78.8,0.0,0,164.0,7.66,7.92,1011.09,415.0,2.6,10493.0,1,6.66,3.98,0.0,0.0,26.5
2015-09-19,"Yangon, Myanmar",Yangon International Airport (VYYY),26.5,22.72,31.05,24.32,69.0,0.0,0,236.0,8.39,10.3,1008.66,416.0,2.3,10624.0,1,8.34,-2.43,0.0,0.0,28.27
2015-09-20,"Yangon, Myanmar",Yangon International Airport (VYYY),28.27,24.32,32.96,24.55,73.3,0.0,0,239.0,10.75,12.77,1006.72,544.0,2.8,9498.0,1,8.63,-1.94,0.0,0.0,28.79
2015-09-21,"Yangon, Myanmar",Yangon International Airport (VYYY),28.79,23.88,33.86,25.41,72.2,24.2,0,280.0,6.94,9.87,1011.5,605.0,1.4,8076.0,8,9.98,4.79,24.2,24.2,26.91
2015-09-22,"Yangon, Myanmar",Yangon International Airport (VYYY),26.91,22.45,29.72,24.17,62.0,0.0,0,211.0,7.44,10.24,1006.77,562.0,3.0,9271.0,1,7.27,-4.74,24.2,24.2,29.28
2015-09-23,"Yangon, Myanmar",Yangon International Airport (VYYY),29.28,25.99,33.91,27.02,77.6,0.0,0,144.0,5.4,7.1,1008.0,565.0,3.9,8501.0,1,7.92,1.23,24.2,24.2,29.62
2015-09-24,"Yangon, Myanmar",Yangon International Airport (VYYY),29.62,26.62,33.33,26.18,79.6,0.0,0,218.0,9.4,10.75,1006.39,379.0,1.4,10210.0,1,6.72,-1.61,0.0,24.2,28.9
2015-09-25,"Yangon, Myanmar",Yangon International Airport (VYYY),28.9,25.39,33.91,24.24,78.0,0.0,0,197.0,11.21,13.77,1007.91,546.0,1.3,10719.0,1,8.52,1.52,0.0,24.2,27.18
2015-09-26,"Yangon, Myanmar",Yangon International Airport (VYYY),27.18,23.29,31.78,24.29,89.4,0.0,0,133.0,3.99,5.24,1008.73,454.0,2.3,10111.0,1,8.49,0.82,0.0,24.2,29.22
2015-09-27,"Yangon, Myanmar",Yangon International Airport (VYYY),29.22,24.92,34.14,26.33,71.8,0.0,0,162.0,12.89,14.78,1005.29,514.0,2.3,9636.0,1,9.22,-3.44,0.0,24.2,29.13
2015-09-28,"Yangon, Myanmar",Yangon International Airport (VYYY),29.13,24.63,33.77,26.26,77.0,0.0,0,227.0,9.87,9.97,1008.83,486.0,2.8,10291.0,1,9.14,3.54,0.0,0.0,27.34
2015-09-29,"Yangon, Myanmar",Yangon International Airport (VYYY),27.34,23.51,32.12,23.89,67.9,0.0,0,257.0,7.83,9.33,1012.38,548.0,3.8,9785.0,1,8.61,3.55,0.0,0.0,28.51
2015-09-30,"Yangon, Myanmar",Yangon International Airport (VYYY),28.51,23.89,33.04,25.42,68.4,0.0,0,194.0,7.5,10.29,1006.13,376.0,2.7,8703.0,1,9.15,-6.26,0.0,0.0,27.6
2015-10-01,"Yangon, Myanmar",Yangon International Airport (VYYY),27.6,23.85,33.01,25.38,76.7,0.0,0,154.0,6.64,8.78,1006.41,400.0,1.3,7702.0,1,9.16,0.29,0.0,0.0,29.58
2015-10-02,"Yangon, Myanmar",Yangon International Airport (VYYY),29.58,25.89,34.5,24.97,77.8,0.0,0,237.0,10.67,15.27,1007.93,492.0,0.6,10521.0,1,8.62,1.52,0.0,0.0,29.29
2015-10-03,"Yangon, Myanmar",Yangon International Airport (VYYY),29.29,25.44,34.32,26.91,75.6,0.0,0,234.0,8.28,9.83,1008.73,620.0,2.2,11290.0,1,8.89,0.8,0.0,0.0,26.81
2015-10-04,"Yangon, Myanmar",Yangon International Airport (VYYY),26.81,22.45,32.37,23.87,79.0,0.0,0,229.0,8.19,9.25,1014.61,466.0,1.5,9619.0,1,9.92,5.88,0.0,0.0,27.59
2015-10-05,"Yangon, Myanmar",Yangon International Airport (VYYY),27.59,24.4,33.2,23.69,80.4,0.0,0,147.0,6.07,10.72,1011.85,513.0,0.8,9347.0,1,8.8,-2.76,0.0,0.0,28.48
2015-10-06,"Yangon, Myanmar",Yangon International Airport (VYYY),28.48,23.99,34.53,25.4,81.0,0.0,0,244.0,6.7,7.49,1009.94,627.0,1.7,9742.0,1,10.54,-1.91,0.0,0.0,27.19
2015-10-07,"Yangon, Myanmar",Yangon International Airport (VYYY),27.19,22.91,32.3,23.56,75.1,0.0,0,176.0,10.86,12.56,1012.65,,1.1,10029.0,1,9.39,2.71,0.0,0.0,28.54
2015-10-08,"Yangon, Myanmar",Yangon International Airport (VYYY),28.54,24.84,32.99,23.88,72.1,0.0,0,,8.72,12.02,1005.51,445.0,3.1,8072.0,1,8.15,-7.13,0.0,0.0,29.43
2015-10-09,"Yangon, Myanmar",Yangon International Airport (VYYY),29.43,26.22,33.0,26.19,75.6,0.0,0,236.0,7.28,8.18,1009.98,487.0,2.1,9968.0,1,6.78,4.47,0.0,0.0,27.59
2015-10-10,"Yangon, Myanmar",Yangon International Airport (VYYY),27.59,24.0,32.74,25.34,74.1,0.0,0,236.0,9.45,12.64,1011.98,482.0,1.7,10467.0,1,8.74,2.0,0.0,0.0,25.37
2015-10-11,"Yangon, Myanmar",Yangon International Airport (VYYY),25.37,21.77,31.12,23.35,68.0,0.0,0,161.0,10.13,12.58,1007.34,296.0,2.9,9132.0,1,9.35,-4.64,0.0,0.0,27.35
2015-10-12,"Yangon, Myanmar",Yangon International Airport (VYYY),27.35,23.81,31.07,23.35,76.2,0.0,0,250.0,7.56,10.16,1011.69,397.0,2.9,11020.0,1,7.25,4.35,0.0,0.0,29.46
2015-10-13,"Yangon, Myanmar",Yangon International Airport (VYYY),29.46,25.38,34.33,27.67,75.7,0.0,0,254.0,9.23,13.55,1011.1,333.0,1.1,10752.0,1,8.95,-0.59,0.0,0.0,27.65
2015-10-14,"Yangon, Myanmar",Yangon International Airport (VYYY),27.65,24.21,31.84,24.25,71.5,0.0,0,272.0,6.3,7.6,1011.9,450.0,0.3,9987.0,1,7.63,0.8,0.0,0.0,26.22
2015-10-15,"Yangon, Myanmar",Yangon International Airport (VYYY),26.22,22.66,31.14,21.98,64.4,0.0,0,194.0,6.06,7.2,1008.36,558.0,2.5,11725.0,1,8.48,-3.53,0.0,0.0,27.37
2015-10-16,"Yangon, Myanmar",Yangon International Airport (VYYY),27.37,24.95,33.07,23.57,77.8,0.0,0,274.0,4.78,4.97,1010.1,531.0,3.0,8467.0,1,8.11,1.74,0.0,0.0,25.75
2015-10-17,"Yangon, Myanmar",Yangon International Airport (VYYY),25.75,22.14,30.94,21.35,70.4,0.0,0,132.0,7.16,10.04,1010.25,542.0,0.6,10390.0,1,8.8,0.15,0.0,0.0,26.68
2015-10-18,"Yangon, Myanmar",Yangon International Airport (VYYY),26.68,23.2,31.52,22.99,81.3,0.0,0,166.0,6.26,19.83,1006.27,481.0,1.9,10242.0,1,8.33,-3.98,0.0,0.0,27.49
2015-10-19,"Yangon, Myanmar",Yangon International Airport (VYYY),27.49,23.0,31.87,24.72,65.4,0.0,0,133.0,6.91,10.49,1007.96,495.0,1.3,10487.0,1,8.87,1.69,0.0,0.0,27.57
2015-10-20,"Yangon, Myanmar",Yangon International Airport (VYYY),27.57,23.71,33.35,23.32,82.3,0.0,0,203.0,7.63,8.56,1011.84,507.0,1.5,11125.0,1,9.63,3.88,0.0,0.0,25.64
2015-10-21,"Yangon, Myanmar",Yangon International Airport (VYYY),25.64,22.04,29.5,22.44,72.7,0.0,0,237.0,6.48,10.76,1011.95,389.0,2.5,10281.0,1,7.46,0.11,0.0,0.0,26.87
2015-10-22,"Yangon, Myanmar",Yangon International Airport (VYYY),26.87,23.05,32.25,24.08,72.5,0.0,0,121.0,13.49,14.29,1013.48,582.0,2.4,9772.0,1,9.21,1.54,0.0,0.0,25.77
2015-10-23,"Yangon, Myanmar",Yangon International Airport (VYYY),25.77,22.58,30.1,23.23,72.8,0.0,0,225.0,5.66,7.96,1008.28,592.0,2.8,9827.0,1,7.52,-5.2,0.0,0.0,25.35
2015-10-24,"Yangon, Myanmar",Yangon International Airport (VYYY),25.35,22.01,29.81,21.98,71.0,0.0,0,169.0,9.97,13.04,1013.61,477.0,1.4,9504.0,1,7.8,5.33,0.0,0.0,27.75
2015-10-25,"Yangon, Myanmar",Yangon International Airport (VYYY),27.75,24.06,32.59,25.29,75.7,0.0,0,163.0,7.73,9.76,1008.61,587.0,3.0,8992.0,1,8.53,-5.0,0.0,0.0,25.81
2015-10-26,"Yangon, Myanmar",Yangon International Airport (VYYY),25.81,22.23,29.48,23.46,79.0,0.0,0,85.0,10.07,11.48,1009.47,465.0,3.0,10548.0,1,7.25,0.85,0.0,0.0,25.54
2015-10-27,"Yangon, Myanmar",Yangon International Airport (VYYY),25.54,22.51,30.4,,81.1,0.0,0,175.0,9.35,12.0,1011.2,507.0,1.3,10403.0,1,7.88,1.73,0.0,0.0,25.32
2015-10-28,"Yangon, Myanmar",Yangon International Airport (VYYY),25.32,20.42,30.07,22.93,74.4,0.0,0,265.0,8.7,13.29,1013.87,514.0,1.6,8325.0,1,9.65,2.67,0.0,0.0,24.38
2015-10-29,"Yangon, Myanmar",Yangon International Airport (VYYY),24.38,20.21,28.4,20.23,68.9,0.0,0,176.0,9.67,16.07,1009.99,521.0,4.6,10556.0,3,8.19,-3.88,0.0,0.0,28.15
2015-10-30,"Yangon, Myanmar",Yangon International Airport (VYYY),28.15,24.27,33.52,24.83,70.0,0.0,0,200.0,8.39,10.09,1013.27,451.0,3.0,9938.0,1,9.25,3.28,0.0,0.0,28.54
2015-10-31,"Yangon, Myanmar",Yangon International Airport (VYYY),28.54,24.1,34.01,26.12,77.8,0.0,0,221.0,8.04,24.13,1014.31,551.0,1.3,10856.0,1,9.91,1.04,0.0,0.0,26.8
2015-11-01,"Yangon, Myanmar",Yangon International Airport (VYYY),26.8,22.62,30.9,22.48,70.3,0.0,0,228.0,6.31,8.95,1012.36,514.0,0.2,11056.0,1,8.28,-1.95,0.0,0.0,26.53
2015-11-02,"Yangon, Myanmar",Yangon International Airport (VYYY),26.53,22.96,31.6,23.73,83.0,0.0,0,195.0,5.33,7.9,1008.95,579.0,0.0,9334.0,1,8.64,-3.4,0.0,0.0,26.81
2015-11-03,"Yangon, Myanmar",Yangon International Airport (VYYY),26.81,22.67,30.04,24.17,74.9,0.0,0,153.0,6.74,8.09,1011.19,,2.3,9775.0,1,7.38,2.24,0.0,0.0,26.54
2015-11-04,"Yangon, Myanmar",Yangon International Airport (VYYY),26.54,22.57,30.47,23.93,71.7,0.0,0,186.0,7.97,13.35,1010.48,508.0,0.5,9377.0,1,7.91,-0.71,0.0,0.0,27.51
2015-11-05,"Yangon, Myanmar",Yangon International Airport (VYYY),27.51,24.02,31.74,26.19,72.4,0.0,0,207.0,8.03,9.78,1012.14,420.0,1.6,10411.0,1,7.72,1.66,0.0,0.0,25.99
2015-11-06,"Yangon, Myanmar",Yangon International Airport (VYYY),25.99,22.95,30.71,21.62,81.1,0.0,0,203.0,10.22,15.78,1011.69,598.0,3.0,9929.0,1,7.76,-0.45,0.0,0.0,24.53
2015-11-07,"Yangon, Myanmar",Yangon International Airport (VYYY),24.53,21.39,28.61,21.31,81.5,0.0,0,150.0,3.81,5.89,1014.94,419.0,3.2,9834.0,1,7.21,3.25,0.0,0.0,24.41
2015-11-08,"Yangon, Myanmar",Yangon International Airport (VYYY),24.41,21.26,28.48,21.27,73.6,0.0,0,239.0,7.43,10.13,1011.91,492.0,0.3,9824.0,1,7.22,-3.03,0.0,0.0,23.62
2015-11-09,"Yangon, Myanmar",Yangon International Airport (VYYY),23.62,19.94,27.94,19.63,74.9,0.0,0,272.0,11.35,13.73,1013.56,660.0,0.2,10011.0,1,7.99,1.64,0.0,0.0,25.96
2015-11-10,"Yangon, Myanmar",Yangon International Airport (VYYY),25.96,21.73,30.02,22.46,79.5,0.0,0,190.0,7.72,8.94,1010.56,363.0,1.5,9685.0,1,8.29,-3.0,0.0,0.0,24.87
2015-11-11,"Yangon, Myanmar",Yangon International Airport (VYYY),24.87,20.18,28.89,21.89,80.1,0.0,0,170.0,6.2,10.33,1008.55,541.0,1.7,12317.0,1,8.7,-2.01,0.0,0.0,25.67
2015-11-12,"Yangon, Myanmar",Yangon International Airport (VYYY),25.67,21.57,31.3,21.72,73.9,0.0,0,246.0,7.11,10.18,1010.96,513.0,2.3,9293.0,1,9.73,2.41,0.0,0.0,24.32
2015-11-13,"Yangon, Myanmar",Yangon International Airport (VYYY),24.32,20.61,29.58,21.56,85.8,0.0,0,274.0,6.05,7.25,1009.23,500.0,2.1,9507.0,1,8.97,-1.73,0.0,0.0,25.17
2015-11-14,"Yangon, Myanmar",Yangon International Airport (VYYY),25.17,21.97,31.55,21.56,72.3,0.0,0,197.0,7.51,7.69,1009.01,372.0,1.1,8937.0,1,9.58,-0.22,0.0,0.0,27.06
2015-11-15,"Yangon, Myanmar",Yangon International Airport (VYYY),27.06,23.16,33.22,24.57,75.4,0.0,0,209.0,5.28,6.83,1012.55,468.0,2.3,9333.0,1,10.06,3.54,0.0,0.0,25.74
2015-11-16,"Yangon, Myanmar",Yangon International Airport (VYYY),25.74,22.31,31.7,23.72,74.0,0.0,0,207.0,7.39,8.43,1012.16,570.0,2.9,9846.0,1,9.39,-0.39,0.0,0.0,25.3
2015-11-17,"Yangon, Myanmar",Yangon International Airport (VYYY),25.3,20.49,30.2,23.29,80.1,0.0,0,273.0,12.28,13.58,1012.17,570.0,2.1,11185.0,1,9.71,0.01,0.0,0.0,26.48
2015-11-18,"Yangon, Myanmar",Yangon International Airport (VYYY),26.48,23.4,30.74,24.27,78.8,,0,145.0,9.82,14.13,1014.68,523.0,2.6,10333.0,1,7.33,2.51,0.0,0.0,23.86
2015-11-19,"Yangon, Myanmar",Yangon International Airport (VYYY),23.86,20.19,28.52,19.35,79.4,0.0,0,224.0,7.61,10.23,1015.23,527.0,4.1,8613.0,3,8.32,0.54,0.0,0.0,26.57
2015-11-20,"Yangon, Myanmar",Yangon International Airport (VYYY),26.57,23.01,31.44,24.29,73.9,0.0,0,268.0,13.5,13.93,1013.25,475.0,2.2,11388.0,1,8.43,-1.97,0.0,0.0,24.88
2015-11-21,"Yangon, Myanmar",Yangon International Airport (VYYY),24.88,21.27,30.04,20.49,72.3,0.0,0,279.0,5.69,6.55,1012.64,410.0,3.0,9735.0,1,8.78,-0.61,0.0,0.0,24.6
2015-11-22,"Yangon, Myanmar",Yangon International Airport (VYYY),24.6,20.86,28.5,20.11,67.7,0.0,0,245.0,8.2,17.6,1008.23,441.0,2.0,11019.0,1,7.64,-4.41,0.0,0.0,24.67
2015-11-23,"Yangon, Myanmar",Yangon International Airport (VYYY),24.67,20.88,30.33,23.13,72.5,0.0,0,297.0,5.93,7.55,1015.13,462.0,2.4,10862.0,1,9.45,6.9,0.0,0.0,25.9
2015-11-24,"Yangon, Myanmar",Yangon International Airport (VYYY),25.9,22.2,30.35,23.1,74.7,0.0,0,252.0,8.27,10.72,1012.02,528.0,1.9,10902.0,1,8.15,-3.1,0.0,0.0,25.26
2015-11-25,"Yangon, Myanmar",Yangon International Airport (VYYY),25.26,21.69,30.72,23.2,75.9,0.0,0,210.0,7.08,8.84,1015.42,433.0,2.9,11965.0,1,9.03,3.4,0.0,0.0,25.21
2015-11-26,"Yangon, Myanmar",Yangon International Airport (VYYY),25.21,21.68,30.52,21.48,78.9,0.0,0,227.0,5.81,11.69,,593.0,2.5,9317.0,1,8.83,-3.34,0.0,0.0,25.06
2015-11-27,"Yangon, Myanmar",Yangon International Airport (VYYY),25.06,22.34,29.97,21.61,78.5,0.0,0,154.0,7.51,9.84,1010.08,460.0,2.2,9899.0,1,7.62,-2.0,0.0,0.0,24.76
2015-11-28,"Yangon, Myanmar",Yangon International Airport (VYYY),24.76,20.96,28.29,22.83,75.8,0.0,0,277.0,9.59,10.1,1009.1,451.0,3.1,10224.0,1,7.33,-0.98,0.0,0.0,24.45
2015-11-29,"Yangon, Myanmar",Yangon International Airport (VYYY),24.45,20.29,28.8,20.87,79.5,0.0,0,158.0,8.04,12.19,1013.94,499.0,1.7,10972.0,1,8.51,4.84,0.0,0.0,23.8
2015-11-30,"Yangon, Myanmar",Yangon International Airport (VYYY),23.8,19.52,29.29,20.46,76.4,0.0,0,203.0,8.08,9.83,1012.71,562.0,2.2,8593.0,1,9.77,-1.23,0.0,0.0,23.96
2015-12-01,"Yangon, Myanmar",Yangon International Airport (VYYY),23.96,20.05,28.46,20.53,,0.0,0,337.0,8.94,9.35,1016.75,367.0,3.6,9466.0,1,8.41,4.04,0.0,0.0,24.9
2015-12-02,"Yangon, Myanmar",Yangon International Airport (VYYY),24.9,21.05,30.23,20.79,72.8,0.0,0,287.0,8.38,9.4,1012.55,547.0,2.0,9368.0,1,9.19,-4.2,0.0,0.0,24.58
2015-12-03,"Yangon, Myanmar",Yangon International Airport (VYYY),24.58,21.1,29.29,21.43,75.9,0.0,0,193.0,10.2,11.46,1014.79,364.0,1.6,9396.0,1,8.19,2.24,0.0,0.0,25.71
2015-12-04,"Yangon, Myanmar",Yangon International Airport (VYYY),25.71,21.84,30.3,23.76,76.4,1.92,0,132.0,10.91,13.1,1012.41,551.0,1.7,10171.0,7,8.46,-2.38,1.92,1.92,24.54
2015-12-05,"Yangon, Myanmar",Yangon International Airport (VYYY),24.54,20.77,29.39,19.23,80.2,0.0,0,214.0,7.88,8.61,1007.13,580.0,1.4,9960.0,1,8.62,-5.28,1.92,1.92,24.66
2015-12-06,"Yangon, Myanmar",Yangon International Airport (VYYY),24.66,20.5,29.81,21.36,80.9,0.0,0,205.0,6.93,10.1,1010.94,483.0,0.5,9426.0,1,9.32,3.81,1.92,1.92,25.58
2015-12-07,"Yangon, Myanmar",Yangon International Airport (VYYY),25.58,22.06,29.7,23.73,75.9,0.0,0,187.0,4.99,5.29,1012.76,482.0,1.5,10684.0,1,7.64,1.82,0.0,1.92,24.58
2015-12-08,"Yangon, Myanmar",Yangon International Airport (VYYY),24.58,21.14,29.92,20.52,70.6,0.0,0,166.0,6.53,18.68,1013.05,342.0,2.1,9227.0,1,8.77,0.29,0.0,1.92,26.31
2015-12-09,"Yangon, Myanmar",Yangon International Airport (VYYY),26.31,23.29,31.36,21.99,81.3,0.0,0,253.0,9.04,11.85,1012.6,591.0,3.1,8672.0,1,8.07,-0.45,0.0,1.92,25.61
2015-12-10,"Yangon, Myanmar",Yangon International Airport (VYYY),25.61,21.55,30.96,22.5,81.4,0.0,0,176.0,6.85,7.81,1014.68,501.0,0.0,10106.0,1,9.41,2.08,0.0,1.92,24.2
2015-12-11,"Yangon, Myanmar",Yangon International Airport (VYYY),24.2,20.36,29.01,20.18,77.7,13.72,0,161.0,2.76,2.96,,485.0,5.0,8319.0,8,8.65,-3.76,13.72,13.72,24.16
2015-12-12,"Yangon, Myanmar",Yangon International Airport (VYYY),24.16,19.96,29.78,20.76,69.1,0.0,0,222.0,9.67,10.05,1012.93,462.0,0.5,,1,9.82,2.01,13.72,13.72,24.45
2015-12-13,"Yangon, Myanmar",Yangon International Airport (VYYY),24.45,20.84,30.19,21.62,76.5,0.0,0,242.0,6.59,7.98,1011.54,467.0,2.5,9049.0,1,9.35,-1.39,13.72,13.72,24.06
2015-12-14,"Yangon, Myanmar",Yangon International Airport (VYYY),24.06,20.83,29.21,,76.8,0.0,0,178.0,5.5,11.82,1011.51,534.0,2.9,10108.0,1,8.37,-0.03,0.0,13.72,22.92
2015-12-15,"Yangon, Myanmar",Yangon International Airport (VYYY),22.92,18.84,28.32,19.12,81.6,0.0,0,191.0,5.4,5.79,1011.51,521.0,4.2,10922.0,3,9.48,0.01,0.0,13.72,25.65
2015-12-16,"Yangon, Myanmar",Yangon International Airport (VYYY),25.65,22.62,30.31,23.21,84.3,0.0,0,284.0,6.07,6.92,1015.71,516.0,0.4,10216.0,1,7.69,4.19,0.0,13.72,23.66
2015-12-17,"Yangon, Myanmar",Yangon International Airport (VYYY),23.66,19.48,28.08,20.75,79.5,0.0,0,171.0,7.84,10.82,1016.63,479.0,3.8,10880.0,1,8.6,0.92,0.0,13.72,24.34
2015-12-18,"Yangon, Myanmar",Yangon International Airport (VYYY),24.34,20.89,29.13,21.67,75.9,16.64,0,230.0,4.46,7.92,1016.84,336.0,2.7,8018.0,8,8.25,0.22,16.64,16.64,22.24
2015-12-19,"Yangon, Myanmar",Yangon International Airport (VYYY),22.24,18.7,26.45,18.41,78.9,0.0,0,227.0,6.38,6.83,1012.22,467.0,3.1,8666.0,1,7.76,-4.62,16.64,16.64,24.64
2015-12-20,"Yangon, Myanmar",Yangon International Airport (VYYY),24.64,21.1,29.65,21.45,80.7,0.0,0,156.0,8.79,10.2,1011.57,313.0,2.9,10282.0,1,8.55,-0.65,16.64,16.64,23.92
2015-12-21,"Yangon, Myanmar",Yangon International Airport (VYYY),23.92,19.46,28.29,19.09,77.8,0.0,0,253.0,9.1,15.54,1006.78,498.0,0.7,9185.0,1,8.83,-4.79,0.0,16.64,24.48
2015-12-22,"Yangon, Myanmar",Yangon International Airport (VYYY),24.48,21.34,29.71,21.58,79.6,0.0,0,233.0,4.36,5.59,1013.57,519.0,2.1,9864.0,1,8.37,6.79,0.0,16.64,23.38
2015-12-23,"Yangon, Myanmar",Yangon International Airport (VYYY),23.38,18.65,28.14,19.66,83.7,0.0,0,168.0,8.76,10.31,1014.07,560.0,,9642.0,1,9.49,0.5,0.0,16.64,23.04
2015-12-24,"Yangon, Myanmar",Yangon International Airport (VYYY),23.04,19.62,28.37,19.77,76.4,0.0,0,224.0,7.39,8.95,1016.58,539.0,1.9,9634.0,1,8.75,2.51,0.0,16.64,23.4
2015-12-25,"Yangon, Myanmar",Yangon International Airport (VYYY),23.4,19.23,27.62,20.38,83.1,0.0,0,,8.33,9.13,1014.36,479.0,2.4,10573.0,1,8.39,-2.22,0.0,0.0,24.91
2015-12-26,"Yangon, Myanmar",Yangon International Airport (VYYY),24.91,21.02,29.69,22.21,82.9,0.0,0,292.0,6.29,10.36,1011.89,550.0,0.0,9778.0,1,8.67,-2.47,0.0,0.0,23.67
2015-12-27,"Yangon, Myanmar",Yangon International Airport (VYYY),23.67,19.72,28.59,21.85,82.7,0.0,0,160.0,5.31,9.81,1016.88,490.0,3.9,10779.0,1,8.87,4.99,0.0,0.0,25.35
2015-12-28,"Yangon, Myanmar",Yangon International Airport (VYYY),25.35,20.4,29.94,22.24,74.9,0.0,0,209.0,6.06,11.39,1010.52,324.0,0.7,8417.0,1,9.54,-6.35,0.0,0.0,24.63
2015-12-29,"Yangon, Myanmar",Yangon International Airport (VYYY),24.63,21.57,29.81,21.03,68.5,0.0,0,154.0,5.81,7.84,1009.51,517.0,,10967.0,1,8.25,-1.02,0.0,0.0,24.58
2015-12-30,"Yangon, Myanmar",Yangon International Airport (VYYY),24.58,20.79,28.19,22.85,77.2,0.0,0,198.0,6.77,8.01,1014.74,229.0,2.8,8483.0,1,7.4,5.23,0.0,0.0,24.35
2015-12-31,"Yangon, Myanmar",Yangon International Airport (VYYY),24.35,20.45,29.12,20.32,79.3,0.0,0,174.0,6.39,10.53,1015.94,502.0,1.3,9139.0,1,8.67,1.2,0.0,0.0,25.47
2016-01-01,"Yangon, Myanmar",Yangon International Airport (VYYY),25.47,21.89,30.49,22.01,85.4,0.0,0,179.0,9.72,10.59,1011.36,457.0,2.4,10091.0,1,8.6,-4.59,0.0,0.0,22.61
2016-01-02,"Yangon, Myanmar",Yangon International Airport (VYYY),22.61,18.94,26.92,18.48,90.1,0.0,0,247.0,10.58,12.95,1016.0,371.0,2.9,10464.0,1,7.97,4.65,0.0,0.0,23.46
2016-01-03,"Yangon, Myanmar",Yangon International Airport (VYYY),23.46,20.41,27.22,20.12,86.4,0.0,0,179.0,11.8,16.92,1010.63,606.0,2.2,11471.0,1,6.81,-5.38,0.0,0.0,23.54
2016-01-04,"Yangon, Myanmar",Yangon International Airport (VYYY),23.54,20.51,28.56,20.55,77.0,0.0,0,190.0,8.5,12.14,1013.42,496.0,2.7,8854.0,1,8.05,2.79,0.0,0.0,25.25
2016-01-05,"Yangon, Myanmar",Yangon International Airport (VYYY),25.25,21.8,31.15,20.68,81.9,0.0,0,313.0,6.12,12.09,1012.79,470.0,2.2,7475.0,1,9.35,-0.63,0.0,0.0,22.9
2016-01-06,"Yangon, Myanmar",Yangon International Airport (VYYY),22.9,20.23,28.14,21.14,83.5,0.0,0,195.0,8.59,10.95,1014.82,451.0,2.0,11120.0,1,7.91,2.03,0.0,0.0,24.3
2016-01-07,"Yangon, Myanmar",Yangon International Airport (VYYY),24.3,20.85,29.41,22.11,82.4,0.0,0,197.0,7.75,10.22,1008.91,453.0,0.0,11921.0,1,8.57,-5.91,0.0,0.0,25.01
2016-01-08,"Yangon, Myanmar",Yangon International Airport (VYYY),25.01,21.07,28.98,22.2,83.6,0.0,0,207.0,4.07,8.58,1011.55,504.0,2.8,9980.0,1,7.91,2.64,0.0,0.0,25.08
2016-01-09,"Yangon, Myanmar",Yangon International Airport (VYYY),25.08,22.36,29.52,21.55,68.0,0.0,0,169.0,6.4,7.33,1010.0,461.0,0.9,9009.0,1,7.15,-1.55,0.0,0.0,23.57
2016-01-10,"Yangon, Myanmar",Yangon International Airport (VYYY),23.57,19.34,28.05,20.76,90.5,0.0,0,227.0,9.1,12.29,1010.11,544.0,0.4,9618.0,1,8.71,0.11,0.0,0.0,25.06
2016-01-11,"Yangon, Myanmar",Yangon International Airport (VYYY),25.06,21.68,30.82,22.12,84.1,0.0,0,206.0,8.24,10.19,1013.32,568.0,1.5,11142.0,1,9.14,3.22,0.0,0.0,25.55
2016-01-12,"Yangon, Myanmar",Yangon International Airport (VYYY),25.55,22.07,30.51,19.76,73.0,0.0,0,174.0,8.93,13.03,1012.05,514.0,2.8,10863.0,1,8.44,-1.28,0.0,0.0,23.81
2016-01-13,"Yangon, Myanmar",Yangon International Airport (VYYY),23.81,19.24,28.92,21.62,87.7,0.0,0,161.0,8.57,8.71,1011.84,465.0,1.2,9665.0,1,9.68,-0.21,0.0,0.0,25.99
2016-01-14,"Yangon, Myanmar",Yangon International Airport (VYYY),25.99,22.39,30.63,23.24,83.2,0.0,0,213.0,8.35,11.25,1012.88,,1.7,11180.0,1,8.24,1.04,0.0,0.0,25.07
2016-01-15,"Yangon, Myanmar",Yangon International Airport (VYYY),25.07,21.03,30.71,22.92,77.8,0.0,0,182.0,6.77,8.39,1011.55,483.0,3.0,10511.0,1,9.68,-1.34,0.0,0.0,24.37
2016-01-16,"Yangon, Myanmar",Yangon International Airport (VYYY),24.37,19.79,28.8,22.09,84.6,0.0,0,205.0,8.21,9.52,1010.57,433.0,1.2,9519.0,1,9.01,-0.98,0.0,0.0,24.44
2016-01-17,"Yangon, Myanmar",Yangon International Airport (VYYY),24.44,21.3,28.91,20.15,83.8,0.0,0,202.0,8.14,9.77,,475.0,1.9,8369.0,1,7.62,1.8,0.0,0.0,23.94
2016-01-18,"Yangon, Myanmar",Yangon International Airport (VYYY),23.94,19.9,29.46,21.52,79.2,0.0,0,235.0,9.32,9.86,1010.66,446.0,2.4,9688.0,1,9.56,-1.7,0.0,0.0,23.66
2016-01-19,"Yangon, Myanmar",Yangon International Airport (VYYY),23.66,19.06,28.28,23.6,82.2,0.0,0,183.0,8.53,9.09,1012.92,615.0,1.7,13123.0,1,9.22,2.26,0.0,0.0,24.4
2016-01-20,"Yangon, Myanmar",Yangon International Airport (VYYY),24.4,20.18,30.87,22.62,74.9,0.0,0,189.0,8.54,15.26,1007.38,364.0,2.6,10161.0,1,10.69,-5.54,0.0,0.0,24.43
2016-01-21,"Yangon, Myanmar",Yangon International Airport (VYYY),24.43,20.39,29.65,20.28,79.1,0.0,0,231.0,5.76,8.62,1014.56,630.0,4.1,9615.0,3,9.27,7.17,0.0,0.0,23.7
2016-01-22,"Yangon, Myanmar",Yangon International Airport (VYYY),23.7,19.9,28.65,21.67,74.4,0.0,0,175.0,7.25,10.34,1012.31,463.0,2.7,11088.0,1,8.75,-2.24,0.0,0.0,25.76
2016-01-23,"Yangon, Myanmar",Yangon International Airport (VYYY),25.76,21.23,31.98,22.42,85.3,0.0,0,246.0,4.13,9.1,1012.52,440.0,2.7,10307.0,1,10.75,0.2,0.0,0.0,24.47
2016-01-24,"Yangon, Myanmar",Yangon International Airport (VYYY),24.47,21.53,30.08,21.66,60.3,0.0,0,276.0,,15.42,1013.07,442.0,0.0,8390.0,1,8.55,0.55,0.0,0.0,25.24
2016-01-25,"Yangon, Myanmar",Yangon International Airport (VYYY),25.24,22.14,30.43,21.76,74.2,0.0,0,180.0,8.03,9.78,1014.28,320.0,3.7,9867.0,1,8.29,1.22,0.0,0.0,25.57
2016-01-26,"Yangon, Myanmar",Yangon International Airport (VYYY),25.57,22.02,30.0,24.49,81.4,0.0,0,232.0,4.44,5.58,1014.44,443.0,3.0,9377.0,1,7.99,0.16,0.0,0.0,23.44
2016-01-27,"Yangon, Myanmar",Yangon International Airport (VYYY),23.44,20.04,29.42,21.09,79.3,30.05,0,265.0,7.14,8.99,1015.44,408.0,,5910.0,25,9.38,0.99,30.05,30.05,25.2
2016-01-28,"Yangon, Myanmar",Yangon International Airport (VYYY),25.2,20.76,30.34,21.41,74.7,0.0,0,277.0,10.35,,1012.55,403.0,2.9,10097.0,1,9.58,-2.88,30.05,30.05,24.88
2016-01-29,"Yangon, Myanmar",Yangon International Airport (VYYY),24.88,20.77,29.7,20.49,77.8,0.0,0,113.0,6.14,7.13,1015.16,496.0,1.7,9268.0,1,8.94,2.6,30.05,30.05,23.18
2016-01-30,"Yangon, Myanmar",Yangon International Airport (VYYY),23.18,19.28,28.12,19.24,84.6,0.0,0,198.0,4.91,6.12,1014.19,410.0,0.2,10775.0,1,8.84,-0.97,0.0,30.05,25.8
2016-01-31,"Yangon, Myanmar",Yangon International Airport (VYYY),25.8,21.73,31.14,22.49,78.4,0.0,0,218.0,10.37,16.44,1014.57,367.0,3.1,11162.0,1,9.42,0.38,0.0,30.05,24.88
2016-02-01,"Yangon, Myanmar",Yangon International Airport (VYYY),24.88,21.09,29.18,21.86,82.4,0.0,0,217.0,7.3,12.78,1011.91,519.0,1.3,10388.0,1,8.08,-2.66,0.0,30.05,24.47
2016-02-02,"Yangon, Myanmar",Yangon International Airport (VYYY),24.47,19.88,29.61,21.76,80.0,0.0,0,260.0,10.38,10.98,1011.97,456.0,1.9,10663.0,1,9.73,0.06,0.0,30.05,26.03
2016-02-03,"Yangon, Myanmar",Yangon International Airport (VYYY),26.03,22.19,31.26,22.66,79.1,0.0,0,219.0,6.04,8.35,1008.76,395.0,0.9,9010.0,1,9.07,-3.22,0.0,0.0,23.88
2016-02-04,"Yangon, Myanmar",Yangon International Airport (VYYY),23.88,19.2,28.03,18.61,78.1,0.0,0,153.0,6.09,16.85,1016.45,325.0,1.9,8566.0,1,8.83,7.69,0.0,0.0,24.9
2016-02-05,"Yangon, Myanmar",Yangon International Airport (VYYY),24.9,21.53,30.09,21.84,82.1,0.0,0,196.0,6.66,9.1,1013.3,499.0,0.7,10092.0,1,8.56,-3.15,0.0,0.0,24.03
2016-02-06,"Yangon, Myanmar",Yangon International Airport (VYYY),24.03,20.8,28.28,20.42,80.3,0.0,0,222.0,6.94,14.99,1013.34,555.0,4.1,11366.0,3,7.48,0.03,0.0,0.0,25.49
2016-02-07,"Yangon, Myanmar",Yangon International Airport (VYYY),25.49,21.49,28.66,21.61,79.2,0.0,0,178.0,7.31,8.68,1013.14,535.0,2.4,11702.0,1,7.17,-0.2,0.0,0.0,24.05
2016-02-08,"Yangon, Myanmar",Yangon International Airport (VYYY),24.05,19.88,28.72,20.29,71.4,0.0,0,241.0,6.01,6.56,1014.64,417.0,0.5,9462.0,1,8.84,1.5,0.0,0.0,24.86
2016-02-09,"Yangon, Myanmar",Yangon International Airport (VYYY),24.86,20.87,28.83,23.35,74.6,0.0,0,227.0,7.97,9.24,1014.19,466.0,1.5,11228.0,1,7.96,-0.45,0.0,0.0,25.44
2016-02-10,"Yangon, Myanmar",Yangon International Airport (VYYY),25.44,21.23,29.91,22.46,86.0,0.0,0,178.0,7.19,9.21,1011.53,294.0,0.9,10978.0,1,8.68,-2.66,0.0,0.0,23.17
2016-02-11,"Yangon, Myanmar",Yangon International Airport (VYYY),23.17,19.36,28.64,19.78,76.9,34.45,0,199.0,5.0,7.91,1010.67,571.0,2.7,4903.0,25,9.28,-0.86,34.45,34.45,23.85
2016-02-12,"Yangon, Myanmar",Yangon International Airport (VYYY),23.85,19.64,28.73,21.49,81.4,0.0,0,152.0,7.82,8.11,1006.47,464.0,2.1,12095.0,1,9.09,-4.2,34.45,34.45,24.33
2016-02-13,"Yangon, Myanmar",Yangon International Airport (VYYY),24.33,21.12,29.42,20.08,75.8,0.0,0,164.0,5.83,,1015.08,509.0,0.7,11896.0,1,8.3,8.61,34.45,34.45,25.21
2016-02-14,"Yangon, Myanmar",Yangon International Airport (VYYY),25.21,21.7,29.14,21.1,86.4,,0,197.0,8.6,13.0,1014.77,469.0,0.2,10359.0,1,7.43,-0.3,0.0,34.45,24.02
2016-02-15,"Yangon, Myanmar",Yangon International Airport (VYYY),24.02,19.64,28.79,21.16,78.6,0.0,0,190.0,7.33,7.46,1012.85,581.0,2.1,10361.0,1,9.15,-1.93,0.0,34.45,24.08
2016-02-16,"Yangon, Myanmar",Yangon International Airport (VYYY),24.08,19.31,28.31,20.79,81.1,0.0,0,206.0,7.19,8.85,1017.41,471.0,1.4,9635.0,1,9.0,4.56,0.0,34.45,25.68
2016-02-17,"Yangon, Myanmar",Yangon International Airport (VYYY),25.68,22.29,31.04,22.23,80.8,0.0,0,172.0,10.71,21.07,1011.66,452.0,0.6,11251.0,1,8.74,-5.75,0.0,34.45,27.67
2016-02-18,"Yangon, Myanmar",Yangon International Airport (VYYY),27.67,23.22,31.94,23.13,65.9,0.0,0,265.0,2.68,3.51,1014.43,400.0,2.4,10031.0,1,8.72,2.77,0.0,0.0,24.76
2016-02-19,"Yangon, Myanmar",Yangon International Airport (VYYY),24.76,20.19,30.17,21.07,76.1,0.0,0,156.0,10.05,13.68,1010.68,506.0,2.7,12125.0,1,9.98,-3.75,0.0,0.0,23.08
2016-02-20,"Yangon, Myanmar",Yangon International Airport (VYYY),23.08,19.44,28.09,19.77,87.0,0.0,0,171.0,9.48,10.53,1014.45,456.0,3.3,10612.0,1,8.64,3.77,0.0,0.0,24.31
2016-02-21,"Yangon, Myanmar",Yangon International Airport (VYYY),24.31,19.96,27.66,21.34,76.5,,0,187.0,6.13,6.75,1012.01,434.0,3.6,8142.0,1,7.7,-2.44,0.0,0.0,26.84
2016-02-22,"Yangon, Myanmar",Yangon International Airport (VYYY),26.84,23.63,32.72,21.64,85.1,0.0,0,233.0,7.39,9.53,1012.5,572.0,2.7,10651.0,1,9.09,0.49,0.0,0.0,24.28
2016-02-23,"Yangon, Myanmar",Yangon International Airport (VYYY),24.28,20.53,27.34,21.71,78.1,0.0,0,91.0,6.18,9.47,1016.7,466.0,1.5,10949.0,1,6.81,4.2,0.0,0.0,24.81
2016-02-24,"Yangon, Myanmar",Yangon International Airport (VYYY),24.81,20.24,28.9,21.16,73.8,0.0,0,229.0,6.47,7.73,1015.97,497.0,2.8,10043.0,1,8.66,-0.73,0.0,0.0,24.5
2016-02-25,"Yangon, Myanmar",Yangon International Airport (VYYY),24.5,19.29,28.87,21.4,81.3,,0,130.0,4.21,8.8,1013.96,566.0,2.1,11548.0,1,9.58,-2.02,0.0,0.0,25.82
2016-02-26,"Yangon, Myanmar",Yangon International Airport (VYYY),25.82,21.64,30.95,23.52,77.1,0.0,0,178.0,8.58,15.3,1020.03,451.0,3.5,10509.0,1,9.31,6.07,0.0,0.0,24.68
2016-02-27,"Yangon, Myanmar",Yangon International Airport (VYYY),24.68,21.09,30.05,21.91,76.0,0.0,0,118.0,8.4,12.2,1015.32,392.0,1.7,10298.0,1,8.96,-4.71,0.0,0.0,24.17
2016-02-28,"Yangon, Myanmar",Yangon International Airport (VYYY),24.17,20.54,28.4,21.64,77.3,0.0,0,212.0,11.1,12.41,1010.85,502.0,1.8,10045.0,1,7.86,-4.47,0.0,0.0,24.5
2016-02-29,"Yangon, Myanmar",Yangon International Airport (VYYY),24.5,20.8,29.97,23.07,71.7,0.0,0,253.0,8.21,8.63,1009.28,502.0,3.0,10097.0,1,9.17,-1.56,0.0,0.0,25.15
2016-03-01,"Yangon, Myanmar",Yangon International Airport (VYYY),25.15,22.15,31.53,21.64,66.6,12.38,0,288.0,7.63,10.5,1014.58,413.0,3.6,9005.0,8,9.38,5.3,12.38,12.38,24.17
2016-03-02,"Yangon, Myanmar",Yangon International Airport (VYYY),24.17,20.03,27.92,19.36,77.5,0.0,0,245.0,7.73,8.55,1011.11,501.0,2.5,8920.0,1,7.88,-3.47,12.38,12.38,25.46
2016-03-03,"Yangon, Myanmar",Yangon International Airport (VYYY),25.46,21.42,30.46,21.14,80.6,0.0,0,335.0,6.32,18.11,1012.24,499.0,1.9,11360.0,1,9.04,1.13,12.38,12.38,25.42
2016-03-04,"Yangon, Myanmar",Yangon International Airport (VYYY),25.42,21.15,29.23,21.33,78.5,0.0,0,192.0,8.37,8.85,1010.03,415.0,2.1,9907.0,1,8.08,-2.22,0.0,12.38,25.36
2016-03-05,"Yangon, Myanmar",Yangon International Airport (VYYY),25.36,22.55,30.29,22.07,79.1,0.0,0,236.0,8.61,8.7,1012.73,530.0,2.1,10181.0,1,7.74,2.7,0.0,12.38,24.99
2016-03-06,"Yangon, Myanmar",Yangon International Airport (VYYY),24.99,21.25,29.56,21.51,74.0,0.0,0,222.0,6.81,8.68,1010.78,360.0,3.8,11732.0,1,8.31,-1.95,0.0,12.38,24.71
2016-03-07,"Yangon, Myanmar",Yangon International Airport (VYYY),24.71,20.48,29.91,23.26,83.0,0.0,0,164.0,8.94,15.99,1012.88,495.0,1.5,12015.0,1,9.43,2.1,0.0,12.38,25.51
2016-03-08,"Yangon, Myanmar",Yangon International Airport (VYYY),25.51,22.82,31.87,23.65,75.5,0.0,0,183.0,7.54,8.79,1013.54,405.0,3.3,9784.0,1,9.06,0.66,0.0,0.0,24.28
2016-03-09,"Yangon, Myanmar",Yangon International Airport (VYYY),24.28,19.96,29.06,21.52,74.1,0.0,0,288.0,9.37,10.64,1007.09,539.0,0.6,9778.0,1,9.1,-6.45,0.0,0.0,25.83
2016-03-10,"Yangon, Myanmar",Yangon International Airport (VYYY),25.83,22.81,31.23,21.93,82.4,0.0,0,210.0,4.9,8.69,1013.57,534.0,2.6,9814.0,1,8.41,6.49,0.0,0.0,24.31
2016-03-11,"Yangon, Myanmar",Yangon International Airport (VYYY),24.31,20.2,28.51,20.78,78.2,0.0,0,240.0,8.76,10.84,1013.69,489.0,0.8,12183.0,1,8.31,0.11,0.0,0.0,26.56
2016-03-12,"Yangon, Myanmar",Yangon International Airport (VYYY),26.56,22.28,31.31,25.17,83.4,0.0,0,173.0,8.12,12.66,1014.55,466.0,4.2,11245.0,3,9.03,0.86,0.0,0.0,26.91
2016-03-13,"Yangon, Myanmar",Yangon International Airport (VYYY),26.91,23.73,31.09,24.32,77.0,0.0,0,174.0,9.79,16.22,1010.39,465.0,2.7,10409.0,1,7.36,-4.15,0.0,0.0,26.19
2016-03-14,"Yangon, Myanmar",Yangon International Airport (VYYY),26.19,21.35,30.91,24.42,78.5,,0,189.0,7.08,7.38,1011.86,414.0,1.5,10561.0,1,9.56,1.47,0.0,0.0,25.38
2016-03-15,"Yangon, Myanmar",Yangon International Airport (VYYY),25.38,20.54,30.05,21.83,66.7,0.0,0,281.0,6.39,7.13,1010.93,482.0,0.9,9493.0,1,9.51,-0.93,0.0,0.0,25.58
2016-03-16,"Yangon, Myanmar",Yangon International Airport (VYYY),25.58,21.48,29.78,21.9,78.1,0.0,0,163.0,3.8,9.68,1014.83,440.0,3.2,9797.0,1,8.3,3.9,0.0,0.0,25.69
2016-03-17,"Yangon, Myanmar",Yangon International Airport (VYYY),25.69,21.78,29.48,23.89,81.2,0.0,0,254.0,4.77,10.85,1010.29,478.0,4.0,10043.0,1,7.71,-4.54,0.0,0.0,26.61
2016-03-18,"Yangon, Myanmar",Yangon International Airport (VYYY),26.61,22.54,31.34,23.5,77.6,0.0,0,207.0,9.05,11.32,1009.59,424.0,2.1,9992.0,1,8.8,-0.7,0.0,0.0,26.3
2016-03-19,"Yangon, Myanmar",Yangon International Airport (VYYY),26.3,23.05,30.5,23.33,70.4,0.0,0,180.0,9.48,10.51,1011.6,484.0,3.5,9647.0,1,7.45,2.01,0.0,0.0,26.28
2016-03-20,"Yangon, Myanmar",Yangon International Airport (VYYY),26.28,22.42,30.78,22.3,77.9,0.0,0,125.0,5.35,6.07,1012.03,412.0,1.8,10604.0,1,8.36,0.43,0.0,0.0,25.95
2016-03-21,"Yangon, Myanmar",Yangon International Airport (VYYY),25.95,22.66,31.11,21.85,69.1,0.0,0,226.0,7.22,9.74,1015.05,466.0,1.8,10749.0,1,8.45,3.02,0.0,0.0,25.31
2016-03-22,"Yangon, Myanmar",Yangon International Airport (VYYY),25.31,21.7,30.95,22.54,77.1,,0,257.0,6.13,10.66,1012.41,364.0,4.3,6781.0,8,9.26,-2.64,19.43,19.43,26.26
2016-03-23,"Yangon, Myanmar",Yangon International Airport (VYYY),26.26,21.67,30.89,22.41,74.6,0.0,0,244.0,5.74,7.87,1011.47,314.0,3.3,9823.0,1,9.21,-0.95,19.43,19.43,27.7
2016-03-24,"Yangon, Myanmar",Yangon International Airport (VYYY),27.7,23.3,31.11,23.95,79.1,0.0,0,303.0,5.7,8.83,1013.79,516.0,3.0,10675.0,1,7.81,2.32,19.43,19.43,24.74
2016-03-25,"Yangon, Myanmar",Yangon International Airport (VYYY),24.74,21.11,29.1,22.89,85.5,0.0,0,236.0,8.89,9.76,1011.52,405.0,2.0,9402.0,1,7.98,-2.27,0.0,19.43,26.26
2016-03-26,"Yangon, Myanmar",Yangon International Airport (VYYY),26.26,22.76,31.21,22.92,80.9,0.0,0,194.0,4.44,6.29,1007.71,580.0,4.5,8344.0,3,8.45,-3.81,0.0,19.43,23.96
2016-03-27,"Yangon, Myanmar",Yangon International Airport (VYYY),23.96,20.18,28.45,20.65,84.5,0.0,0,200.0,10.82,11.71,1014.18,460.0,2.6,8632.0,1,8.27,6.47,0.0,19.43,26.68
2016-03-28,"Yangon, Myanmar",Yangon International Airport (VYYY),26.68,23.32,31.07,24.98,81.2,0.0,0,110.0,10.89,13.36,1011.19,415.0,2.9,,1,7.75,-2.99,0.0,19.43,25.97
2016-03-29,"Yangon, Myanmar",Yangon International Airport (VYYY),25.97,22.0,31.07,21.18,80.2,0.0,0,147.0,8.58,10.53,1011.22,574.0,3.2,9977.0,1,9.07,0.04,0.0,0.0,25.96
2016-03-30,"Yangon, Myanmar",Yangon International Airport (VYYY),25.96,22.84,31.12,23.15,74.4,0.0,0,256.0,9.34,10.16,1006.3,337.0,2.8,9053.0,1,8.28,-4.92,0.0,0.0,28.06
2016-03-31,"Yangon, Myanmar",Yangon International Airport (VYYY),28.06,24.62,32.04,25.44,78.9,0.0,0,212.0,10.85,13.15,1011.52,333.0,2.4,8111.0,1,7.42,5.21,0.0,0.0,26.95
2016-04-01,"Yangon, Myanmar",Yangon International Airport (VYYY),26.95,23.92,32.13,23.89,83.1,0.0,0,167.0,8.84,13.77,1012.28,275.0,4.2,7842.0,3,8.21,0.76,0.0,0.0,26.04
2016-04-02,"Yangon, Myanmar",Yangon International Airport (VYYY),26.04,22.13,30.67,20.95,77.5,0.0,0,159.0,7.99,12.54,1007.06,434.0,5.3,7218.0,3,8.54,-5.22,0.0,0.0,27.41
2016-04-03,"Yangon, Myanmar",Yangon International Airport (VYYY),27.41,23.58,32.3,24.44,81.5,0.0,0,202.0,12.08,15.37,1017.59,396.0,4.7,9227.0,3,8.72,10.53,0.0,0.0,26.08
2016-04-04,"Yangon, Myanmar",Yangon International Airport (VYYY),26.08,22.43,31.2,23.46,75.9,0.0,0,115.0,6.87,13.48,1008.12,452.0,3.9,8099.0,1,8.77,-9.47,0.0,0.0,27.29
2016-04-05,"Yangon, Myanmar",Yangon International Airport (VYYY),27.29,23.99,31.86,26.22,84.4,0.0,0,158.0,7.93,8.84,1009.97,345.0,5.4,8123.0,3,7.88,1.86,0.0,0.0,28.48
2016-04-06,"Yangon, Myanmar",Yangon International Airport (VYYY),28.48,24.29,33.48,23.8,79.9,0.0,0,296.0,8.96,11.36,1008.55,366.0,3.1,7995.0,1,9.19,-1.43,0.0,0.0,28.35
2016-04-07,"Yangon, Myanmar",Yangon International Airport (VYYY),28.35,24.47,33.98,27.0,89.9,0.0,0,270.0,9.55,11.98,1008.17,329.0,1.5,8397.0,1,9.52,-0.37,0.0,0.0,26.5
2016-04-08,"Yangon, Myanmar",Yangon International Airport (VYYY),26.5,22.62,30.75,21.85,83.8,8.08,0,228.0,9.15,14.4,1008.92,315.0,3.8,6498.0,7,8.13,0.74,8.08,8.08,25.9
2016-04-09,"Yangon, Myanmar",Yangon International Airport (VYYY),25.9,22.11,31.08,21.56,83.9,23.63,0,238.0,12.26,12.65,1007.99,428.0,5.8,5266.0,8,8.97,-0.93,31.71,31.71,26.37
2016-04-10,"Yangon, Myanmar",Yangon International Airport (VYYY),26.37,22.5,32.13,23.17,80.9,12.34,0,222.0,7.69,8.55,1013.33,362.0,6.5,7797.0,8,9.63,5.34,44.05,44.05,28.07
2016-04-11,"Yangon, Myanmar",Yangon International Airport (VYYY),28.07,25.06,33.46,26.1,83.2,0.0,0,222.0,7.32,12.55,1011.7,468.0,3.3,9047.0,1,8.4,-1.63,35.97,44.05,25.85
2016-04-12,"Yangon, Myanmar",Yangon International Airport (VYYY),25.85,22.15,31.11,21.97,83.2,0.0,0,316.0,7.35,7.92,1010.36,159.0,4.0,8990.0,1,8.96,-1.34,12.34,44.05,27.77
2016-04-13,"Yangon, Myanmar",Yangon International Airport (VYYY),27.77,24.5,33.28,24.52,85.1,0.0,0,221.0,6.75,9.69,1012.58,364.0,4.6,8915.0,3,8.78,2.22,0.0,44.05,27.38
2016-04-14,"Yangon, Myanmar",Yangon International Airport (VYYY),27.38,23.95,32.84,26.58,89.8,0.0,0,179.0,10.83,12.11,1011.22,407.0,4.6,8641.0,3,8.89,-1.36,0.0,44.05,25.64
2016-04-15,"Yangon, Myanmar",Yangon International Airport (VYYY),25.64,21.51,31.74,23.33,86.6,0.0,0,239.0,7.57,11.22,1008.56,316.0,3.2,6933.0,1,10.22,-2.66,0.0,35.97,27.39
2016-04-16,"Yangon, Myanmar",Yangon International Airport (VYYY),27.39,23.38,32.16,23.32,86.2,0.0,0,265.0,9.73,13.29,1009.33,282.0,5.1,8442.0,3,8.78,0.76,0.0,12.34,26.99
2016-04-17,"Yangon, Myanmar",Yangon International Airport (VYYY),26.99,22.84,31.36,24.4,78.8,0.0,0,270.0,10.25,10.6,1010.58,369.0,5.0,8808.0,3,8.52,1.25,0.0,0.0,28.47
2016-04-18,"Yangon, Myanmar",Yangon International Airport (VYYY),28.47,23.75,33.39,25.73,78.1,2.46,0,190.0,4.93,6.64,1009.87,246.0,6.5,6124.0,7,9.65,-0.71,2.46,2.46,28.0
2016-04-19,"Yangon, Myanmar",Yangon International Airport (VYYY),28.0,24.0,32.35,25.0,77.9,6.89,0,196.0,10.17,12.03,1013.55,329.0,5.5,6428.0,7,8.35,3.68,9.35,9.35,27.23
2016-04-20,"Yangon, Myanmar",Yangon International Airport (VYYY),27.23,23.69,32.04,24.43,77.5,0.0,0,225.0,9.81,14.59,1009.25,146.0,4.1,8911.0,3,8.35,-4.3,9.35,9.35,28.33
2016-04-21,"Yangon, Myanmar",Yangon International Airport (VYYY),28.33,24.65,32.79,26.85,83.1,3.44,0,207.0,9.59,11.05,1011.24,397.0,3.9,9361.0,7,8.14,1.98,10.33,12.8,28.52
2016-04-22,"Yangon, Myanmar",Yangon International Airport (VYYY),28.52,24.59,33.32,26.0,95.1,0.0,0,209.0,6.71,9.47,1014.35,,6.4,8035.0,4,8.73,3.12,3.44,12.8,29.89
2016-04-23,"Yangon, Myanmar",Yangon International Airport (VYYY),29.89,25.02,34.95,26.3,84.8,14.3,0,225.0,10.2,,1010.01,250.0,7.0,6437.0,8,9.93,-4.34,17.74,27.09,26.79
2016-04-24,"Yangon, Myanmar",Yangon International Airport (VYYY),26.79,22.46,31.02,23.81,92.8,0.0,0,278.0,11.93,12.47,1007.17,334.0,4.3,7856.0,3,8.56,-2.84,14.3,27.09,26.77
2016-04-25,"Yangon, Myanmar",Yangon International Airport (VYYY),26.77,22.87,32.16,23.61,87.5,21.01,0,191.0,6.92,9.42,1010.97,192.0,4.1,5774.0,8,9.29,3.8,35.31,45.64,27.23
2016-04-26,"Yangon, Myanmar",Yangon International Airport (VYYY),27.23,23.34,31.79,22.84,82.1,0.0,0,218.0,9.26,12.99,1011.78,302.0,6.8,6210.0,4,8.44,0.82,21.01,38.75,27.2
2016-04-27,"Yangon, Myanmar",Yangon International Airport (VYYY),27.2,23.69,33.16,22.95,86.5,12.19,0,191.0,9.74,13.17,1006.68,333.0,3.5,5520.0,8,9.47,-5.1,33.2,50.94,28.4
2016-04-28,"Yangon, Myanmar",Yangon International Airport (VYYY),28.4,24.73,32.19,23.04,85.3,0.0,0,209.0,10.31,14.48,1011.08,284.0,,9063.0,3,7.47,4.4,12.19,47.5,28.74
2016-04-29,"Yangon, Myanmar",Yangon International Airport (VYYY),28.74,24.67,33.96,25.05,85.0,21.44,0,196.0,8.18,17.73,1006.51,330.0,4.3,4888.0,8,9.3,-4.57,33.63,68.94,28.42
2016-04-30,"Yangon, Myanmar",Yangon International Airport (VYYY),28.42,25.31,33.81,27.46,81.6,13.59,0,220.0,6.46,8.9,1009.18,325.0,4.8,6116.0,8,8.5,2.67,35.02,68.23,26.88
2016-05-01,"Yangon, Myanmar",Yangon International Airport (VYYY),26.88,23.41,32.22,23.22,86.5,21.35,0,193.0,6.24,8.19,1008.05,259.0,7.2,6296.0,8,8.81,-1.13,56.37,89.57,27.74
2016-05-02,"Yangon, Myanmar",Yangon International Airport (VYYY),27.74,23.99,33.08,24.7,86.4,54.37,0,290.0,10.65,13.92,1008.67,202.0,5.0,909.0,25,9.09,0.61,89.3,122.94,28.55
2016-05-03,"Yangon, Myanmar",Yangon International Airport (VYYY),28.55,24.01,33.59,25.94,73.6,0.0,0,176.0,13.46,13.59,1008.3,230.0,5.8,4325.0,3,9.58,-0.36,75.72,122.94,28.49
2016-05-04,"Yangon, Myanmar",Yangon International Airport (VYYY),28.49,24.22,33.23,25.68,83.6,11.9,0,258.0,7.39,11.14,1007.71,176.0,5.5,4645.0,8,9.0,-0.59,66.28,122.64,28.17
2016-05-05,"Yangon, Myanmar",Yangon International Airport (VYYY),28.17,24.13,32.96,25.45,88.9,5.1,0,248.0,7.5,8.59,1006.51,262.0,5.7,5580.0,7,8.84,-1.21,17.0,127.74,28.98
2016-05-06,"Yangon, Myanmar",Yangon International Airport (VYYY),28.98,24.29,34.05,26.71,79.3,17.65,0,305.0,11.81,20.81,1009.1,273.0,8.0,5316.0,8,9.75,2.59,34.65,123.96,28.71
2016-05-07,"Yangon, Myanmar",Yangon International Airport (VYYY),28.71,25.86,33.53,27.16,81.9,25.54,0,229.0,7.93,11.11,1010.28,287.0,5.8,4300.0,8,7.67,1.18,48.29,135.91,28.22
2016-05-08,"Yangon, Myanmar",Yangon International Airport (VYYY),28.22,24.11,33.04,24.88,85.7,29.43,0,211.0,8.86,13.59,1008.76,221.0,5.4,3485.0,8,8.93,-1.52,72.62,143.99,28.6
2016-05-09,"Yangon, Myanmar",Yangon International Airport (VYYY),28.6,23.99,31.89,26.92,85.6,7.08,0,150.0,8.13,9.04,1004.64,221.0,5.4,5976.0,7,7.89,-4.11,62.04,96.7,28.13
2016-05-10,"Yangon, Myanmar",Yangon International Airport (VYYY),28.13,23.78,33.56,24.77,85.2,0.0,0,256.0,8.77,8.88,1010.74,170.0,6.4,7003.0,4,9.79,6.1,36.51,96.7,28.71
2016-05-11,"Yangon, Myanmar",Yangon International Airport (VYYY),28.71,24.7,33.99,25.8,80.4,16.91,0,177.0,9.27,13.31,1009.88,205.0,5.8,5405.0,8,9.3,-0.87,23.99,101.71,28.91
2016-05-12,"Yangon, Myanmar",Yangon International Airport (VYYY),28.91,25.28,35.16,26.51,83.1,6.92,0,207.0,8.97,10.91,1011.14,278.0,7.0,6366.0,7,9.88,1.27,23.83,103.53,27.37
2016-05-13,"Yangon, Myanmar",Yangon International Airport (VYYY),27.37,23.56,33.02,22.32,90.2,0.0,0,281.0,5.76,7.09,1011.45,182.0,5.6,8543.0,3,9.46,0.3,23.83,85.88,28.39
2016-05-14,"Yangon, Myanmar",Yangon International Airport (VYYY),28.39,24.37,33.19,23.69,88.1,40.63,0,264.0,12.76,14.74,1007.12,249.0,6.5,2009.0,25,8.82,-4.33,47.55,100.97,28.57
2016-05-15,"Yangon, Myanmar",Yangon International Airport (VYYY),28.57,24.53,33.66,25.25,86.2,13.58,0,237.0,6.11,6.89,1008.67,246.0,8.0,5588.0,8,9.13,1.55,54.21,85.12,28.29
2016-05-16,"Yangon, Myanmar",Yangon International Airport (VYYY),28.29,24.1,33.01,25.03,87.9,0.0,0,225.0,9.0,9.24,1009.85,193.0,5.8,8551.0,3,8.91,1.19,54.21,78.04,28.72
2016-05-17,"Yangon, Myanmar",Yangon International Airport (VYYY),28.72,25.09,33.89,26.44,85.1,5.78,0,201.0,10.56,14.13,1007.81,175.0,6.7,6935.0,7,8.8,-2.04,19.36,83.82,29.59
2016-05-18,"Yangon, Myanmar",Yangon International Airport (VYYY),29.59,26.8,34.06,26.72,87.2,13.74,0,227.0,7.58,10.43,1009.7,179.0,5.3,4514.0,8,7.27,1.89,19.52,80.65,29.77
2016-05-19,"Yangon, Myanmar",Yangon International Airport (VYYY),29.77,25.57,35.08,27.19,86.9,0.0,0,291.0,,10.98,1008.55,255.0,8.0,7147.0,4,9.5,-1.15,19.52,73.73,28.2
2016-05-20,"Yangon, Myanmar",Yangon International Airport (VYYY),28.2,23.33,33.67,24.58,81.4,1.57,0,241.0,7.93,17.66,1010.07,291.0,7.4,5296.0,7,10.34,1.53,15.31,75.3,28.68
2016-05-21,"Yangon, Myanmar",Yangon International Airport (VYYY),28.68,24.3,33.45,24.85,99.6,29.66,0,216.0,7.88,9.09,1008.87,232.0,5.6,4059.0,8,9.15,-1.2,31.23,64.33,28.6
2016-05-22,"Yangon, Myanmar",Yangon International Airport (VYYY),28.6,24.59,32.28,25.19,83.5,0.0,0,246.0,7.61,13.99,1011.82,192.0,4.7,6532.0,3,7.69,2.95,31.23,50.75,29.07
2016-05-23,"Yangon, Myanmar",Yangon International Airport (VYYY),29.07,25.38,33.36,26.99,97.9,0.0,0,225.0,10.54,11.33,1013.49,279.0,8.0,6385.0,4,7.99,1.67,29.66,50.75,31.81
2016-05-24,"Yangon, Myanmar",Yangon International Airport (VYYY),31.81,27.03,36.31,28.57,79.5,52.59,0,237.0,11.54,13.53,1010.68,332.0,7.8,1178.0,25,9.29,-2.81,52.59,97.56,28.81
2016-05-25,"Yangon, Myanmar",Yangon International Airport (VYYY),28.81,24.79,33.08,26.17,84.2,32.9,0,169.0,6.23,7.49,1009.63,174.0,7.2,3704.0,25,8.29,-1.05,85.49,116.71,27.53
2016-05-26,"Yangon, Myanmar",Yangon International Airport (VYYY),27.53,23.08,32.36,24.35,82.1,0.0,0,194.0,7.12,7.95,1006.64,139.0,5.2,5243.0,3,9.28,-3.0,85.49,116.71,29.42
2016-05-27,"Yangon, Myanmar",Yangon International Airport (VYYY),29.42,25.06,33.8,25.41,90.3,0.0,0,267.0,5.61,5.97,1009.6,211.0,8.0,6910.0,4,8.73,2.97,32.9,115.14,29.68
2016-05-28,"Yangon, Myanmar",Yangon International Airport (VYYY),29.68,26.13,33.87,25.41,83.5,0.0,0,224.0,10.78,17.91,1007.32,253.0,4.8,6992.0,3,7.74,-2.28,0.0,85.49,29.0
2016-05-29,"Yangon, Myanmar",Yangon International Airport (VYYY),29.0,25.09,34.01,24.81,87.4,1.5,0,266.0,6.87,9.1,1005.12,146.0,7.5,6113.0,7,8.91,-2.2,1.5,86.99,29.37
2016-05-30,"Yangon, Myanmar",Yangon International Airport (VYYY),29.37,25.25,33.5,27.56,79.8,20.07,0,256.0,8.93,,1011.37,195.0,6.3,4403.0,8,8.25,6.25,21.57,107.06,30.22
2016-05-31,"Yangon, Myanmar",Yangon International Airport (VYYY),30.22,26.49,35.36,28.49,89.2,19.72,0,308.0,9.12,16.93,1011.1,89.0,8.0,4480.0,8,8.87,-0.27,41.3,74.19,30.27
2016-06-01,"Yangon, Myanmar",Yangon International Airport (VYYY),30.27,26.2,33.66,27.85,74.1,10.28,0,249.0,8.41,12.69,1006.38,196.0,7.5,5845.0,8,7.46,-4.72,50.07,51.57,27.08
2016-06-02,"Yangon, Myanmar",Yangon International Airport (VYYY),27.08,23.37,31.19,23.87,83.3,0.0,0,182.0,8.2,10.01,1009.64,361.0,6.1,5541.0,4,7.82,3.26,30.0,51.57,28.2
2016-06-03,"Yangon, Myanmar",Yangon International Airport (VYYY),28.2,23.95,32.11,24.55,80.3,5.07,0,272.0,4.74,5.03,1005.67,65.0,6.8,,7,8.16,-3.97,15.35,56.65,27.95
2016-06-04,"Yangon, Myanmar",Yangon International Airport (VYYY),27.95,24.17,33.2,24.99,84.0,10.22,0,250.0,6.75,12.96,1006.98,150.0,7.7,5031.0,8,9.03,1.31,15.3,66.87,28.38
2016-06-05,"Yangon, Myanmar",Yangon International Airport (VYYY),28.38,25.45,32.86,25.05,81.8,0.0,0,266.0,5.33,5.91,1010.19,87.0,,5863.0,3,7.41,3.21,15.3,65.37,30.12
2016-06-06,"Yangon, Myanmar",Yangon International Airport (VYYY),30.12,25.92,35.29,28.02,92.3,0.0,0,228.0,8.32,10.68,1010.1,263.0,8.0,4862.0,4,9.36,-0.09,10.22,45.3,29.35
2016-06-07,"Yangon, Myanmar",Yangon International Airport (VYYY),29.35,25.62,34.32,26.4,82.3,0.0,0,215.0,10.63,15.26,1007.49,,4.9,5184.0,3,8.71,-2.6,0.0,25.57,28.55
2016-06-08,"Yangon, Myanmar",Yangon International Airport (VYYY),28.55,25.67,33.64,24.9,86.7,12.36,0,247.0,9.23,12.63,1009.86,92.0,7.9,5495.0,8,7.97,2.36,12.36,27.65,30.74
2016-06-09,"Yangon, Myanmar",Yangon International Airport (VYYY),30.74,26.92,35.0,27.11,81.0,13.08,0,326.0,11.83,13.26,1007.59,327.0,6.2,3777.0,8,8.08,-2.26,25.44,40.73,29.81
2016-06-10,"Yangon, Myanmar",Yangon International Airport (VYYY),29.81,26.0,34.84,26.48,82.9,2.09,0,219.0,9.73,10.61,1005.47,138.0,6.1,5966.0,7,8.84,-2.12,27.53,37.75,28.44
2016-06-11,"Yangon, Myanmar",Yangon International Airport (VYYY),28.44,25.06,32.35,25.37,93.7,0.0,0,241.0,8.85,10.64,1007.17,2.0,5.8,5199.0,3,7.29,1.7,15.17,27.53,30.42
2016-06-12,"Yangon, Myanmar",Yangon International Airport (VYYY),30.42,27.79,34.66,27.31,81.3,4.35,0,202.0,11.89,13.17,1010.12,190.0,6.7,5610.0,7,6.86,2.95,6.44,31.88,30.96
2016-06-13,"Yangon, Myanmar",Yangon International Airport (VYYY),30.96,27.29,35.28,27.3,86.7,5.74,0,287.0,8.13,8.25,1008.44,200.0,7.7,5485.0,7,8.0,-1.68,10.09,37.62,29.8
2016-06-14,"Yangon, Myanmar",Yangon International Airport (VYYY),29.8,26.41,34.11,23.84,91.6,0.0,0,220.0,8.44,12.57,1004.11,245.0,8.0,5855.0,4,7.69,-4.33,10.09,37.62,29.82
2016-06-15,"Yangon, Myanmar",Yangon International Airport (VYYY),29.82,26.16,34.35,27.85,87.0,32.6,0,305.0,9.63,18.11,1012.36,,7.5,2116.0,25,8.18,8.25,38.34,57.86,29.78
2016-06-16,"Yangon, Myanmar",Yangon International Airport (VYYY),29.78,26.64,34.63,26.81,83.5,4.9,0,251.0,9.31,10.56,1009.06,144.0,7.6,4243.0,7,7.99,-3.3,37.5,49.68,29.12
2016-06-17,"Yangon, Myanmar",Yangon International Airport (VYYY),29.12,25.39,33.22,25.35,93.5,12.99,0,,12.5,14.3,1011.26,292.0,8.0,5523.0,8,7.83,2.2,50.49,60.58,28.74
2016-06-18,"Yangon, Myanmar",Yangon International Airport (VYYY),28.74,24.64,33.9,24.26,85.0,26.41,0,256.0,6.56,9.28,1009.04,162.0,6.5,4131.0,8,9.25,-2.22,44.3,86.99,28.83
2016-06-19,"Yangon, Myanmar",Yangon International Airport (VYYY),28.83,25.81,33.43,25.89,89.3,12.44,0,282.0,10.68,15.01,1010.11,101.0,7.1,4247.0,8,7.63,1.07,51.84,95.08,28.87
2016-06-20,"Yangon, Myanmar",Yangon International Airport (VYYY),28.87,24.63,33.05,25.85,83.3,18.31,0,222.0,8.15,11.95,1006.28,95.0,6.3,3493.0,8,8.42,-3.83,57.16,107.65,28.44
2016-06-21,"Yangon, Myanmar",Yangon International Airport (VYYY),28.44,25.4,33.17,27.16,91.8,49.92,0,223.0,6.58,9.23,1006.38,211.0,5.5,1504.0,25,7.77,0.1,80.67,157.57,30.34
2016-06-22,"Yangon, Myanmar",Yangon International Airport (VYYY),30.34,25.9,35.4,26.57,86.1,0.0,0,246.0,9.88,10.36,1014.34,365.0,8.0,5383.0,4,9.51,7.96,68.22,124.97,29.52
2016-06-23,"Yangon, Myanmar",Yangon International Airport (VYYY),29.52,25.33,34.77,27.5,77.6,6.57,0,234.0,7.13,8.87,1009.12,221.0,8.0,4904.0,7,9.44,-5.21,56.49,126.63,28.67
2016-06-24,"Yangon, Myanmar",Yangon International Airport (VYYY),28.67,24.3,33.23,26.32,84.5,27.88,0,336.0,9.74,16.24,1007.61,94.0,6.1,3236.0,8,8.92,-1.51,34.45,141.52,30.8
2016-06-25,"Yangon, Myanmar",Yangon International Airport (VYYY),30.8,26.92,35.12,28.16,83.2,19.77,0,300.0,10.86,12.96,1006.53,323.0,6.1,4888.0,8,8.2,-1.08,54.21,134.88,30.21
2016-06-26,"Yangon, Myanmar",Yangon International Airport (VYYY),30.21,27.14,34.69,27.52,76.9,19.0,0,183.0,8.46,13.55,1011.14,266.0,7.5,4871.0,8,7.56,4.6,66.64,141.44,30.97
2016-06-27,"Yangon, Myanmar",Yangon International Airport (VYYY),30.97,26.88,35.57,27.52,75.7,0.0,0,227.0,7.24,8.31,1008.34,41.0,6.9,6775.0,4,8.69,-2.79,38.77,123.13,29.15
2016-06-28,"Yangon, Myanmar",Yangon International Airport (VYYY),29.15,24.85,34.33,27.34,90.7,0.0,0,272.0,10.69,14.13,1007.43,244.0,5.8,5651.0,3,9.48,-0.92,19.0,73.21,30.53
2016-06-29,"Yangon, Myanmar",Yangon International Airport (VYYY),30.53,26.47,35.51,28.28,82.8,0.0,0,209.0,11.65,17.44,1006.42,115.0,6.8,6047.0,4,9.04,-1.0,0.0,73.21,31.68
2016-06-30,"Yangon, Myanmar",Yangon International Airport (VYYY),31.68,28.24,36.58,27.69,89.2,5.29,0,282.0,8.49,8.77,1006.16,186.0,7.4,3915.0,7,8.34,-0.27,5.29,71.93,29.57
2016-07-01,"Yangon, Myanmar",Yangon International Airport (VYYY),29.57,26.07,35.39,24.9,87.4,0.0,0,134.0,9.16,12.29,1008.84,102.0,6.4,5444.0,4,9.33,2.69,5.29,44.05,29.41
2016-07-02,"Yangon, Myanmar",Yangon International Airport (VYYY),29.41,26.64,35.99,27.08,88.4,16.41,0,230.0,9.17,13.22,1009.62,310.0,8.0,5271.0,8,9.35,0.78,21.7,40.69,30.24
2016-07-03,"Yangon, Myanmar",Yangon International Airport (VYYY),30.24,26.35,36.11,28.12,76.1,7.93,0,213.0,8.77,10.45,1009.18,287.0,6.8,5255.0,7,9.77,-0.44,24.33,29.62,29.83
2016-07-04,"Yangon, Myanmar",Yangon International Airport (VYYY),29.83,26.31,34.81,27.09,83.4,14.18,0,337.0,8.02,17.77,1008.1,268.0,7.3,3365.0,8,8.5,-1.08,38.51,43.8,31.04
2016-07-05,"Yangon, Myanmar",Yangon International Airport (VYYY),31.04,26.61,36.28,27.89,79.2,2.88,0,236.0,7.89,8.77,1002.19,306.0,7.3,3175.0,7,9.67,-5.92,24.98,46.68,29.72
2016-07-06,"Yangon, Myanmar",Yangon International Airport (VYYY),29.72,25.46,35.65,26.22,86.4,8.8,0,289.0,11.1,13.08,1007.27,203.0,7.0,4571.0,7,10.2,5.09,25.86,55.48,30.19
2016-07-07,"Yangon, Myanmar",Yangon International Airport (VYYY),30.19,26.19,34.59,25.95,84.5,0.0,0,307.0,7.02,9.37,1012.85,289.0,8.0,6037.0,4,8.4,5.57,11.68,50.19,31.07
2016-07-08,"Yangon, Myanmar",Yangon International Airport (VYYY),31.07,27.08,35.67,28.84,90.5,0.0,0,268.0,7.82,12.16,1006.83,301.0,5.3,6862.0,3,8.59,-6.02,8.8,50.19,30.7
2016-07-09,"Yangon, Myanmar",Yangon International Airport (VYYY),30.7,26.88,35.37,28.65,84.9,4.96,0,255.0,8.29,12.23,1004.51,,5.9,5183.0,7,8.49,-2.31,4.96,38.75,29.51
2016-07-10,"Yangon, Myanmar",Yangon International Airport (VYYY),29.51,25.9,34.9,27.66,83.9,14.0,0,245.0,11.89,21.14,1007.33,248.0,8.0,3850.0,8,9.0,2.81,18.96,44.82,29.81
2016-07-11,"Yangon, Myanmar",Yangon International Airport (VYYY),29.81,27.76,35.35,27.2,92.5,6.17,0,219.0,12.41,14.45,1008.17,262.0,8.0,6537.0,7,7.59,0.84,25.13,36.81,32.06
2016-07-12,"Yangon, Myanmar",Yangon International Airport (VYYY),32.06,28.37,36.35,31.21,69.9,1.88,0,190.0,10.57,13.06,1006.84,228.0,6.2,6111.0,7,7.98,-1.33,22.05,35.81,30.93
2016-07-13,"Yangon, Myanmar",Yangon International Airport (VYYY),30.93,26.58,35.17,27.02,87.8,21.23,0,232.0,10.4,13.86,1007.78,263.0,6.3,3538.0,8,8.58,0.94,29.27,48.24,29.27
2016-07-14,"Yangon, Myanmar",Yangon International Airport (VYYY),29.27,26.78,33.5,25.93,83.0,0.0,0,251.0,9.67,11.45,1003.49,283.0,6.6,8785.0,4,6.72,-4.29,23.11,48.24,30.42
2016-07-15,"Yangon, Myanmar",Yangon International Airport (VYYY),30.42,25.9,35.56,28.47,80.8,0.0,0,320.0,12.67,15.65,1006.39,372.0,7.0,5973.0,4,9.66,2.9,21.23,48.24,28.83
2016-07-16,"Yangon, Myanmar",Yangon International Airport (VYYY),28.83,24.77,34.15,25.14,85.7,9.2,0,275.0,6.42,9.05,1009.89,342.0,5.7,6128.0,7,9.38,3.5,9.2,52.48,30.01
2016-07-17,"Yangon, Myanmar",Yangon International Airport (VYYY),30.01,26.3,34.15,25.19,80.6,1.19,0,345.0,10.1,12.01,1005.75,232.0,6.8,5907.0,7,7.85,-4.14,10.39,39.66,30.75
2016-07-18,"Yangon, Myanmar",Yangon International Airport (VYYY),30.75,26.62,36.34,28.09,74.4,7.61,0,267.0,9.35,12.95,1009.85,281.0,6.4,4492.0,7,9.72,4.1,18.0,41.11,29.26
2016-07-19,"Yangon, Myanmar",Yangon International Airport (VYYY),29.26,23.38,34.47,28.21,81.7,0.0,0,196.0,10.33,12.94,1005.33,131.0,7.3,7771.0,4,11.09,-4.51,8.8,39.23,31.89
2016-07-20,"Yangon, Myanmar",Yangon International Airport (VYYY),31.89,27.6,35.87,28.4,85.9,22.86,0,348.0,10.71,14.87,1007.5,298.0,7.6,3034.0,8,8.28,2.17,30.48,40.86,30.09
2016-07-21,"Yangon, Myanmar",Yangon International Airport (VYYY),30.09,25.9,35.8,25.39,81.8,11.6,0,248.0,9.27,10.63,1009.58,142.0,6.3,4594.0,8,9.9,2.08,34.46,52.46,30.92
2016-07-22,"Yangon, Myanmar",Yangon International Airport (VYYY),30.92,27.42,35.56,27.82,77.3,0.68,0,220.0,11.73,13.15,1005.14,265.0,4.5,5148.0,7,8.14,-4.44,35.14,53.14,27.6
2016-07-23,"Yangon, Myanmar",Yangon International Airport (VYYY),27.6,23.77,31.67,24.61,79.1,10.78,0,189.0,11.21,11.62,1009.82,227.0,6.9,6332.0,8,7.9,4.68,23.05,54.72,29.7
2016-07-24,"Yangon, Myanmar",Yangon International Airport (VYYY),29.7,24.69,34.74,27.09,74.1,0.0,0,195.0,6.67,7.89,1007.09,347.0,5.8,8021.0,3,10.05,-2.73,11.46,53.53,30.72
2016-07-25,"Yangon, Myanmar",Yangon International Airport (VYYY),30.72,27.36,36.82,26.56,89.2,26.84,0,216.0,11.05,12.08,1008.99,250.0,5.7,4142.0,8,9.46,1.89,37.63,72.76,29.38
2016-07-26,"Yangon, Myanmar",Yangon International Airport (VYYY),29.38,25.66,34.39,25.47,73.8,39.64,0,254.0,9.49,10.21,1003.33,193.0,6.1,1511.0,25,8.74,-5.66,66.49,112.4,31.12
2016-07-27,"Yangon, Myanmar",Yangon International Airport (VYYY),31.12,27.83,37.92,27.12,86.1,8.32,0,268.0,8.72,16.44,1006.62,378.0,5.1,6296.0,7,10.08,3.29,74.81,97.86,29.73
2016-07-28,"Yangon, Myanmar",Yangon International Airport (VYYY),29.73,25.96,34.29,25.77,77.6,12.57,0,230.0,7.3,8.05,1007.28,435.0,7.1,6811.0,8,8.34,0.66,60.53,98.84,32.23
2016-07-29,"Yangon, Myanmar",Yangon International Airport (VYYY),32.23,28.38,37.3,30.42,81.4,11.47,0,301.0,10.54,11.44,1005.6,312.0,5.5,5473.0,8,8.92,-1.67,32.36,109.63,30.01
2016-07-30,"Yangon, Myanmar",Yangon International Airport (VYYY),30.01,26.8,36.07,28.59,82.0,17.24,0,250.0,3.71,8.28,1005.25,218.0,5.6,6944.0,8,9.27,-0.35,41.27,116.08,29.48
2016-07-31,"Yangon, Myanmar",Yangon International Airport (VYYY),29.48,25.35,34.09,25.98,72.3,0.0,0,191.0,9.44,12.93,1008.5,350.0,5.9,7473.0,3,8.74,3.25,28.7,116.08,30.21
2016-08-01,"Yangon, Myanmar",Yangon International Airport (VYYY),30.21,26.19,34.24,28.85,,10.21,0,224.0,8.81,13.5,,300.0,5.5,6059.0,8,8.05,2.41,27.45,99.45,29.43
2016-08-02,"Yangon, Myanmar",Yangon International Airport (VYYY),29.43,25.16,33.71,26.98,82.0,0.0,0,173.0,6.68,17.41,1008.39,414.0,6.2,7826.0,4,8.54,-2.53,10.21,59.8,29.33
2016-08-03,"Yangon, Myanmar",Yangon International Airport (VYYY),29.33,25.13,33.52,26.89,74.6,9.71,0,248.0,12.01,17.04,1008.39,280.0,5.9,6363.0,7,8.39,0.0,19.92,61.19,30.23
2016-08-04,"Yangon, Myanmar",Yangon International Airport (VYYY),30.23,26.58,34.74,28.52,80.1,0.0,0,254.0,7.11,10.24,1010.03,188.0,5.7,6957.0,3,8.16,1.64,9.71,48.62,30.71
2016-08-05,"Yangon, Myanmar",Yangon International Airport (VYYY),30.71,27.4,35.9,26.77,76.9,17.21,0,260.0,13.34,17.06,1007.53,242.0,5.9,6349.0,8,8.5,-2.5,26.92,54.36,30.93
2016-08-06,"Yangon, Myanmar",Yangon International Airport (VYYY),30.93,27.23,36.75,28.12,81.0,5.14,0,160.0,12.42,14.12,1009.4,175.0,6.1,6688.0,7,9.52,1.87,22.35,42.27,28.88
2016-08-07,"Yangon, Myanmar",Yangon International Airport (VYYY),28.88,25.3,33.75,25.39,69.1,1.55,0,243.0,7.25,13.49,1005.08,315.0,3.6,8192.0,7,8.45,-4.32,23.9,43.82,28.38
2016-08-08,"Yangon, Myanmar",Yangon International Airport (VYYY),28.38,25.32,32.65,25.25,75.3,0.0,0,111.0,8.56,13.21,1007.5,151.0,4.6,7050.0,3,7.33,2.42,6.69,33.61,29.91
2016-08-09,"Yangon, Myanmar",Yangon International Airport (VYYY),29.91,27.07,35.26,26.0,68.8,0.0,0,195.0,8.57,9.36,1007.17,314.0,4.1,7625.0,3,8.19,-0.33,1.55,33.61,31.47
2016-08-10,"Yangon, Myanmar",Yangon International Airport (VYYY),31.47,27.94,36.58,28.54,67.7,7.75,0,197.0,5.57,10.11,1008.51,415.0,4.4,7696.0,7,8.64,1.34,7.75,31.64,30.81
2016-08-11,"Yangon, Myanmar",Yangon International Airport (VYYY),30.81,27.43,36.83,27.79,92.5,10.46,0,251.0,11.36,13.17,1008.65,415.0,5.2,8254.0,8,9.4,0.14,18.21,42.11,30.79
2016-08-12,"Yangon, Myanmar",Yangon International Airport (VYYY),30.79,26.59,35.17,27.22,73.5,0.0,0,288.0,3.43,4.86,1008.36,,4.0,9109.0,3,8.58,-0.29,18.21,24.9,29.19
2016-08-13,"Yangon, Myanmar",Yangon International Airport (VYYY),29.19,26.04,34.39,26.08,77.6,0.0,0,297.0,7.77,9.04,1006.63,408.0,5.4,9958.0,3,8.35,-1.73,10.46,19.76,29.0
2016-08-14,"Yangon, Myanmar",Yangon International Airport (VYYY),29.0,25.2,34.41,24.56,76.2,0.0,0,286.0,5.54,6.55,1007.05,282.0,5.5,7559.0,3,9.2,0.42,0.0,18.21,29.79
2016-08-15,"Yangon, Myanmar",Yangon International Airport (VYYY),29.79,25.53,33.59,26.94,69.1,1.02,0,189.0,7.51,12.64,1003.66,317.0,4.4,7618.0,7,8.06,-3.38,1.02,19.23,29.37
2016-08-16,"Yangon, Myanmar",Yangon International Airport (VYYY),29.37,25.41,31.98,25.66,74.6,0.0,0,245.0,9.12,10.15,1008.42,294.0,3.3,8120.0,1,6.57,4.76,1.02,19.23,29.43
2016-08-17,"Yangon, Myanmar",Yangon International Airport (VYYY),29.43,25.55,35.5,25.21,82.9,0.0,0,241.0,5.13,11.13,1005.18,281.0,3.6,7840.0,1,9.95,-3.24,1.02,11.48,30.92
2016-08-18,"Yangon, Myanmar",Yangon International Airport (VYYY),30.92,27.23,35.01,28.91,85.8,0.0,0,176.0,6.26,8.19,1008.41,429.0,3.6,8067.0,1,7.78,3.23,0.0,1.02,28.84
2016-08-19,"Yangon, Myanmar",Yangon International Airport (VYYY),28.84,25.29,33.13,25.83,77.4,0.0,0,179.0,6.51,13.76,1009.76,447.0,6.2,8684.0,4,7.83,1.36,0.0,1.02,27.81
2016-08-20,"Yangon, Myanmar",Yangon International Airport (VYYY),27.81,23.93,33.36,25.22,68.2,0.0,0,177.0,13.05,13.64,1003.17,423.0,3.0,7467.0,1,9.43,-6.59,0.0,1.02,29.46
2016-08-21,"Yangon, Myanmar",Yangon International Airport (VYYY),29.46,25.16,33.95,26.06,71.2,0.0,0,222.0,7.48,10.23,1003.68,309.0,4.7,8342.0,3,8.79,0.51,0.0,1.02,28.44
2016-08-22,"Yangon, Myanmar",Yangon International Airport (VYYY),28.44,24.68,33.95,26.94,78.9,0.0,0,211.0,8.96,9.07,1002.26,349.0,7.3,10030.0,4,9.26,-1.42,0.0,0.0,31.4
2016-08-23,"Yangon, Myanmar",Yangon International Airport (VYYY),31.4,27.22,35.41,27.13,69.8,19.33,0,222.0,9.61,10.51,1007.14,352.0,4.2,4191.0,8,8.2,4.88,19.33,19.33,30.16
2016-08-24,"Yangon, Myanmar",Yangon International Airport (VYYY),30.16,25.92,36.06,,80.4,0.0,0,239.0,9.17,9.84,1009.87,429.0,2.1,8431.0,1,10.15,2.74,19.33,19.33,29.13
2016-08-25,"Yangon, Myanmar",Yangon International Airport (VYYY),29.13,25.29,34.31,26.33,70.3,0.0,0,234.0,9.41,11.86,1006.36,424.0,3.5,8722.0,1,9.02,-3.51,19.33,19.33,30.84
2016-08-26,"Yangon, Myanmar",Yangon International Airport (VYYY),30.84,26.24,36.22,26.39,68.0,0.0,0,158.0,7.91,8.46,1011.74,360.0,2.3,9519.0,1,9.98,5.38,0.0,19.33,29.39
2016-08-27,"Yangon, Myanmar",Yangon International Airport (VYYY),29.39,25.98,33.17,26.85,77.8,0.0,0,184.0,6.44,13.53,1005.38,407.0,3.4,9200.0,1,7.19,-6.36,0.0,19.33,30.27
2016-08-28,"Yangon, Myanmar",Yangon International Airport (VYYY),30.27,26.68,34.28,27.95,77.7,0.0,0,167.0,8.46,9.69,1009.44,374.0,5.2,8515.0,3,7.59,4.06,0.0,19.33,28.81
2016-08-29,"Yangon, Myanmar",Yangon International Airport (VYYY),28.81,24.99,34.28,26.21,76.9,0.0,0,237.0,10.03,12.02,1008.6,437.0,2.3,9405.0,1,9.3,-0.84,0.0,19.33,29.86
2016-08-30,"Yangon, Myanmar",Yangon International Airport (VYYY),29.86,25.9,34.12,27.67,75.5,45.92,0,243.0,7.94,12.78,1005.89,367.0,2.9,4779.0,25,8.23,-2.71,45.92,45.92,29.44
2016-08-31,"Yangon, Myanmar",Yangon International Airport (VYYY),29.44,26.63,34.76,26.42,73.2,0.0,0,194.0,7.53,8.3,1008.92,441.0,3.8,10746.0,1,8.13,3.03,45.92,45.92,29.99
2016-09-01,"Yangon, Myanmar",Yangon International Airport (VYYY),29.99,26.01,35.06,27.14,70.5,0.0,0,273.0,9.18,9.64,1006.62,383.0,1.9,8237.0,1,9.05,-2.3,45.92,45.92,29.12
2016-09-02,"Yangon, Myanmar",Yangon International Airport (VYYY),29.12,26.03,33.98,26.0,80.1,0.0,0,212.0,10.05,10.09,1006.26,462.0,3.2,10291.0,1,7.95,-0.36,0.0,45.92,31.06
2016-09-03,"Yangon, Myanmar",Yangon International Airport (VYYY),31.06,28.61,35.8,28.38,77.2,0.0,0,213.0,5.73,21.04,1004.18,533.0,2.2,9863.0,1,7.18,-2.08,0.0,45.92,30.01
2016-09-04,"Yangon, Myanmar",Yangon International Airport (VYYY),30.01,25.91,34.86,26.07,72.9,0.0,0,205.0,5.52,7.82,,466.0,3.0,9687.0,1,8.94,5.52,0.0,45.92,28.28
2016-09-05,"Yangon, Myanmar",Yangon International Airport (VYYY),28.28,25.18,32.89,25.7,69.4,0.0,0,186.0,7.06,7.34,1009.31,416.0,3.1,9749.0,1,7.71,-0.39,0.0,45.92,29.49
2016-09-06,"Yangon, Myanmar",Yangon International Airport (VYYY),29.49,25.21,34.84,27.19,74.3,0.0,0,278.0,10.24,15.5,1007.28,458.0,2.4,8947.0,1,9.63,-2.03,0.0,0.0,28.38
2016-09-07,"Yangon, Myanmar",Yangon International Airport (VYYY),28.38,25.12,33.84,26.5,78.4,0.0,0,174.0,3.98,4.77,1006.69,405.0,3.8,10432.0,1,8.72,-0.59,0.0,0.0,28.94
2016-09-08,"Yangon, Myanmar",Yangon International Airport (VYYY),28.94,25.02,33.68,25.99,65.8,0.0,0,213.0,8.91,13.14,1009.08,412.0,1.3,9628.0,1,8.65,2.39,0.0,0.0,29.86
2016-09-09,"Yangon, Myanmar",Yangon International Airport (VYYY),29.86,26.05,34.69,26.74,70.1,0.0,0,196.0,7.33,8.12,1007.35,660.0,2.1,9191.0,1,8.64,-1.73,0.0,0.0,29.22
2016-09-10,"Yangon, Myanmar",Yangon International Airport (VYYY),29.22,25.91,33.25,26.22,,0.0,0,225.0,8.02,,1008.11,486.0,3.1,7830.0,1,7.34,0.76,0.0,0.0,27.71
2016-09-11,"Yangon, Myanmar",Yangon International Airport (VYYY),27.71,24.23,32.14,23.6,65.4,0.0,0,237.0,7.75,13.01,1009.98,415.0,0.5,9438.0,1,7.91,1.87,0.0,0.0,29.84
2016-09-12,"Yangon, Myanmar",Yangon International Airport (VYYY),29.84,26.48,33.16,26.51,69.7,0.0,0,143.0,7.04,7.63,1005.39,491.0,1.8,10295.0,1,6.68,-4.59,0.0,0.0,29.03
2016-09-13,"Yangon, Myanmar",Yangon International Airport (VYYY),29.03,24.55,33.47,25.85,71.6,0.0,0,193.0,3.48,4.42,1014.89,630.0,4.6,8631.0,3,8.92,9.5,0.0,0.0,27.08
2016-09-14,"Yangon, Myanmar",Yangon International Airport (VYYY),27.08,23.67,30.5,24.14,66.5,0.0,0,238.0,9.89,24.45,1011.58,472.0,2.7,10167.0,1,6.84,-3.31,0.0,0.0,27.97
2016-09-15,"Yangon, Myanmar",Yangon International Airport (VYYY),27.97,24.08,32.68,25.04,67.3,0.0,0,230.0,9.23,11.92,1010.28,355.0,3.9,9818.0,1,8.61,-1.3,0.0,0.0,29.67
2016-09-16,"Yangon, Myanmar",Yangon International Airport (VYYY),29.67,24.49,33.02,27.02,71.1,0.0,0,197.0,7.19,8.13,1011.29,366.0,0.7,10378.0,1,8.53,1.01,0.0,0.0,29.2
2016-09-17,"Yangon, Myanmar",Yangon International Airport (VYYY),29.2,25.23,34.92,26.07,71.2,0.0,0,191.0,8.8,12.65,1010.59,530.0,3.0,11117.0,1,9.69,-0.69,0.0,0.0,30.1
2016-09-18,"Yangon, Myanmar",Yangon International Airport (VYYY),30.1,26.49,33.58,28.77,75.8,0.0,0,169.0,,8.44,1008.66,455.0,2.1,9923.0,1,7.09,-1.94,0.0,0.0,26.86
2016-09-19,"Yangon, Myanmar",Yangon International Airport (VYYY),26.86,23.43,31.92,23.5,76.1,0.0,0,245.0,6.68,12.99,1009.32,502.0,2.5,9667.0,1,8.49,0.66,0.0,0.0,27.5
2016-09-20,"Yangon, Myanmar",Yangon International Airport (VYYY),27.5,24.13,32.95,23.77,79.8,0.0,0,237.0,4.49,9.16,1007.65,455.0,2.0,9390.0,1,8.82,-1.67,0.0,0.0,26.38
2016-09-21,"Yangon, Myanmar",Yangon International Airport (VYYY),26.38,21.52,31.15,22.69,71.9,11.87,0,194.0,10.4,16.42,1005.07,350.0,2.1,10526.0,8,9.63,-2.58,11.87,11.87,28.86
2016-09-22,"Yangon, Myanmar",Yangon International Airport (VYYY),28.86,25.1,33.3,28.34,72.1,0.0,0,172.0,8.98,11.2,1011.34,592.0,5.4,9431.0,3,8.21,6.27,11.87,11.87,28.93
2016-09-23,"Yangon, Myanmar",Yangon International Airport (VYYY),28.93,25.76,33.35,24.91,78.3,0.0,0,124.0,7.45,8.02,1011.54,484.0,4.7,10838.0,3,7.59,0.2,11.87,11.87,28.28
2016-09-24,"Yangon, Myanmar",Yangon International Airport (VYYY),28.28,24.28,34.39,25.48,67.9,0.0,0,163.0,9.88,12.77,1010.92,538.0,2.8,10259.0,1,10.11,-0.62,0.0,11.87,28.36
2016-09-25,"Yangon, Myanmar",Yangon International Airport (VYYY),28.36,24.63,32.56,28.47,75.2,0.0,0,169.0,7.91,10.68,,476.0,3.9,9220.0,1,7.93,-1.05,0.0,11.87,28.99
2016-09-26,"Yangon, Myanmar",Yangon International Airport (VYYY),28.99,24.45,33.24,25.83,67.7,0.0,0,232.0,5.3,6.34,1010.91,487.0,4.0,10915.0,3,8.79,1.03,0.0,11.87,29.94
2016-09-27,"Yangon, Myanmar",Yangon International Airport (VYYY),29.94,26.17,35.21,26.8,69.0,0.0,0,201.0,7.5,8.04,1010.18,410.0,3.0,8384.0,1,9.04,-0.73,0.0,11.87,28.46
2016-09-28,"Yangon, Myanmar",Yangon International Airport (VYYY),28.46,24.0,33.27,24.3,77.2,10.28,0,121.0,11.55,15.23,1008.57,515.0,3.6,9029.0,8,9.27,-1.61,10.28,10.28,27.16
2016-09-29,"Yangon, Myanmar",Yangon International Airport (VYYY),27.16,23.5,31.67,25.7,70.0,0.0,0,210.0,11.74,12.97,1012.5,504.0,2.9,9777.0,1,8.17,3.92,10.28,10.28,28.0
2016-09-30,"Yangon, Myanmar",Yangon International Airport (VYYY),28.0,23.7,31.17,24.96,86.4,0.0,0,263.0,7.06,8.37,1004.35,544.0,2.4,11741.0,1,7.47,-8.14,10.28,10.28,28.12
2016-10-01,"Yangon, Myanmar",Yangon International Airport (VYYY),28.12,24.43,33.11,24.68,61.0,0.0,0,291.0,5.68,7.91,1011.59,470.0,4.0,10300.0,3,8.68,7.24,0.0,10.28,27.44
2016-10-02,"Yangon, Myanmar",Yangon International Airport (VYYY),27.44,22.22,34.06,24.73,68.5,0.0,0,221.0,,6.13,1011.91,507.0,1.0,9931.0,1,11.83,0.32,0.0,10.28,28.66
2016-10-03,"Yangon, Myanmar",Yangon International Airport (VYYY),28.66,24.65,33.92,25.34,72.5,0.0,0,211.0,7.52,9.53,1011.98,540.0,4.1,8798.0,3,9.28,0.07,0.0,10.28,28.41
2016-10-04,"Yangon, Myanmar",Yangon International Airport (VYYY),28.41,25.35,31.77,25.91,66.8,0.0,0,156.0,7.94,14.55,1007.57,533.0,1.8,9964.0,1,6.42,-4.41,0.0,10.28,26.53
2016-10-05,"Yangon, Myanmar",Yangon International Airport (VYYY),26.53,22.26,32.98,24.5,78.6,0.0,0,146.0,7.41,10.14,1009.88,597.0,0.2,10556.0,1,10.72,2.31,0.0,0.0,28.41
2016-10-06,"Yangon, Myanmar",Yangon International Airport (VYYY),28.41,24.82,33.42,25.1,70.5,0.0,0,102.0,6.79,7.4,1012.62,555.0,0.8,10706.0,1,8.6,2.74,0.0,0.0,29.1
2016-10-07,"Yangon, Myanmar",Yangon International Airport (VYYY),29.1,25.06,34.35,26.14,76.2,0.0,0,196.0,5.83,10.57,1006.73,426.0,2.3,11105.0,1,9.28,-5.89,0.0,0.0,28.95
2016-10-08,"Yangon, Myanmar",Yangon International Airport (VYYY),28.95,24.47,35.06,24.45,74.6,0.0,0,179.0,9.71,16.61,1009.88,406.0,2.4,11686.0,1,10.59,3.15,0.0,0.0,27.98
2016-10-09,"Yangon, Myanmar",Yangon International Airport (VYYY),27.98,24.32,33.06,22.91,70.7,0.0,0,202.0,4.35,6.07,1016.19,,2.2,10071.0,1,8.74,6.31,0.0,0.0,28.26
2016-10-10,"Yangon, Myanmar",Yangon International Airport (VYYY),28.26,24.47,33.22,24.91,74.0,0.0,0,221.0,7.85,12.18,1007.69,499.0,1.5,9684.0,1,8.74,-8.5,0.0,0.0,27.26
2016-10-11,"Yangon, Myanmar",Yangon International Airport (VYYY),27.26,22.88,32.12,24.86,71.3,0.0,0,182.0,6.0,9.3,1005.74,498.0,3.4,10136.0,1,9.24,-1.94,0.0,0.0,26.85
2016-10-12,"Yangon, Myanmar",Yangon International Airport (VYYY),26.85,22.97,30.81,23.03,74.4,0.0,0,198.0,4.47,7.92,1009.64,499.0,0.0,9313.0,1,7.84,3.9,0.0,0.0,27.15
2016-10-13,"Yangon, Myanmar",Yangon International Airport (VYYY),27.15,23.84,30.09,22.67,80.4,0.0,0,271.0,7.05,7.86,1008.48,,1.2,9492.0,1,6.25,-1.16,0.0,0.0,27.09
2016-10-14,"Yangon, Myanmar",Yangon International Airport (VYYY),27.09,23.49,31.05,23.8,77.2,0.0,0,234.0,6.59,9.18,1012.9,455.0,2.9,10707.0,1,7.56,4.43,0.0,0.0,25.52
2016-10-15,"Yangon, Myanmar",Yangon International Airport (VYYY),25.52,21.25,30.64,22.15,75.1,13.63,0,248.0,11.38,13.02,1009.21,325.0,3.5,8418.0,8,9.38,-3.7,13.63,13.63,26.35
2016-10-16,"Yangon, Myanmar",Yangon International Airport (VYYY),26.35,22.13,30.98,24.73,68.4,12.7,0,196.0,8.92,9.42,1011.52,515.0,0.1,9341.0,8,8.85,2.32,26.33,26.33,25.18
2016-10-17,"Yangon, Myanmar",Yangon International Airport (VYYY),25.18,21.76,30.17,21.54,70.7,0.0,0,168.0,6.46,6.96,1011.12,336.0,0.0,10477.0,1,8.41,-0.4,26.33,26.33,25.91
2016-10-18,"Yangon, Myanmar",Yangon International Airport (VYYY),25.91,22.41,31.0,23.54,72.7,0.0,0,195.0,5.14,5.47,1011.5,519.0,1.3,11329.0,1,8.59,0.38,12.7,26.33,27.02
2016-10-19,"Yangon, Myanmar",Yangon International Airport (VYYY),27.02,23.1,32.73,24.75,75.8,0.0,0,188.0,10.05,18.77,1011.9,470.0,4.0,10306.0,3,9.63,0.39,0.0,26.33,26.76
2016-10-20,"Yangon, Myanmar",Yangon International Airport (VYYY),26.76,22.81,31.31,24.07,73.1,0.0,0,199.0,7.43,9.51,1009.32,431.0,2.8,10070.0,1,8.5,-2.58,0.0,26.33,27.22
2016-10-21,"Yangon, Myanmar",Yangon International Airport (VYYY),27.22,22.88,32.67,23.29,75.4,0.0,0,173.0,6.45,10.21,1009.56,461.0,2.1,9618.0,1,9.79,0.24,0.0,26.33,27.57
2016-10-22,"Yangon, Myanmar",Yangon International Airport (VYYY),27.57,24.01,32.45,23.38,78.0,0.0,0,307.0,8.91,12.63,1008.72,606.0,1.6,9817.0,1,8.43,-0.84,0.0,12.7,25.19
2016-10-23,"Yangon, Myanmar",Yangon International Airport (VYYY),25.19,21.57,31.41,22.34,86.5,0.0,0,199.0,7.07,10.21,1012.58,625.0,3.2,9183.0,1,9.85,3.86,0.0,0.0,26.04
2016-10-24,"Yangon, Myanmar",Yangon International Airport (VYYY),26.04,22.44,31.01,24.78,75.9,0.0,0,255.0,8.21,9.67,1009.59,491.0,0.9,9531.0,1,8.58,-3.0,0.0,0.0,26.21
2016-10-25,"Yangon, Myanmar",Yangon International Airport (VYYY),26.21,21.99,30.93,25.0,81.5,0.0,0,189.0,9.31,13.49,1011.69,370.0,2.7,9809.0,1,8.94,2.11,0.0,0.0,27.29
2016-10-26,"Yangon, Myanmar",Yangon International Airport (VYYY),27.29,23.26,32.6,26.65,81.1,0.0,0,278.0,8.32,9.41,1011.5,471.0,1.2,8664.0,1,9.34,-0.19,0.0,0.0,28.2
2016-10-27,"Yangon, Myanmar",Yangon International Airport (VYYY),28.2,24.08,33.48,26.22,69.5,0.0,0,229.0,7.3,14.53,1012.79,496.0,0.3,11074.0,1,9.4,1.29,0.0,0.0,26.32
2016-10-28,"Yangon, Myanmar",Yangon International Airport (VYYY),26.32,21.71,30.9,23.48,83.1,9.08,0,160.0,6.77,11.93,1012.54,446.0,2.6,10853.0,7,9.19,-0.26,9.08,9.08,27.76
2016-10-29,"Yangon, Myanmar",Yangon International Airport (VYYY),27.76,23.9,41.49,23.61,78.3,0.0,0,185.0,8.76,29.990000000000002,1007.46,383.0,2.5,11364.0,1,8.59,-5.07,9.08,9.08,25.78
2016-10-30,"Yangon, Myanmar",Yangon International Airport (VYYY),25.78,21.63,31.62,23.04,70.0,0.0,0,258.0,5.75,7.45,1013.44,369.0,0.8,9234.0,1,9.99,5.97,9.08,9.08,27.68
2016-10-31,"Yangon, Myanmar",Yangon International Airport (VYYY),27.68,23.95,32.1,25.83,81.8,0.0,0,234.0,6.46,9.62,1010.48,457.0,3.4,11548.0,1,8.14,-2.96,0.0,9.08,26.63
2016-11-01,"Yangon, Myanmar",Yangon International Airport (VYYY),26.63,23.6,33.12,23.15,68.9,0.0,0,203.0,8.3,19.54,1012.34,293.0,0.5,10192.0,1,9.52,1.86,0.0,9.08,25.94
2016-11-02,"Yangon, Myanmar",Yangon International Airport (VYYY),25.94,22.42,30.89,22.87,85.9,0.0,0,198.0,8.95,11.14,1009.02,509.0,0.7,8838.0,1,8.46,-3.32,0.0,9.08,27.61
2016-11-03,"Yangon, Myanmar",Yangon International Airport (VYYY),27.61,24.19,31.57,24.48,74.2,0.0,0,254.0,7.36,14.41,1011.56,456.0,0.0,8490.0,1,7.38,2.54,0.0,9.08,24.32
2016-11-04,"Yangon, Myanmar",Yangon International Airport (VYYY),24.32,20.63,29.26,22.73,72.4,0.0,0,253.0,7.86,10.02,1013.4,458.0,2.1,9627.0,1,8.63,1.84,0.0,0.0,27.85
2016-11-05,"Yangon, Myanmar",Yangon International Airport (VYYY),27.85,23.85,32.96,24.32,69.7,9.71,0,175.0,,14.55,1011.13,598.0,2.5,8820.0,7,9.11,-2.27,9.71,9.71,26.57
2016-11-06,"Yangon, Myanmar",Yangon International Airport (VYYY),26.57,23.73,31.19,22.44,73.6,0.0,0,241.0,4.86,7.8,1011.17,360.0,2.8,8471.0,1,7.46,0.04,9.71,9.71,25.83
2016-11-07,"Yangon, Myanmar",Yangon International Airport (VYYY),25.83,22.12,31.98,20.85,,0.0,0,169.0,6.03,9.78,1010.69,477.0,3.7,10039.0,1,9.86,-0.48,9.71,9.71,25.64
2016-11-08,"Yangon, Myanmar",Yangon International Airport (VYYY),25.64,22.65,30.36,24.09,71.8,0.0,0,180.0,6.4,13.36,1013.38,337.0,2.1,11716.0,1,7.72,2.69,0.0,9.71,24.7
2016-11-09,"Yangon, Myanmar",Yangon International Airport (VYYY),24.7,20.19,30.62,22.96,73.1,0.0,0,161.0,11.95,13.61,1010.57,423.0,0.4,10949.0,1,10.43,-2.82,0.0,9.71,24.7
2016-11-10,"Yangon, Myanmar",Yangon International Airport (VYYY),24.7,21.03,29.35,21.92,71.1,0.0,0,174.0,6.1,6.51,1010.95,391.0,2.1,9965.0,1,8.32,0.38,0.0,9.71,25.8
2016-11-11,"Yangon, Myanmar",Yangon International Airport (VYYY),25.8,21.54,31.19,23.35,80.5,0.0,0,92.0,6.01,8.57,1011.84,527.0,2.5,10890.0,1,9.64,0.89,0.0,9.71,25.92
2016-11-12,"Yangon, Myanmar",Yangon International Airport (VYYY),25.92,21.3,30.95,23.34,81.9,0.0,0,193.0,7.61,8.94,1014.94,364.0,2.0,9089.0,1,9.65,3.1,0.0,0.0,28.53
2016-11-13,"Yangon, Myanmar",Yangon International Airport (VYYY),28.53,23.71,32.92,27.72,73.4,0.0,0,167.0,8.51,10.72,1013.59,464.0,2.3,10736.0,1,9.21,-1.35,0.0,0.0,25.1
2016-11-14,"Yangon, Myanmar",Yangon International Airport (VYYY),25.1,21.01,28.86,22.45,86.3,0.0,0,145.0,5.07,7.73,1013.63,483.0,3.5,8768.0,1,7.85,0.04,0.0,0.0,24.46
2016-11-15,"Yangon, Myanmar",Yangon International Airport (VYYY),24.46,20.68,29.69,20.83,85.1,0.0,0,149.0,10.13,23.29,1010.88,295.0,2.1,8979.0,1,9.0,-2.75,0.0,0.0,25.9
2016-11-16,"Yangon, Myanmar",Yangon International Airport (VYYY),25.9,20.92,30.38,22.32,79.5,0.0,0,195.0,5.48,13.97,1009.13,597.0,2.6,10732.0,1,9.46,-1.75,0.0,0.0,25.82
2016-11-17,"Yangon, Myanmar",Yangon International Airport (VYYY),25.82,22.34,30.99,22.94,80.6,0.0,0,186.0,4.39,8.72,1014.22,434.0,2.0,10518.0,1,8.65,5.1,0.0,0.0,26.12
2016-11-18,"Yangon, Myanmar",Yangon International Airport (VYYY),26.12,22.02,30.8,24.28,71.2,0.0,0,213.0,7.19,9.07,1011.55,383.0,0.9,10800.0,1,8.78,-2.67,0.0,0.0,25.94
2016-11-19,"Yangon, Myanmar",Yangon International Airport (VYYY),25.94,22.08,31.26,22.0,76.8,0.0,0,189.0,6.39,6.44,1011.61,478.0,4.0,11241.0,3,9.17,0.06,0.0,0.0,25.39
2016-11-20,"Yangon, Myanmar",Yangon International Airport (VYYY),25.39,21.74,29.95,22.68,80.7,0.0,0,176.0,7.69,9.45,1014.67,509.0,2.6,9481.0,1,8.22,3.07,0.0,0.0,26.99
2016-11-21,"Yangon, Myanmar",Yangon International Airport (VYYY),26.99,23.46,31.66,26.0,75.1,0.0,0,184.0,4.56,8.43,1014.49,612.0,1.4,11849.0,1,8.2,-0.18,0.0,0.0,26.44
2016-11-22,"Yangon, Myanmar",Yangon International Airport (VYYY),26.44,22.87,30.35,22.91,69.3,0.0,0,226.0,11.06,13.15,1010.9,395.0,0.9,9626.0,1,7.48,-3.59,0.0,0.0,25.4
2016-11-23,"Yangon, Myanmar",Yangon International Airport (VYYY),25.4,21.21,29.95,23.62,68.5,0.0,0,207.0,4.8,6.73,1012.33,380.0,4.4,11758.0,3,8.74,1.43,0.0,0.0,25.41
2016-11-24,"Yangon, Myanmar",Yangon International Airport (VYYY),25.41,21.88,29.57,20.44,77.4,0.0,0,206.0,9.7,9.7,1015.76,564.0,1.0,10595.0,1,7.68,3.43,0.0,0.0,22.97
2016-11-25,"Yangon, Myanmar",Yangon International Airport (VYYY),22.97,19.14,27.61,18.25,81.8,0.0,0,,6.31,6.37,1015.93,497.0,4.9,,3,8.47,0.17,0.0,0.0,27.56
2016-11-26,"Yangon, Myanmar",Yangon International Airport (VYYY),27.56,23.37,32.94,24.95,75.7,0.0,0,155.0,4.24,5.38,1012.44,555.0,2.6,10704.0,1,9.57,-3.49,0.0,0.0,23.96
2016-11-27,"Yangon, Myanmar",Yangon International Airport (VYYY),23.96,21.06,36.29,21.52,74.0,0.0,0,131.0,11.07,33.92,1010.69,567.0,1.8,8650.0,1,8.22,-1.75,0.0,0.0,24.29
2016-11-28,"Yangon, Myanmar",Yangon International Airport (VYYY),24.29,20.67,29.46,19.97,74.4,0.0,0,167.0,,9.9,1011.35,581.0,3.4,7443.0,1,8.79,0.66,0.0,0.0,23.7
2016-11-29,"Yangon, Myanmar",Yangon International Airport (VYYY),23.7,20.35,28.82,20.76,86.8,0.0,0,190.0,4.28,7.83,1012.74,392.0,1.8,10018.0,1,8.47,1.39,0.0,0.0,24.84
2016-11-30,"Yangon, Myanmar",Yangon International Airport (VYYY),24.84,20.81,29.42,21.84,83.2,0.0,0,161.0,6.43,8.92,,441.0,3.6,10610.0,1,8.61,-3.23,0.0,0.0,24.36
2016-12-01,"Yangon, Myanmar",Yangon International Airport (VYYY),24.36,20.83,30.28,21.06,75.6,0.0,0,201.0,6.25,6.6,1014.53,354.0,1.5,11715.0,1,9.45,5.02,0.0,0.0,24.63
2016-12-02,"Yangon, Myanmar",Yangon International Airport (VYYY),24.63,20.33,29.11,20.47,76.6,0.0,0,209.0,8.71,11.21,1009.96,447.0,3.8,9411.0,1,8.79,-4.57,0.0,0.0,23.79
2016-12-03,"Yangon, Myanmar",Yangon International Airport (VYYY),23.79,19.63,28.78,22.45,68.4,0.0,0,239.0,8.07,14.79,1010.59,536.0,3.1,9982.0,1,9.15,0.63,0.0,0.0,25.57
2016-12-04,"Yangon, Myanmar",Yangon International Airport (VYYY),25.57,21.17,30.56,23.76,70.4,0.0,0,172.0,9.41,10.75,1013.06,549.0,2.3,7827.0,1,9.39,2.47,0.0,0.0,24.16
2016-12-05,"Yangon, Myanmar",Yangon International Airport (VYYY),24.16,20.29,28.24,20.59,78.0,0.0,0,252.0,2.69,4.04,1008.8,352.0,4.4,10035.0,3,7.95,-4.27,0.0,0.0,25.06
2016-12-06,"Yangon, Myanmar",Yangon International Airport (VYYY),25.06,21.2,29.76,21.62,80.5,0.0,0,175.0,6.76,8.19,1013.0,448.0,3.0,10116.0,1,8.56,4.21,0.0,0.0,24.2
2016-12-07,"Yangon, Myanmar",Yangon International Airport (VYYY),24.2,20.02,28.47,,75.8,0.0,0,224.0,9.1,14.9,1013.75,453.0,2.0,9143.0,1,8.45,0.74,0.0,0.0,25.23
2016-12-08,"Yangon, Myanmar",Yangon International Airport (VYYY),25.23,21.17,30.1,22.4,73.8,0.0,0,193.0,12.19,13.58,1014.07,487.0,2.3,10110.0,1,8.93,0.32,0.0,0.0,23.81
2016-12-09,"Yangon, Myanmar",Yangon International Airport (VYYY),23.81,20.29,28.03,20.3,80.4,0.0,0,197.0,4.99,10.65,1011.13,441.0,1.3,10211.0,1,7.74,-2.94,0.0,0.0,23.29
2016-12-10,"Yangon, Myanmar",Yangon International Airport (VYYY),23.29,18.73,28.65,20.83,75.6,0.0,0,192.0,7.67,10.23,,,3.0,10959.0,1,9.91,1.78,0.0,0.0,25.23
2016-12-11,"Yangon, Myanmar",Yangon International Airport (VYYY),25.23,20.54,31.16,21.95,75.8,0.0,0,222.0,4.44,4.5,1014.05,482.0,2.3,8055.0,1,10.62,1.14,0.0,0.0,24.54
2016-12-12,"Yangon, Myanmar",Yangon International Airport (VYYY),24.54,20.43,29.42,22.77,81.2,0.0,0,214.0,8.67,10.86,1008.0,375.0,2.4,9377.0,1,8.99,-6.05,0.0,0.0,26.51
2016-12-13,"Yangon, Myanmar",Yangon International Airport (VYYY),26.51,22.61,31.48,,79.7,0.0,0,190.0,7.81,8.05,1012.16,609.0,3.9,9135.0,1,8.88,4.16,0.0,0.0,25.25
2016-12-14,"Yangon, Myanmar",Yangon International Airport (VYYY),25.25,22.03,29.48,22.84,68.5,0.0,0,132.0,4.45,7.11,1012.98,509.0,1.5,8921.0,1,7.45,0.82,0.0,0.0,23.98
2016-12-15,"Yangon, Myanmar",Yangon International Airport (VYYY),23.98,19.49,28.4,22.11,80.9,0.0,0,234.0,9.04,10.31,1011.22,483.0,3.7,9729.0,1,8.91,-1.76,0.0,0.0,25.31
2016-12-16,"Yangon, Myanmar",Yangon International Airport (VYYY),25.31,21.15,29.23,22.38,77.2,0.0,0,233.0,9.89,10.4,1008.61,616.0,1.3,9825.0,1,8.08,-2.61,0.0,0.0,23.66
2016-12-17,"Yangon, Myanmar",Yangon International Airport (VYYY),23.66,19.66,28.03,19.97,68.9,0.0,0,170.0,9.31,10.1,1011.33,511.0,3.5,9560.0,1,8.37,2.72,0.0,0.0,24.35
2016-12-18,"Yangon, Myanmar",Yangon International Airport (VYYY),24.35,19.9,28.22,21.59,83.2,0.0,0,137.0,8.82,11.49,1014.93,475.0,2.4,8692.0,1,8.32,3.61,0.0,0.0,25.33
2016-12-19,"Yangon, Myanmar",Yangon International Airport (VYYY),25.33,21.38,30.17,23.27,74.4,0.0,0,199.0,6.06,,1013.52,430.0,,9365.0,1,8.8,-1.41,0.0,0.0,25.57
2016-12-20,"Yangon, Myanmar",Yangon International Airport (VYYY),25.57,21.61,30.67,20.89,71.6,0.0,0,149.0,4.99,9.69,1010.89,472.0,0.0,8893.0,1,9.06,-2.64,0.0,0.0,24.74
2016-12-21,"Yangon, Myanmar",Yangon International Airport (VYYY),24.74,20.58,28.9,22.63,80.9,0.0,0,120.0,3.86,6.17,1014.53,491.0,2.1,9528.0,1,8.32,3.64,0.0,0.0,23.81
2016-12-22,"Yangon, Myanmar",Yangon International Airport (VYYY),23.81,20.63,28.57,20.23,82.6,0.0,0,267.0,8.8,10.58,1012.14,563.0,3.2,9764.0,1,7.94,-2.39,0.0,0.0,23.65
2016-12-23,"Yangon, Myanmar",Yangon International Airport (VYYY),23.65,18.93,28.26,18.61,81.6,0.0,0,256.0,5.16,6.82,1016.0,431.0,0.7,8436.0,1,9.33,3.85,0.0,0.0,24.49
2016-12-24,"Yangon, Myanmar",Yangon International Airport (VYYY),24.49,22.03,29.69,22.13,84.2,0.0,0,166.0,6.97,11.29,1013.57,493.0,3.2,10292.0,1,7.66,-2.43,0.0,0.0,25.03
2016-12-25,"Yangon, Myanmar",Yangon International Airport (VYYY),25.03,21.12,29.41,20.78,82.1,0.0,0,290.0,4.15,7.68,1015.77,459.0,2.6,10279.0,1,8.3,2.21,0.0,0.0,25.74
2016-12-26,"Yangon, Myanmar",Yangon International Airport (VYYY),25.74,21.77,31.51,21.82,73.4,0.0,0,213.0,6.18,,1013.54,627.0,2.5,9959.0,1,9.74,-2.23,0.0,0.0,24.84
2016-12-27,"Yangon, Myanmar",Yangon International Airport (VYYY),24.84,21.99,29.45,22.83,89.2,0.0,0,159.0,7.29,9.28,1012.5,571.0,3.4,10959.0,1,7.45,-1.05,0.0,0.0,23.79
2016-12-28,"Yangon, Myanmar",Yangon International Airport (VYYY),23.79,19.52,27.81,20.4,74.3,0.0,0,203.0,8.16,9.92,,511.0,1.8,10445.0,1,8.28,-1.53,0.0,0.0,25.46
2016-12-29,"Yangon, Myanmar",Yangon International Airport (VYYY),25.46,21.35,30.6,22.71,73.3,0.0,0,178.0,6.73,8.04,1013.03,525.0,2.2,9485.0,1,9.26,2.06,0.0,0.0,23.65
2016-12-30,"Yangon, Myanmar",Yangon International Airport (VYYY),23.65,20.39,28.79,20.53,75.8,0.0,0,175.0,7.4,9.29,1012.12,451.0,2.6,9593.0,1,8.4,-0.91,0.0,0.0,25.01
2016-12-31,"Yangon, Myanmar",Yangon International Airport (VYYY),25.01,20.96,29.89,21.89,84.7,0.0,0,201.0,,10.02,1011.56,516.0,1.9,10224.0,1,8.93,-0.56,0.0,0.0,24.13
2017-01-01,"Yangon, Myanmar",Yangon International Airport (VYYY),24.13,20.88,30.03,22.48,81.7,0.0,0,297.0,8.11,8.51,1015.44,382.0,1.3,10853.0,1,9.14,3.88,0.0,0.0,22.97
2017-01-02,"Yangon, Myanmar",Yangon International Airport (VYYY),22.97,19.35,27.75,19.52,72.6,0.0,0,195.0,11.06,12.89,1014.44,540.0,1.9,8473.0,1,8.4,-0.99,0.0,0.0,24.81
2017-01-03,"Yangon, Myanmar",Yangon International Airport (VYYY),24.81,20.6,29.54,23.73,70.6,0.0,0,165.0,6.62,9.77,1016.69,316.0,2.9,10018.0,1,8.94,2.25,0.0,0.0,23.33
2017-01-04,"Yangon, Myanmar",Yangon International Airport (VYYY),23.33,20.03,28.08,21.72,79.6,0.0,0,218.0,8.37,8.67,1015.01,402.0,1.6,10139.0,1,8.05,-1.69,0.0,0.0,25.61
2017-01-05,"Yangon, Myanmar",Yangon International Airport (VYYY),25.61,22.19,30.54,22.77,76.9,0.0,0,,9.29,12.4,1015.97,523.0,1.2,10072.0,1,8.35,0.97,0.0,0.0,23.23
2017-01-06,"Yangon, Myanmar",Yangon International Airport (VYYY),23.23,19.5,27.58,19.01,77.2,0.0,0,231.0,12.28,20.36,1011.49,383.0,0.7,8458.0,1,8.08,-4.48,0.0,0.0,24.3
2017-01-07,"Yangon, Myanmar",Yangon International Airport (VYYY),24.3,21.17,29.43,22.31,80.6,0.0,0,,8.96,11.3,1010.01,451.0,0.2,10183.0,1,8.25,-1.48,0.0,0.0,25.63
2017-01-08,"Yangon, Myanmar",Yangon International Airport (VYYY),25.63,22.68,30.18,21.95,76.3,0.0,0,209.0,6.07,9.39,1009.36,456.0,1.3,10997.0,1,7.5,-0.65,0.0,0.0,25.44
2017-01-09,"Yangon, Myanmar",Yangon International Airport (VYYY),25.44,22.19,29.87,21.95,74.1,0.0,0,240.0,9.74,12.14,1013.54,495.0,1.5,9795.0,1,7.68,4.18,0.0,0.0,23.24
2017-01-10,"Yangon, Myanmar",Yangon International Airport (VYYY),23.24,19.78,28.68,18.45,79.8,0.0,0,158.0,8.45,10.97,1012.41,384.0,2.9,9815.0,1,8.9,-1.13,0.0,0.0,24.26
2017-01-11,"Yangon, Myanmar",Yangon International Airport (VYYY),24.26,20.05,28.91,18.97,73.1,0.0,0,181.0,8.45,9.18,1011.51,584.0,1.8,9689.0,1,8.87,-0.9,0.0,0.0,22.3
2017-01-12,"Yangon, Myanmar",Yangon International Airport (VYYY),22.3,18.63,26.65,19.36,79.6,0.0,0,190.0,7.05,11.15,1012.04,613.0,0.0,10715.0,1,8.02,0.53,0.0,0.0,25.06
2017-01-13,"Yangon, Myanmar",Yangon International Airport (VYYY),25.06,21.48,30.03,20.73,81.5,0.0,0,218.0,3.7,6.51,1011.99,380.0,0.0,8327.0,1,8.55,-0.05,0.0,0.0,23.6
2017-01-14,"Yangon, Myanmar",Yangon International Airport (VYYY),23.6,18.82,28.45,21.39,77.9,0.0,0,185.0,10.45,13.8,1008.19,466.0,2.6,9690.0,1,9.63,-3.8,0.0,0.0,26.44
2017-01-15,"Yangon, Myanmar",Yangon International Airport (VYYY),26.44,22.11,31.9,24.64,84.2,0.0,0,209.0,8.27,9.43,1015.92,397.0,3.5,11657.0,1,9.79,7.74,0.0,0.0,23.77
2017-01-16,"Yangon, Myanmar",Yangon International Airport (VYYY),23.77,18.95,28.67,19.88,83.9,0.0,0,165.0,5.98,15.59,1010.13,537.0,0.5,8775.0,1,9.72,-5.79,0.0,0.0,23.87
2017-01-17,"Yangon, Myanmar",Yangon International Airport (VYYY),23.87,20.38,29.28,21.33,77.7,0.0,0,168.0,9.28,9.35,1017.26,562.0,1.6,11903.0,1,8.9,7.13,0.0,0.0,23.12
2017-01-18,"Yangon, Myanmar",Yangon International Airport (VYYY),23.12,18.97,27.83,19.47,80.7,0.0,0,271.0,8.84,9.47,1011.95,404.0,2.2,9776.0,1,8.86,-5.31,0.0,0.0,25.58
2017-01-19,"Yangon, Myanmar",Yangon International Airport (VYYY),25.58,22.5,31.06,21.79,77.0,0.0,0,201.0,6.09,10.36,1012.75,511.0,0.7,8491.0,1,8.57,0.81,0.0,0.0,23.66
2017-01-20,"Yangon, Myanmar",Yangon International Airport (VYYY),23.66,20.77,29.06,20.29,89.1,0.0,0,212.0,9.05,12.93,1012.28,432.0,0.0,10814.0,1,8.29,-0.47,0.0,0.0,24.86
2017-01-21,"Yangon, Myanmar",Yangon International Airport (VYYY),24.86,20.89,29.23,21.87,81.4,0.0,0,282.0,11.38,15.02,1012.5,509.0,3.5,9821.0,1,8.34,0.22,0.0,0.0,22.9
2017-01-22,"Yangon, Myanmar",Yangon International Airport (VYYY),22.9,18.64,28.28,20.32,76.2,0.0,0,229.0,5.43,7.52,1013.32,454.0,3.3,9414.0,1,9.65,0.82,0.0,0.0,24.4
2017-01-23,"Yangon, Myanmar",Yangon International Airport (VYYY),24.4,21.05,29.99,20.78,77.6,0.0,0,168.0,10.0,11.1,1011.18,571.0,1.1,9855.0,1,8.94,-2.14,0.0,0.0,24.34
2017-01-24,"Yangon, Myanmar",Yangon International Airport (VYYY),24.34,19.54,29.17,20.51,85.7,0.0,0,207.0,4.8,10.57,1016.15,473.0,1.7,8137.0,1,9.62,4.97,0.0,0.0,25.02
2017-01-25,"Yangon, Myanmar",Yangon International Airport (VYYY),25.02,22.08,29.02,21.72,70.8,0.0,0,178.0,3.98,4.55,1012.81,330.0,1.3,9131.0,1,6.94,-3.34,0.0,0.0,24.01
2017-01-26,"Yangon, Myanmar",Yangon International Airport (VYYY),24.01,20.44,29.4,21.11,72.7,0.0,0,296.0,9.08,15.85,1012.5,462.0,0.4,8969.0,1,8.96,-0.31,0.0,0.0,24.5
2017-01-27,"Yangon, Myanmar",Yangon International Airport (VYYY),24.5,20.6,28.16,21.11,77.3,0.0,0,222.0,4.28,4.5,1010.59,376.0,1.9,11832.0,1,7.56,-1.91,0.0,0.0,24.68
2017-01-28,"Yangon, Myanmar",Yangon International Airport (VYYY),24.68,21.43,29.76,,72.5,0.0,0,216.0,9.45,9.64,1013.23,407.0,2.1,10635.0,1,8.32,2.64,0.0,0.0,23.69
2017-01-29,"Yangon, Myanmar",Yangon International Airport (VYYY),23.69,20.75,28.24,19.66,83.4,0.0,0,199.0,7.13,9.01,1013.11,543.0,1.0,9896.0,1,7.5,-0.13,0.0,0.0,24.07
2017-01-30,"Yangon, Myanmar",Yangon International Airport (VYYY),24.07,19.48,28.96,19.89,82.9,0.0,0,152.0,4.86,7.79,1013.5,521.0,2.7,8904.0,1,9.48,0.39,0.0,0.0,24.16
2017-01-31,"Yangon, Myanmar",Yangon International Airport (VYYY),24.16,20.41,28.27,20.66,77.8,0.0,0,193.0,6.45,13.11,1013.59,459.0,3.1,9288.0,1,7.87,0.09,0.0,0.0,24.55
2017-02-01,"Yangon, Myanmar",Yangon International Airport (VYYY),24.55,21.05,28.74,21.26,81.2,0.0,0,170.0,5.92,9.86,1011.9,426.0,4.7,10394.0,3,7.69,-1.69,0.0,0.0,24.3
2017-02-02,"Yangon, Myanmar",Yangon International Airport (VYYY),24.3,20.42,28.71,20.53,81.0,0.0,0,134.0,6.54,8.18,1015.98,565.0,2.1,10507.0,1,8.29,4.08,0.0,0.0,23.97
2017-02-03,"Yangon, Myanmar",Yangon International Airport (VYYY),23.97,20.02,29.98,18.75,84.7,0.0,0,193.0,6.36,7.37,1015.75,473.0,1.2,9631.0,1,9.96,-0.24,0.0,0.0,26.32
2017-02-04,"Yangon, Myanmar",Yangon International Airport (VYYY),26.32,22.35,30.36,24.94,80.8,18.79,0,156.0,7.68,13.85,1010.47,444.0,1.6,8206.0,8,8.01,-5.27,18.79,18.79,24.43
2017-02-05,"Yangon, Myanmar",Yangon International Airport (VYYY),24.43,20.4,28.4,20.91,71.8,0.0,0,242.0,8.4,12.54,1009.02,657.0,3.8,10459.0,1,7.99,-1.45,18.79,18.79,23.26
2017-02-06,"Yangon, Myanmar",Yangon International Airport (VYYY),23.26,19.02,27.37,20.08,80.5,0.0,0,141.0,9.35,10.83,1011.36,505.0,1.5,9548.0,1,8.36,2.34,18.79,18.79,24.32
2017-02-07,"Yangon, Myanmar",Yangon International Airport (VYYY),24.32,20.3,29.3,22.34,78.3,0.0,0,197.0,11.2,12.65,1012.83,434.0,1.9,10340.0,1,9.01,1.47,0.0,18.79,25.38
2017-02-08,"Yangon, Myanmar",Yangon International Airport (VYYY),25.38,22.4,31.05,23.47,70.4,0.0,0,237.0,6.81,7.27,1012.82,356.0,3.7,9869.0,1,8.64,-0.01,0.0,18.79,25.64
2017-02-09,"Yangon, Myanmar",Yangon International Airport (VYYY),25.64,20.69,31.7,22.12,70.9,0.0,0,215.0,6.59,7.94,1011.72,585.0,2.9,10152.0,1,11.02,-1.1,0.0,18.79,23.14
2017-02-10,"Yangon, Myanmar",Yangon International Airport (VYYY),23.14,19.9,28.03,19.71,81.1,0.0,0,255.0,7.32,7.88,1013.61,432.0,2.7,10201.0,1,8.14,1.89,0.0,18.79,25.51
2017-02-11,"Yangon, Myanmar",Yangon International Airport (VYYY),25.51,21.49,30.83,23.56,80.2,0.0,0,212.0,7.02,13.59,1013.31,488.0,1.7,9334.0,1,9.34,-0.3,0.0,0.0,21.56
2017-02-12,"Yangon, Myanmar",Yangon International Airport (VYYY),21.56,18.3,26.41,18.48,79.6,0.0,0,266.0,10.02,20.04,1013.25,520.0,1.2,10950.0,1,8.11,-0.05,0.0,0.0,25.28
2017-02-13,"Yangon, Myanmar",Yangon International Airport (VYYY),25.28,22.7,30.97,21.59,82.6,0.0,0,149.0,7.14,12.14,1013.73,399.0,3.6,9347.0,1,8.28,0.48,0.0,0.0,25.74
2017-02-14,"Yangon, Myanmar",Yangon International Airport (VYYY),25.74,21.46,30.98,22.1,79.1,0.0,0,226.0,8.32,15.67,1013.63,608.0,3.3,10165.0,1,9.52,-0.1,0.0,0.0,25.46
2017-02-15,"Yangon, Myanmar",Yangon International Airport (VYYY),25.46,21.28,30.72,21.46,77.0,0.0,0,243.0,7.05,10.87,1011.7,482.0,2.0,7869.0,1,9.45,-1.94,0.0,0.0,25.62
2017-02-16,"Yangon, Myanmar",Yangon International Airport (VYYY),25.62,21.07,31.42,23.64,82.5,0.0,0,201.0,6.88,9.7,1012.23,582.0,2.8,9701.0,1,10.35,0.53,0.0,0.0,25.11
2017-02-17,"Yangon, Myanmar",Yangon International Airport (VYYY),25.11,22.43,29.43,22.97,76.7,0.0,0,240.0,7.0,7.53,1011.56,588.0,3.1,9248.0,1,7.0,-0.67,0.0,0.0,24.34
2017-02-18,"Yangon, Myanmar",Yangon International Airport (VYYY),24.34,20.51,28.81,21.03,72.5,0.0,0,,9.71,19.62,1014.4,566.0,2.6,12096.0,1,8.3,2.84,0.0,0.0,23.91
2017-02-19,"Yangon, Myanmar",Yangon International Airport (VYYY),23.91,19.94,29.51,19.66,87.2,0.0,0,155.0,5.44,6.23,1013.59,438.0,2.1,10615.0,1,9.57,-0.81,0.0,0.0,23.6
2017-02-20,"Yangon, Myanmar",Yangon International Airport (VYYY),23.6,20.0,28.76,19.54,74.0,0.0,0,129.0,11.37,12.7,1016.25,498.0,1.4,9431.0,1,8.76,2.65,0.0,0.0,24.89
2017-02-21,"Yangon, Myanmar",Yangon International Airport (VYYY),24.89,20.01,29.7,20.68,82.0,0.0,0,211.0,8.33,15.08,1010.89,451.0,2.8,11391.0,1,9.69,-5.36,0.0,0.0,23.04
2017-02-22,"Yangon, Myanmar",Yangon International Airport (VYYY),23.04,20.66,27.43,19.7,79.3,0.0,0,221.0,7.34,7.49,1013.73,411.0,1.2,10493.0,1,6.77,2.84,0.0,0.0,25.43
2017-02-23,"Yangon, Myanmar",Yangon International Airport (VYYY),25.43,21.74,31.22,23.32,75.0,0.0,0,202.0,7.72,10.64,1010.67,501.0,1.1,10482.0,1,9.48,-3.06,0.0,0.0,23.06
2017-02-24,"Yangon, Myanmar",Yangon International Airport (VYYY),23.06,19.42,28.49,20.72,71.9,6.94,0,231.0,10.32,,1009.11,471.0,2.4,9813.0,7,9.07,-1.56,6.94,6.94,25.09
2017-02-25,"Yangon, Myanmar",Yangon International Airport (VYYY),25.09,21.03,29.91,22.0,80.7,0.0,0,343.0,8.79,11.81,1012.62,582.0,4.0,9645.0,1,8.88,3.51,6.94,6.94,24.62
2017-02-26,"Yangon, Myanmar",Yangon International Airport (VYYY),24.62,21.62,30.0,20.62,95.1,0.0,0,163.0,9.65,9.98,1014.28,624.0,3.4,10088.0,1,8.37,1.66,6.94,6.94,24.05
2017-02-27,"Yangon, Myanmar",Yangon International Airport (VYYY),24.05,20.25,28.51,21.29,79.4,0.0,0,154.0,8.5,14.76,1007.45,543.0,2.8,10556.0,1,8.27,-6.83,0.0,6.94,26.18
2017-02-28,"Yangon, Myanmar",Yangon International Airport (VYYY),26.18,22.22,29.23,23.23,84.0,0.0,0,145.0,6.63,8.92,1011.55,430.0,3.2,11032.0,1,7.01,4.1,0.0,6.94,24.19
2017-03-01,"Yangon, Myanmar",Yangon International Airport (VYYY),24.19,20.2,29.82,21.11,84.5,0.0,0,225.0,4.68,5.19,1011.44,482.0,3.1,10241.0,1,9.62,-0.11,0.0,6.94,24.1
2017-03-02,"Yangon, Myanmar",Yangon International Airport (VYYY),24.1,20.81,27.61,21.28,70.6,11.14,0,253.0,6.17,11.18,1011.53,492.0,2.9,8696.0,8,6.79,0.09,11.14,18.08,25.23
2017-03-03,"Yangon, Myanmar",Yangon International Airport (VYYY),25.23,20.65,31.08,21.61,73.5,0.0,0,271.0,5.93,7.15,1010.95,540.0,1.7,11454.0,1,10.43,-0.58,11.14,11.14,25.08
2017-03-04,"Yangon, Myanmar",Yangon International Airport (VYYY),25.08,22.5,30.08,20.86,82.4,0.0,0,242.0,5.4,8.57,1010.38,491.0,2.0,10916.0,1,7.58,-0.57,11.14,11.14,24.68
2017-03-05,"Yangon, Myanmar",Yangon International Airport (VYYY),24.68,21.45,28.94,21.08,73.5,0.0,0,120.0,5.52,12.75,1013.71,479.0,0.9,9961.0,1,7.48,3.33,0.0,11.14,24.97
2017-03-06,"Yangon, Myanmar",Yangon International Airport (VYYY),24.97,21.18,29.55,20.66,77.0,0.0,0,201.0,6.89,8.39,1011.93,379.0,1.0,9511.0,1,8.36,-1.78,0.0,11.14,25.57
2017-03-07,"Yangon, Myanmar",Yangon International Airport (VYYY),25.57,21.77,30.09,22.22,73.0,0.0,0,154.0,6.43,8.03,1013.29,405.0,0.2,10281.0,1,8.32,1.36,0.0,11.14,23.53
2017-03-08,"Yangon, Myanmar",Yangon International Airport (VYYY),23.53,20.04,28.19,20.96,83.4,0.0,0,175.0,5.1,,1011.86,526.0,1.1,10979.0,1,8.15,-1.42,0.0,11.14,27.48
2017-03-09,"Yangon, Myanmar",Yangon International Airport (VYYY),27.48,23.31,32.84,25.82,71.3,0.0,0,192.0,6.46,6.79,1010.85,579.0,4.0,9003.0,3,9.53,-1.02,0.0,0.0,26.41
2017-03-10,"Yangon, Myanmar",Yangon International Airport (VYYY),26.41,21.6,31.84,23.68,,0.0,0,234.0,5.98,6.04,1015.06,603.0,1.5,11298.0,1,10.24,4.21,0.0,0.0,26.11
2017-03-11,"Yangon, Myanmar",Yangon International Airport (VYYY),26.11,21.45,31.58,24.34,79.4,0.0,0,229.0,4.47,4.51,1011.37,415.0,1.3,10842.0,1,10.13,-3.69,0.0,0.0,27.05
2017-03-12,"Yangon, Myanmar",Yangon International Airport (VYYY),27.05,23.38,31.53,24.26,71.0,12.05,0,228.0,6.02,9.0,1012.93,411.0,,6888.0,8,8.15,1.56,12.05,12.05,26.74
2017-03-13,"Yangon, Myanmar",Yangon International Airport (VYYY),26.74,22.66,31.44,,81.1,0.0,0,206.0,10.49,11.0,1010.02,484.0,3.1,10434.0,1,8.78,-2.91,12.05,12.05,25.79
2017-03-14,"Yangon, Myanmar",Yangon International Airport (VYYY),25.79,21.71,28.88,22.24,82.7,0.0,0,143.0,8.38,11.65,1009.61,371.0,2.8,11425.0,1,7.17,-0.42,12.05,12.05,24.65
2017-03-15,"Yangon, Myanmar",Yangon International Airport (VYYY),24.65,20.84,28.67,23.53,82.2,0.0,0,132.0,7.46,8.39,,438.0,1.8,9502.0,1,7.83,2.06,0.0,12.05,26.52
2017-03-16,"Yangon, Myanmar",Yangon International Airport (VYYY),26.52,23.36,30.72,24.27,76.1,4.88,0,137.0,6.16,6.47,1014.97,469.0,1.7,9593.0,7,7.36,3.3,4.88,16.93,27.16
2017-03-17,"Yangon, Myanmar",Yangon International Airport (VYYY),27.16,23.27,31.77,24.92,67.0,0.0,0,159.0,10.45,16.72,1010.02,623.0,1.6,10168.0,1,8.5,-4.95,4.88,16.93,26.76
2017-03-18,"Yangon, Myanmar",Yangon International Airport (VYYY),26.76,23.48,31.08,22.68,78.4,0.0,0,131.0,6.72,,1008.84,283.0,1.5,9868.0,1,7.59,-1.17,4.88,16.93,27.76
2017-03-19,"Yangon, Myanmar",Yangon International Airport (VYYY),27.76,25.01,31.98,23.7,79.2,0.0,0,255.0,7.81,11.87,1010.36,504.0,4.2,10736.0,3,6.97,1.52,0.0,4.88,24.91
2017-03-20,"Yangon, Myanmar",Yangon International Airport (VYYY),24.91,21.51,28.26,21.61,73.9,22.63,0,,5.52,7.9,1009.79,406.0,2.7,8870.0,8,6.76,-0.57,22.63,27.51,25.1
2017-03-21,"Yangon, Myanmar",Yangon International Airport (VYYY),25.1,21.13,27.9,23.31,71.3,0.0,0,247.0,7.83,8.58,1010.62,489.0,1.6,10283.0,1,6.77,0.83,22.63,27.51,25.3
2017-03-22,"Yangon, Myanmar",Yangon International Airport (VYYY),25.3,21.48,30.67,20.6,78.2,0.0,0,180.0,8.44,13.09,1009.37,637.0,2.2,9105.0,1,9.19,-1.25,22.63,27.51,27.87
2017-03-23,"Yangon, Myanmar",Yangon International Airport (VYYY),27.87,23.93,32.75,23.21,81.7,12.79,0,206.0,8.39,10.12,1012.35,451.0,1.6,9481.0,8,8.81,2.98,12.79,35.42,25.87
2017-03-24,"Yangon, Myanmar",Yangon International Airport (VYYY),25.87,22.4,30.82,21.33,74.3,0.0,0,127.0,9.86,17.38,1004.99,518.0,1.6,8593.0,1,8.42,-7.36,12.79,35.42,27.4
2017-03-25,"Yangon, Myanmar",Yangon International Airport (VYYY),27.4,23.28,31.21,24.77,79.1,0.0,0,296.0,6.5,11.96,1011.69,392.0,3.0,10312.0,1,7.92,6.7,12.79,35.42,26.33
2017-03-26,"Yangon, Myanmar",Yangon International Airport (VYYY),26.33,22.02,30.21,22.65,76.1,11.87,0,282.0,7.79,10.9,1010.58,406.0,3.8,7102.0,8,8.19,-1.12,11.87,47.29,26.55
2017-03-27,"Yangon, Myanmar",Yangon International Airport (VYYY),26.55,23.35,30.14,22.7,78.8,0.0,0,303.0,9.69,11.08,1010.4,405.0,2.8,9480.0,1,6.78,-0.17,11.87,24.65,28.36
2017-03-28,"Yangon, Myanmar",Yangon International Airport (VYYY),28.36,24.74,33.0,25.64,76.5,0.0,0,144.0,10.03,11.47,1011.38,441.0,3.4,8523.0,1,8.26,0.98,11.87,24.65,26.95
2017-03-29,"Yangon, Myanmar",Yangon International Airport (VYYY),26.95,22.33,31.35,24.54,77.5,6.78,0,267.0,9.87,11.82,1012.8,457.0,2.3,8279.0,7,9.02,1.42,6.78,31.44,26.45
2017-03-30,"Yangon, Myanmar",Yangon International Airport (VYYY),26.45,22.73,31.69,22.91,73.0,0.0,0,222.0,9.27,17.38,1009.53,401.0,2.9,6053.0,1,8.97,-3.27,6.78,18.65,26.22
2017-03-31,"Yangon, Myanmar",Yangon International Airport (VYYY),26.22,23.27,30.05,24.13,70.1,0.0,0,232.0,8.03,8.25,1009.84,308.0,2.7,9968.0,1,6.78,0.32,6.78,18.65,27.41
2017-04-01,"Yangon, Myanmar",Yangon International Airport (VYYY),27.41,23.42,33.76,25.37,84.4,0.0,0,189.0,9.74,13.21,1012.43,449.0,2.8,6827.0,1,10.34,2.58,0.0,18.65,26.09
2017-04-02,"Yangon, Myanmar",Yangon International Airport (VYYY),26.09,22.4,30.33,24.6,82.1,0.0,0,241.0,7.91,12.55,1009.53,359.0,3.6,10547.0,1,7.93,-2.9,0.0,6.78,27.15
2017-04-03,"Yangon, Myanmar",Yangon International Airport (VYYY),27.15,22.62,32.6,23.22,95.2,0.0,0,203.0,6.9,9.36,1010.12,344.0,4.5,9103.0,3,9.97,0.6,0.0,6.78,27.36
2017-04-04,"Yangon, Myanmar",Yangon International Airport (VYYY),27.36,24.32,32.33,23.06,77.7,0.0,0,147.0,11.23,12.39,1008.89,563.0,2.9,8115.0,1,8.01,-1.23,0.0,6.78,27.73
2017-04-05,"Yangon, Myanmar",Yangon International Airport (VYYY),27.73,23.2,32.82,24.85,77.9,0.0,0,242.0,11.66,13.55,1010.34,305.0,2.4,9752.0,1,9.62,1.45,0.0,0.0,26.62
2017-04-06,"Yangon, Myanmar",Yangon International Airport (VYYY),26.62,23.22,31.17,23.96,80.1,6.05,0,235.0,8.1,9.91,1010.12,355.0,6.3,8342.0,7,7.95,-0.22,6.05,6.05,27.79
2017-04-07,"Yangon, Myanmar",Yangon International Airport (VYYY),27.79,24.79,31.85,24.78,78.1,5.08,0,238.0,7.54,8.08,1013.31,479.0,2.3,7315.0,7,7.06,3.19,11.13,11.13,26.95
2017-04-08,"Yangon, Myanmar",Yangon International Airport (VYYY),26.95,23.89,33.04,25.99,76.5,23.33,0,311.0,11.05,13.2,1008.73,299.0,3.8,7660.0,8,9.15,-4.58,34.45,34.45,26.39
2017-04-09,"Yangon, Myanmar",Yangon International Airport (VYYY),26.39,22.05,30.63,24.14,83.7,0.0,0,256.0,7.91,10.97,1014.97,426.0,4.5,7449.0,3,8.58,6.24,28.4,34.45,27.85
2017-04-10,"Yangon, Myanmar",Yangon International Airport (VYYY),27.85,23.96,32.34,24.26,75.9,15.58,0,195.0,5.99,7.51,1011.39,265.0,4.0,7741.0,8,8.39,-3.58,38.91,50.03,28.09
2017-04-11,"Yangon, Myanmar",Yangon International Airport (VYYY),28.09,23.78,32.52,25.32,84.0,0.0,0,199.0,9.96,11.87,1010.67,321.0,3.8,7228.0,1,8.74,-0.72,15.58,50.03,25.82
2017-04-12,"Yangon, Myanmar",Yangon International Airport (VYYY),25.82,22.11,32.09,21.97,79.6,22.4,0,139.0,11.07,14.44,1006.21,338.0,2.1,4917.0,8,9.98,-4.46,37.98,72.43,26.21
2017-04-13,"Yangon, Myanmar",Yangon International Airport (VYYY),26.21,22.26,31.43,23.09,,0.0,0,255.0,8.21,11.74,1012.03,362.0,3.7,6796.0,1,9.17,5.82,22.4,66.38,27.75
2017-04-14,"Yangon, Myanmar",Yangon International Airport (VYYY),27.75,23.13,30.99,26.09,76.4,13.27,0,213.0,7.78,8.68,1011.46,198.0,5.2,5964.0,8,7.86,-0.57,35.66,74.57,27.23
2017-04-15,"Yangon, Myanmar",Yangon International Airport (VYYY),27.23,24.07,32.06,25.14,79.5,0.0,0,262.0,9.15,11.96,1009.31,249.0,6.4,8530.0,4,7.99,-2.15,13.27,51.24,24.91
2017-04-16,"Yangon, Myanmar",Yangon International Airport (VYYY),24.91,20.51,29.45,20.78,72.0,0.0,0,352.0,6.94,12.82,1006.14,336.0,6.0,9502.0,4,8.94,-3.17,13.27,51.24,27.21
2017-04-17,"Yangon, Myanmar",Yangon International Airport (VYYY),27.21,23.83,31.58,23.89,86.1,0.0,0,314.0,5.4,5.5,1009.11,271.0,6.2,7154.0,4,7.74,2.98,0.0,35.66,26.12
2017-04-18,"Yangon, Myanmar",Yangon International Airport (VYYY),26.12,22.62,30.71,23.52,77.1,,0,247.0,8.86,10.33,1012.29,357.0,5.5,8167.0,3,8.09,3.17,0.0,35.66,28.22
2017-04-19,"Yangon, Myanmar",Yangon International Airport (VYYY),28.22,23.97,33.83,25.49,81.8,8.07,0,230.0,7.28,8.86,1006.09,352.0,6.3,7467.0,7,9.86,-6.19,8.07,21.33,27.73
2017-04-20,"Yangon, Myanmar",Yangon International Airport (VYYY),27.73,25.03,32.6,24.46,80.4,0.0,0,232.0,9.68,11.94,1010.88,239.0,5.5,8619.0,3,7.57,4.79,8.07,21.33,29.33
2017-04-21,"Yangon, Myanmar",Yangon International Airport (VYYY),29.33,25.85,33.8,27.01,87.0,0.0,0,238.0,8.95,9.92,1014.79,311.0,4.9,7663.0,3,7.95,3.91,8.07,8.07,27.0
2017-04-22,"Yangon, Myanmar",Yangon International Airport (VYYY),27.0,23.62,32.24,26.0,81.0,0.0,0,224.0,9.84,16.29,1014.47,262.0,5.9,6188.0,3,8.62,-0.32,0.0,8.07,26.27
2017-04-23,"Yangon, Myanmar",Yangon International Airport (VYYY),26.27,22.34,30.96,22.89,74.6,1.71,0,235.0,8.72,9.15,1007.95,314.0,2.3,9215.0,7,8.62,-6.52,1.71,9.77,25.57
2017-04-24,"Yangon, Myanmar",Yangon International Airport (VYYY),25.57,22.09,30.47,22.13,78.0,27.53,0,126.0,9.08,12.3,1011.07,214.0,5.5,2620.0,8,8.38,3.13,29.24,37.31,27.95
2017-04-25,"Yangon, Myanmar",Yangon International Airport (VYYY),27.95,23.96,31.4,23.8,76.5,9.31,0,172.0,7.4,8.76,1011.48,245.0,4.6,7158.0,7,7.44,0.4,38.55,46.62,28.22
2017-04-26,"Yangon, Myanmar",Yangon International Airport (VYYY),28.22,24.14,33.38,26.35,92.9,0.0,0,220.0,8.86,10.84,1008.68,279.0,7.0,7522.0,4,9.24,-2.8,36.84,38.55,27.85
2017-04-27,"Yangon, Myanmar",Yangon International Airport (VYYY),27.85,24.63,32.25,25.09,81.0,2.45,0,275.0,7.59,9.36,1011.42,305.0,5.7,6983.0,7,7.62,2.74,11.76,41.0,27.36
2017-04-28,"Yangon, Myanmar",Yangon International Airport (VYYY),27.36,23.86,32.98,25.51,82.4,34.67,0,234.0,5.06,8.01,1013.54,204.0,4.4,3616.0,25,9.12,2.11,37.12,75.67,28.32
2017-04-29,"Yangon, Myanmar",Yangon International Airport (VYYY),28.32,25.51,32.76,24.7,81.8,7.46,0,177.0,,8.01,1012.7,456.0,6.8,6486.0,7,7.24,-0.83,44.58,83.13,28.55
2017-04-30,"Yangon, Myanmar",Yangon International Airport (VYYY),28.55,25.61,33.46,25.46,82.1,0.0,0,234.0,9.97,10.16,1006.07,379.0,7.0,6297.0,4,7.85,-6.64,42.13,81.42,27.47
2017-05-01,"Yangon, Myanmar",Yangon International Airport (VYYY),27.47,23.57,32.83,24.06,83.5,0.0,0,309.0,11.62,18.26,1006.72,292.0,5.1,6579.0,3,9.26,0.65,7.46,53.89,27.92
2017-05-02,"Yangon, Myanmar",Yangon International Airport (VYYY),27.92,23.54,32.46,26.23,88.0,0.0,0,233.0,11.3,12.17,1011.53,257.0,6.5,7018.0,4,8.92,4.81,0.0,44.58,28.29
2017-05-03,"Yangon, Myanmar",Yangon International Airport (VYYY),28.29,23.63,35.06,24.75,81.6,12.55,0,244.0,9.5,11.26,1008.72,192.0,5.7,4206.0,8,11.43,-2.81,12.55,57.13,29.11
2017-05-04,"Yangon, Myanmar",Yangon International Airport (VYYY),29.11,24.56,33.73,26.73,87.9,19.75,0,295.0,12.17,16.19,1000.96,242.0,5.5,4488.0,8,9.18,-7.76,32.31,74.44,26.4
2017-05-05,"Yangon, Myanmar",Yangon International Airport (VYYY),26.4,22.19,31.24,23.26,88.3,0.0,0,287.0,5.99,10.72,1006.88,331.0,4.2,7702.0,3,9.06,5.92,32.31,39.77,29.4
2017-05-06,"Yangon, Myanmar",Yangon International Airport (VYYY),29.4,25.94,34.45,26.26,84.1,1.98,0,259.0,6.89,8.64,1008.87,269.0,7.2,6146.0,7,8.51,1.99,21.74,34.29,27.83
2017-05-07,"Yangon, Myanmar",Yangon International Airport (VYYY),27.83,23.83,31.13,22.43,83.3,0.0,0,199.0,,12.1,1009.25,188.0,6.2,7966.0,4,7.3,0.38,1.98,34.29,29.74
2017-05-08,"Yangon, Myanmar",Yangon International Airport (VYYY),29.74,25.19,33.84,26.41,77.3,0.0,0,292.0,10.82,14.71,1006.66,281.0,6.1,6473.0,4,8.65,-2.59,1.98,34.29,28.94
2017-05-09,"Yangon, Myanmar",Yangon International Airport (VYYY),28.94,24.78,33.88,26.02,78.8,0.0,0,281.0,11.25,11.35,1011.32,227.0,6.4,6556.0,4,9.1,4.66,0.0,34.29,28.0
2017-05-10,"Yangon, Myanmar",Yangon International Airport (VYYY),28.0,24.24,32.34,27.03,83.5,0.0,0,198.0,11.45,13.52,1004.92,226.0,6.4,7960.0,4,8.11,-6.41,0.0,21.74,27.15
2017-05-11,"Yangon, Myanmar",Yangon International Airport (VYYY),27.15,23.02,32.08,23.14,71.1,0.0,0,323.0,4.27,4.34,1009.6,141.0,5.5,6531.0,3,9.06,4.69,0.0,1.98,27.87
2017-05-12,"Yangon, Myanmar",Yangon International Airport (VYYY),27.87,24.14,32.52,23.03,77.1,0.0,0,300.0,9.01,11.56,1010.45,226.0,6.3,6372.0,4,8.38,0.84,0.0,1.98,29.34
2017-05-13,"Yangon, Myanmar",Yangon International Airport (VYYY),29.34,26.39,34.54,26.62,81.3,13.86,0,192.0,10.46,,1009.08,291.0,7.8,5777.0,8,8.15,-1.37,13.86,13.86,26.73
2017-05-14,"Yangon, Myanmar",Yangon International Airport (VYYY),26.73,23.5,31.14,21.42,89.3,8.36,0,278.0,6.18,6.46,1008.01,284.0,4.8,4073.0,7,7.64,-1.07,22.22,22.22,25.99
2017-05-15,"Yangon, Myanmar",Yangon International Airport (VYYY),25.99,22.21,31.19,23.63,84.3,4.69,0,,12.12,13.64,1006.52,173.0,6.5,7022.0,7,8.98,-1.48,26.91,26.91,29.74
2017-05-16,"Yangon, Myanmar",Yangon International Airport (VYYY),29.74,25.6,34.04,28.27,87.3,0.0,0,241.0,10.29,11.95,1001.5,258.0,6.1,5421.0,4,8.44,-5.02,13.05,26.91,28.47
2017-05-17,"Yangon, Myanmar",Yangon International Airport (VYYY),28.47,24.43,32.6,25.16,83.9,3.06,0,313.0,6.77,15.3,1008.41,212.0,7.3,5746.0,7,8.17,6.91,7.76,29.97,30.02
2017-05-18,"Yangon, Myanmar",Yangon International Airport (VYYY),30.02,26.17,34.59,26.4,83.3,6.9,0,238.0,9.21,12.27,1009.79,305.0,6.2,6651.0,7,8.42,1.38,9.97,36.88,26.96
2017-05-19,"Yangon, Myanmar",Yangon International Airport (VYYY),26.96,23.02,32.62,23.69,92.5,19.12,0,330.0,6.84,8.42,1005.94,101.0,7.6,4398.0,8,9.6,-3.84,29.09,56.0,28.87
2017-05-20,"Yangon, Myanmar",Yangon International Airport (VYYY),28.87,23.89,32.95,25.48,91.9,0.0,0,355.0,7.7,8.19,1006.92,245.0,7.2,7394.0,4,9.07,0.98,26.03,42.14,27.63
2017-05-21,"Yangon, Myanmar",Yangon International Airport (VYYY),27.63,23.87,32.37,26.92,81.6,0.0,0,193.0,11.4,12.87,1010.65,299.0,6.2,,4,8.5,3.73,19.12,33.78,28.29
2017-05-22,"Yangon, Myanmar",Yangon International Airport (VYYY),28.29,24.42,31.6,24.77,81.2,0.0,0,302.0,11.61,15.25,1008.81,294.0,6.3,7090.0,4,7.18,-1.84,0.0,29.09,29.81
2017-05-23,"Yangon, Myanmar",Yangon International Airport (VYYY),29.81,26.03,34.18,26.79,89.5,0.0,0,226.0,7.49,8.01,1008.43,,6.7,4880.0,4,8.14,-0.38,0.0,29.09,28.85
2017-05-24,"Yangon, Myanmar",Yangon International Airport (VYYY),28.85,26.04,32.65,25.58,82.0,12.35,0,226.0,11.02,15.66,1003.01,162.0,7.4,4013.0,8,6.6,-5.42,12.35,38.38,29.31
2017-05-25,"Yangon, Myanmar",Yangon International Airport (VYYY),29.31,24.41,34.41,28.15,87.9,1.11,0,243.0,10.03,15.24,1010.05,275.0,5.4,6149.0,7,10.01,7.04,13.46,32.58,29.54
2017-05-26,"Yangon, Myanmar",Yangon International Airport (VYYY),29.54,25.42,34.7,27.83,82.6,37.67,0,266.0,9.37,10.52,1005.55,345.0,7.1,,25,9.28,-4.49,51.13,51.13,29.36
2017-05-27,"Yangon, Myanmar",Yangon International Airport (VYYY),29.36,25.13,33.74,28.31,90.9,8.08,0,216.0,7.98,10.79,1009.63,199.0,6.1,4247.0,7,8.61,4.08,46.86,59.21,29.53
2017-05-28,"Yangon, Myanmar",Yangon International Airport (VYYY),29.53,26.36,34.17,27.84,86.9,8.57,0,184.0,10.2,10.36,1004.84,180.0,5.8,5185.0,7,7.81,-4.79,54.33,67.78,29.6
2017-05-29,"Yangon, Myanmar",Yangon International Airport (VYYY),29.6,25.77,33.98,25.45,79.7,16.22,0,179.0,7.41,7.48,1004.04,271.0,7.8,4027.0,8,8.21,-0.8,32.88,84.0,28.09
2017-05-30,"Yangon, Myanmar",Yangon International Airport (VYYY),28.09,23.79,32.96,24.15,84.0,0.0,0,304.0,11.25,11.66,1011.34,20.0,4.8,6910.0,3,9.17,7.3,24.79,84.0,29.08
2017-05-31,"Yangon, Myanmar",Yangon International Airport (VYYY),29.08,25.18,33.62,26.97,88.4,0.0,0,295.0,8.95,10.74,1006.75,111.0,8.0,5810.0,4,8.44,-4.59,16.22,71.66,29.43
2017-06-01,"Yangon, Myanmar",Yangon International Airport (VYYY),29.43,25.5,34.5,25.66,83.6,15.08,0,310.0,10.92,17.9,1010.15,287.0,6.5,3890.0,8,9.0,3.4,15.08,85.63,27.91
2017-06-02,"Yangon, Myanmar",Yangon International Airport (VYYY),27.91,22.97,32.89,26.14,79.9,0.0,0,229.0,7.68,10.25,1012.26,149.0,6.5,6260.0,4,9.92,2.11,15.08,47.96,31.43
2017-06-03,"Yangon, Myanmar",Yangon International Airport (VYYY),31.43,28.49,35.29,27.82,82.2,22.53,0,233.0,11.28,12.95,1011.97,211.0,8.0,4235.0,8,6.8,-0.29,37.62,62.41,30.48
2017-06-04,"Yangon, Myanmar",Yangon International Airport (VYYY),30.48,26.79,35.09,27.46,92.6,0.0,0,194.0,13.63,17.55,1008.95,141.0,7.6,7381.0,4,8.3,-3.02,22.53,53.84,28.37
2017-06-05,"Yangon, Myanmar",Yangon International Airport (VYYY),28.37,25.2,32.32,25.36,82.8,2.41,0,205.0,7.66,8.73,1008.75,244.0,7.1,5826.0,7,7.12,-0.2,24.94,40.02,29.54
2017-06-06,"Yangon, Myanmar",Yangon International Airport (VYYY),29.54,26.39,33.6,26.09,93.3,0.0,0,324.0,12.57,12.81,1004.75,241.0,5.2,6874.0,3,7.21,-4.0,2.41,40.02,31.03
2017-06-07,"Yangon, Myanmar",Yangon International Airport (VYYY),31.03,27.84,35.95,29.57,84.7,36.01,0,304.0,6.73,9.55,1011.11,0.0,6.9,1491.0,25,8.11,6.36,38.42,76.03,29.9
2017-06-08,"Yangon, Myanmar",Yangon International Airport (VYYY),29.9,26.11,35.71,26.3,87.4,5.97,0,275.0,10.0,16.32,1009.46,92.0,5.1,5130.0,7,9.6,-1.65,41.98,66.92,29.4
2017-06-09,"Yangon, Myanmar",Yangon International Airport (VYYY),29.4,25.38,34.19,27.53,84.8,2.49,0,220.0,8.66,9.24,1009.2,249.0,7.8,6274.0,7,8.8,-0.26,44.47,69.41,29.87
2017-06-10,"Yangon, Myanmar",Yangon International Airport (VYYY),29.87,25.9,34.46,26.4,79.7,12.1,0,206.0,11.79,15.41,1008.52,156.0,6.2,3723.0,8,8.56,-0.68,20.56,58.97,30.92
2017-06-11,"Yangon, Myanmar",Yangon International Airport (VYYY),30.92,27.57,35.65,28.66,88.3,36.54,0,265.0,11.08,11.57,1008.43,213.0,6.4,2239.0,25,8.08,-0.09,51.13,95.51,28.81
2017-06-12,"Yangon, Myanmar",Yangon International Airport (VYYY),28.81,25.06,34.42,25.05,83.4,11.8,0,286.0,10.71,10.78,1010.87,260.0,6.7,5979.0,8,9.37,2.44,60.43,104.9,31.26
2017-06-13,"Yangon, Myanmar",Yangon International Airport (VYYY),31.26,27.31,36.85,28.39,87.7,2.92,0,266.0,9.3,12.13,1006.52,0.0,4.7,6058.0,7,9.53,-4.34,51.26,107.82,29.62
2017-06-14,"Yangon, Myanmar",Yangon International Airport (VYYY),29.62,25.93,33.93,28.07,86.6,0.0,0,192.0,10.7,14.52,1007.68,270.0,6.8,4212.0,4,8.0,1.16,14.72,71.81,31.21
2017-06-15,"Yangon, Myanmar",Yangon International Airport (VYYY),31.21,28.5,35.76,27.8,82.0,0.0,0,201.0,8.52,11.53,1004.55,196.0,7.2,6054.0,4,7.26,-3.13,2.92,65.85,30.12
2017-06-16,"Yangon, Myanmar",Yangon International Airport (VYYY),30.12,26.93,35.93,26.03,84.0,0.0,0,219.0,11.96,13.16,1007.24,265.0,7.0,6278.0,4,9.0,2.69,0.0,63.35,31.49
2017-06-17,"Yangon, Myanmar",Yangon International Airport (VYYY),31.49,28.03,35.74,29.64,82.0,17.72,0,265.0,10.46,12.96,1009.21,23.0,8.0,4633.0,8,7.71,1.97,17.72,68.98,30.4
2017-06-18,"Yangon, Myanmar",Yangon International Airport (VYYY),30.4,27.12,35.22,28.75,,14.53,0,307.0,9.55,10.44,1008.68,77.0,5.8,4257.0,8,8.11,-0.53,32.25,46.97,29.94
2017-06-19,"Yangon, Myanmar",Yangon International Airport (VYYY),29.94,26.53,34.84,27.22,85.5,25.65,0,245.0,7.9,15.31,1007.48,195.0,6.8,3919.0,8,8.31,-1.2,57.91,60.83,30.6
2017-06-20,"Yangon, Myanmar",Yangon International Airport (VYYY),30.6,27.06,35.99,26.91,87.4,21.54,0,335.0,10.3,12.39,1004.35,239.0,6.6,3972.0,8,8.93,-3.13,61.73,79.45,28.68
2017-06-21,"Yangon, Myanmar",Yangon International Airport (VYYY),28.68,24.79,34.0,27.02,76.4,16.85,0,275.0,11.13,11.7,1005.81,74.0,7.3,3503.0,8,9.21,1.46,64.05,96.31,28.38
2017-06-22,"Yangon, Myanmar",Yangon International Airport (VYYY),28.38,24.48,33.19,25.4,79.7,9.41,0,328.0,9.14,15.05,1007.92,288.0,6.9,5170.0,7,8.71,2.1,47.81,105.72,29.87
2017-06-23,"Yangon, Myanmar",Yangon International Airport (VYYY),29.87,25.83,35.56,26.1,84.4,0.0,0,290.0,9.54,10.05,1009.9,237.0,7.9,5410.0,4,9.73,1.98,26.27,105.72,30.07
2017-06-24,"Yangon, Myanmar",Yangon International Airport (VYYY),30.07,25.8,34.6,25.67,88.5,15.36,0,,10.67,29.62,1004.25,225.0,8.0,4975.0,8,8.8,-5.65,24.77,103.36,29.28
2017-06-25,"Yangon, Myanmar",Yangon International Airport (VYYY),29.28,25.49,33.18,27.49,79.3,22.82,0,263.0,7.66,7.77,1004.03,230.0,7.2,5229.0,8,7.69,-0.22,38.18,111.65,31.01
2017-06-26,"Yangon, Myanmar",Yangon International Airport (VYYY),31.01,27.32,36.48,27.94,80.1,0.0,0,248.0,10.86,13.04,1012.12,230.0,6.8,4956.0,4,9.15,8.09,38.18,85.99,31.17
2017-06-27,"Yangon, Myanmar",Yangon International Airport (VYYY),31.17,28.15,35.88,30.11,77.1,1.2,0,277.0,10.61,,1007.22,208.0,7.6,4474.0,7,7.72,-4.9,24.02,65.65,29.32
2017-06-28,"Yangon, Myanmar",Yangon International Airport (VYYY),29.32,26.12,34.96,27.61,86.8,0.0,0,262.0,9.14,12.77,1008.47,161.0,7.2,7248.0,4,8.84,1.25,1.2,48.79,29.06
2017-06-29,"Yangon, Myanmar",Yangon International Airport (VYYY),29.06,25.83,33.96,26.54,82.3,11.4,0,235.0,7.86,9.74,1008.81,265.0,8.0,5426.0,8,8.13,0.34,12.6,50.78,29.15
2017-06-30,"Yangon, Myanmar",Yangon International Airport (VYYY),29.15,24.88,33.79,27.92,88.4,5.96,0,258.0,9.06,15.32,1009.8,214.0,6.5,4575.0,7,8.91,0.99,17.36,56.74,30.21
2017-07-01,"Yangon, Myanmar",Yangon International Airport (VYYY),30.21,26.04,35.26,26.51,82.1,34.6,0,281.0,10.64,16.82,1007.57,208.0,6.2,2509.0,25,9.22,-2.23,51.96,75.98,28.98
2017-07-02,"Yangon, Myanmar",Yangon International Airport (VYYY),28.98,25.54,34.23,24.46,84.2,10.59,0,276.0,11.16,11.31,1005.07,119.0,7.2,4538.0,8,8.69,-2.5,51.15,63.75,31.28
2017-07-03,"Yangon, Myanmar",Yangon International Airport (VYYY),31.28,27.07,35.76,28.2,85.2,14.25,0,237.0,13.08,13.44,1007.58,188.0,6.8,3089.0,8,8.69,2.51,59.44,78.0,29.33
2017-07-04,"Yangon, Myanmar",Yangon International Airport (VYYY),29.33,24.87,35.32,27.45,85.1,4.91,0,282.0,9.83,13.46,1007.47,,7.3,6062.0,7,10.45,-0.11,29.75,81.71,30.56
2017-07-05,"Yangon, Myanmar",Yangon International Airport (VYYY),30.56,26.95,35.32,27.24,88.8,25.22,0,214.0,8.56,10.68,1008.74,382.0,,4235.0,8,8.37,1.27,44.38,106.93,28.79
2017-07-06,"Yangon, Myanmar",Yangon International Airport (VYYY),28.79,25.42,33.98,28.08,76.2,0.0,0,225.0,7.01,15.0,1006.23,83.0,6.7,5554.0,4,8.56,-2.51,30.13,95.53,27.73
2017-07-07,"Yangon, Myanmar",Yangon International Airport (VYYY),27.73,24.35,32.53,25.11,78.3,0.0,0,202.0,9.65,16.18,1008.77,121.0,4.8,7249.0,3,8.18,2.54,25.22,89.57,30.56
2017-07-08,"Yangon, Myanmar",Yangon International Airport (VYYY),30.56,26.81,35.6,29.59,85.3,18.43,0,190.0,8.71,10.73,1007.48,301.0,4.9,4265.0,8,8.78,-1.29,18.43,73.41,29.56
2017-07-09,"Yangon, Myanmar",Yangon International Airport (VYYY),29.56,25.46,34.86,26.99,79.6,0.0,0,258.0,8.22,8.95,1010.17,177.0,6.6,6212.0,4,9.4,2.69,18.43,62.81,30.72
2017-07-10,"Yangon, Myanmar",Yangon International Airport (VYYY),30.72,26.72,36.14,27.74,87.1,0.0,0,197.0,9.44,15.17,1006.84,259.0,7.5,5999.0,4,9.42,-3.32,18.43,48.56,31.07
2017-07-11,"Yangon, Myanmar",Yangon International Airport (VYYY),31.07,27.01,35.74,27.72,82.5,0.0,0,229.0,9.23,13.98,1007.93,81.0,7.6,5283.0,4,8.73,1.08,0.0,43.65,30.56
2017-07-12,"Yangon, Myanmar",Yangon International Airport (VYYY),30.56,26.63,35.14,27.61,89.3,7.36,0,298.0,9.14,9.74,1007.07,182.0,7.0,5947.0,7,8.51,-0.86,7.36,25.78,30.71
2017-07-13,"Yangon, Myanmar",Yangon International Airport (VYYY),30.71,27.35,35.08,27.79,80.8,0.0,0,199.0,7.38,10.34,1011.41,323.0,8.0,5875.0,4,7.72,4.34,7.36,25.78,31.86
2017-07-14,"Yangon, Myanmar",Yangon International Airport (VYYY),31.86,27.87,37.37,29.81,79.1,25.42,0,254.0,8.97,9.44,1008.4,,5.4,4214.0,8,9.5,-3.02,32.78,51.21,29.1
2017-07-15,"Yangon, Myanmar",Yangon International Airport (VYYY),29.1,24.93,32.86,27.75,86.9,24.26,0,213.0,10.58,11.22,1002.83,296.0,5.8,3468.0,8,7.93,-5.57,49.69,57.04,31.2
2017-07-16,"Yangon, Myanmar",Yangon International Airport (VYYY),31.2,27.15,29.57,28.15,80.7,,0,284.0,10.01,32.71,1005.72,179.0,5.6,2768.0,25,8.42,2.89,83.15,90.5,31.43
2017-07-17,"Yangon, Myanmar",Yangon International Airport (VYYY),31.43,26.81,37.06,28.5,77.0,23.23,0,244.0,13.7,14.2,1009.12,400.0,6.5,5054.0,8,10.25,3.4,80.96,113.74,29.55
2017-07-18,"Yangon, Myanmar",Yangon International Airport (VYYY),29.55,26.14,34.17,26.37,88.1,12.38,0,194.0,5.78,5.88,1010.39,216.0,,4845.0,8,8.02,1.27,69.08,126.12,30.51
2017-07-19,"Yangon, Myanmar",Yangon International Airport (VYYY),30.51,26.23,34.43,28.73,86.3,0.0,0,220.0,6.45,7.52,1006.16,47.0,5.0,5726.0,3,8.21,-4.23,35.61,118.76,29.48
2017-07-20,"Yangon, Myanmar",Yangon International Airport (VYYY),29.48,24.6,34.83,25.54,83.9,0.0,0,153.0,4.6,6.22,1008.03,262.0,5.4,7085.0,3,10.23,1.88,12.38,118.76,29.87
2017-07-21,"Yangon, Myanmar",Yangon International Airport (VYYY),29.87,26.61,35.24,25.16,72.9,3.04,0,194.0,9.24,9.93,1005.98,196.0,6.9,6313.0,7,8.64,-2.05,3.04,96.38,30.32
2017-07-22,"Yangon, Myanmar",Yangon International Airport (VYYY),30.32,27.44,34.71,26.73,86.3,10.53,0,343.0,4.01,8.97,1007.39,424.0,5.5,6160.0,8,7.27,1.41,13.57,82.64,29.95
2017-07-23,"Yangon, Myanmar",Yangon International Airport (VYYY),29.95,25.32,35.46,26.7,77.5,0.0,0,238.0,7.61,10.17,1007.87,328.0,5.6,6449.0,3,10.14,0.47,13.57,49.18,28.37
2017-07-24,"Yangon, Myanmar",Yangon International Airport (VYYY),28.37,25.25,34.38,26.06,78.0,0.0,0,211.0,9.78,10.72,1007.39,199.0,6.6,6823.0,4,9.13,-0.48,10.53,25.95,30.02
2017-07-25,"Yangon, Myanmar",Yangon International Airport (VYYY),30.02,25.85,34.08,26.42,77.5,10.36,0,262.0,8.51,10.35,1009.56,325.0,5.8,2908.0,8,8.23,2.17,10.36,23.93,28.58
2017-07-26,"Yangon, Myanmar",Yangon International Airport (VYYY),28.58,24.85,33.49,27.54,80.4,16.38,0,244.0,11.82,12.18,1007.41,383.0,5.8,4644.0,8,8.64,-2.15,26.74,40.31,30.79
2017-07-27,"Yangon, Myanmar",Yangon International Airport (VYYY),30.79,27.47,36.43,26.2,87.0,0.0,0,290.0,10.16,10.82,1007.83,403.0,7.3,5683.0,4,8.96,0.42,26.74,40.31,30.57
2017-07-28,"Yangon, Myanmar",Yangon International Airport (VYYY),30.57,26.69,35.62,29.27,76.2,13.4,0,243.0,9.39,9.93,1006.75,277.0,4.4,6893.0,8,8.93,-1.08,29.78,50.68,30.3
2017-07-29,"Yangon, Myanmar",Yangon International Airport (VYYY),30.3,26.5,34.73,27.03,86.0,10.5,0,260.0,5.55,7.68,1007.16,116.0,6.4,6948.0,8,8.23,0.41,23.91,50.65,30.46
2017-07-30,"Yangon, Myanmar",Yangon International Airport (VYYY),30.46,26.14,35.64,27.22,84.4,0.0,0,254.0,6.31,7.15,1007.44,,5.8,6950.0,3,9.5,0.27,23.91,50.65,29.99
2017-07-31,"Yangon, Myanmar",Yangon International Airport (VYYY),29.99,26.25,35.58,26.74,83.6,4.24,0,298.0,8.92,13.2,1002.35,124.0,3.6,7142.0,7,9.34,-5.09,14.74,54.89,29.19
2017-08-01,"Yangon, Myanmar",Yangon International Airport (VYYY),29.19,24.72,34.48,25.07,79.7,0.0,0,245.0,13.51,14.81,1002.86,300.0,6.2,5765.0,4,9.77,0.52,4.24,44.52,28.86
2017-08-02,"Yangon, Myanmar",Yangon International Airport (VYYY),28.86,23.81,33.94,27.63,71.9,0.0,0,218.0,10.21,12.91,1004.41,303.0,7.4,7549.0,4,10.13,1.55,4.24,28.14,29.77
2017-08-03,"Yangon, Myanmar",Yangon International Airport (VYYY),29.77,26.11,34.67,26.42,80.1,0.0,0,327.0,7.07,7.75,1005.42,305.0,6.1,7394.0,4,8.56,1.0,0.0,28.14,29.31
2017-08-04,"Yangon, Myanmar",Yangon International Airport (VYYY),29.31,26.58,33.56,24.94,81.4,11.82,0,192.0,7.8,11.92,1009.7,402.0,4.7,6176.0,8,6.97,4.29,11.82,26.56,31.23
2017-08-05,"Yangon, Myanmar",Yangon International Airport (VYYY),31.23,27.86,36.81,29.68,83.4,27.6,0,168.0,9.44,9.72,1001.6,371.0,3.6,4936.0,8,8.94,-8.1,39.42,43.66,30.59
2017-08-06,"Yangon, Myanmar",Yangon International Airport (VYYY),30.59,26.6,34.77,27.31,76.2,2.9,0,260.0,11.56,17.29,1006.68,232.0,7.1,6430.0,7,8.17,5.08,42.32,46.56,28.94
2017-08-07,"Yangon, Myanmar",Yangon International Airport (VYYY),28.94,24.99,33.83,26.6,75.9,0.0,0,235.0,8.61,11.37,1001.34,394.0,5.9,7698.0,3,8.84,-5.34,30.5,42.32,30.43
2017-08-08,"Yangon, Myanmar",Yangon International Airport (VYYY),30.43,26.51,34.54,26.19,82.8,0.0,0,285.0,9.8,12.14,1008.93,368.0,5.6,7192.0,3,8.03,7.6,2.9,42.32,31.02
2017-08-09,"Yangon, Myanmar",Yangon International Airport (VYYY),31.02,27.73,35.96,27.92,76.7,0.0,0,248.0,6.86,6.88,1006.04,298.0,8.0,8204.0,4,8.22,-2.89,0.0,42.32,29.39
2017-08-10,"Yangon, Myanmar",Yangon International Airport (VYYY),29.39,25.86,35.2,28.12,74.2,0.0,0,201.0,10.51,,,427.0,5.1,7282.0,3,9.34,2.57,0.0,42.32,29.52
2017-08-11,"Yangon, Myanmar",Yangon International Airport (VYYY),29.52,25.33,34.08,27.44,78.9,0.0,0,213.0,9.45,13.79,1007.77,336.0,5.1,6903.0,3,8.75,-0.84,0.0,30.5,31.02
2017-08-12,"Yangon, Myanmar",Yangon International Airport (VYYY),31.02,26.55,36.65,28.15,68.5,0.0,0,293.0,7.65,11.17,1009.01,343.0,6.5,6177.0,4,10.1,1.24,0.0,2.9,30.62
2017-08-13,"Yangon, Myanmar",Yangon International Airport (VYYY),30.62,26.97,35.87,26.65,75.4,0.0,0,318.0,5.52,6.77,1008.44,272.0,4.5,7085.0,3,8.9,-0.57,0.0,0.0,29.33
2017-08-14,"Yangon, Myanmar",Yangon International Airport (VYYY),29.33,26.29,34.75,25.73,86.7,19.48,0,296.0,6.39,11.8,1008.81,300.0,3.6,5658.0,8,8.47,0.37,19.48,19.48,28.92
2017-08-15,"Yangon, Myanmar",Yangon International Airport (VYYY),28.92,25.19,33.63,24.67,71.4,0.0,0,292.0,6.29,8.3,1010.15,397.0,4.3,7300.0,3,8.44,1.34,19.48,19.48,29.11
2017-08-16,"Yangon, Myanmar",Yangon International Airport (VYYY),29.11,25.46,35.37,25.77,88.4,9.53,0,230.0,12.24,14.39,1007.64,354.0,4.3,6506.0,7,9.91,-2.51,29.01,29.01,28.27
2017-08-17,"Yangon, Myanmar",Yangon International Airport (VYYY),28.27,24.47,33.27,24.69,82.0,0.0,0,131.0,10.61,10.71,1010.04,324.0,4.7,6132.0,3,8.79,2.4,9.53,29.01,30.45
2017-08-18,"Yangon, Myanmar",Yangon International Airport (VYYY),30.45,26.89,35.0,26.78,75.9,0.0,0,205.0,7.1,9.47,1008.78,428.0,4.1,8509.0,3,8.1,-1.26,9.53,29.01,29.32
2017-08-19,"Yangon, Myanmar",Yangon International Airport (VYYY),29.32,25.37,33.4,27.44,75.7,0.0,0,234.0,8.35,13.76,1006.35,363.0,5.8,8605.0,3,8.02,-2.43,0.0,29.01,30.8
2017-08-20,"Yangon, Myanmar",Yangon International Airport (VYYY),30.8,27.63,36.53,29.24,67.3,13.33,0,242.0,4.94,5.85,1004.22,344.0,4.9,5762.0,8,8.9,-2.13,13.33,42.34,28.35
2017-08-21,"Yangon, Myanmar",Yangon International Airport (VYYY),28.35,25.65,34.12,24.87,85.1,14.33,0,226.0,8.54,12.76,1006.39,301.0,3.8,6474.0,8,8.47,2.17,27.67,37.2,30.1
2017-08-22,"Yangon, Myanmar",Yangon International Airport (VYYY),30.1,24.78,35.31,27.1,74.4,32.78,0,239.0,5.7,12.84,1009.1,383.0,3.5,6085.0,25,10.53,2.72,60.44,69.97,31.83
2017-08-23,"Yangon, Myanmar",Yangon International Airport (VYYY),31.83,28.76,36.19,28.87,79.0,0.0,0,294.0,7.55,7.98,1005.64,405.0,6.4,8318.0,4,7.43,-3.46,47.11,60.44,29.37
2017-08-24,"Yangon, Myanmar",Yangon International Airport (VYYY),29.37,25.55,34.2,,69.6,0.0,0,223.0,6.74,9.17,1010.42,425.0,5.6,7376.0,3,8.65,4.78,32.78,60.44,29.44
2017-08-25,"Yangon, Myanmar",Yangon International Airport (VYYY),29.44,26.01,33.76,24.85,84.7,0.0,0,265.0,8.51,12.93,1006.84,519.0,4.8,8461.0,3,7.74,-3.58,0.0,60.44,29.02
2017-08-26,"Yangon, Myanmar",Yangon International Airport (VYYY),29.02,25.76,33.01,27.02,74.5,0.0,0,219.0,6.12,6.73,1005.54,272.0,2.8,7244.0,1,7.26,-1.3,0.0,60.44,29.8
2017-08-27,"Yangon, Myanmar",Yangon International Airport (VYYY),29.8,25.54,34.33,27.51,77.9,17.07,0,209.0,6.96,7.79,1004.92,250.0,2.1,5636.0,8,8.8,-0.62,17.07,64.18,29.1
2017-08-28,"Yangon, Myanmar",Yangon International Airport (VYYY),29.1,24.92,35.46,27.29,74.2,0.0,0,340.0,11.55,13.3,1006.73,420.0,3.8,9883.0,1,10.54,1.81,17.07,49.84,28.26
2017-08-29,"Yangon, Myanmar",Yangon International Airport (VYYY),28.26,24.26,31.9,27.22,71.5,0.0,0,134.0,9.4,12.45,1008.82,226.0,3.3,8501.0,1,7.65,2.09,17.07,17.07,30.21
2017-08-30,"Yangon, Myanmar",Yangon International Airport (VYYY),30.21,25.32,34.96,27.77,62.2,0.0,0,220.0,7.67,12.0,1008.99,393.0,2.0,9981.0,1,9.64,0.16,0.0,17.07,29.72
2017-08-31,"Yangon, Myanmar",Yangon International Airport (VYYY),29.72,25.46,34.31,25.89,70.1,0.0,0,219.0,13.81,16.09,1007.4,403.0,,9569.0,3,8.85,-1.59,0.0,17.07,30.94
2017-09-01,"Yangon, Myanmar",Yangon International Airport (VYYY),30.94,26.81,35.15,27.6,70.6,0.0,0,141.0,7.67,7.93,1010.82,400.0,6.0,,3,8.35,3.42,0.0,17.07,31.2
2017-09-02,"Yangon, Myanmar",Yangon International Airport (VYYY),31.2,27.2,35.23,29.35,69.5,4.88,0,170.0,10.14,13.01,1008.49,390.0,4.9,7905.0,7,8.03,-2.33,4.88,21.95,26.98
2017-09-03,"Yangon, Myanmar",Yangon International Airport (VYYY),26.98,21.6,32.89,24.39,66.3,0.0,0,222.0,7.34,7.8,1009.6,486.0,3.0,9049.0,1,11.3,1.11,4.88,4.88,27.34
2017-09-04,"Yangon, Myanmar",Yangon International Airport (VYYY),27.34,24.48,31.24,25.29,80.5,6.97,0,224.0,9.7,12.25,1007.41,506.0,3.0,9786.0,7,6.76,-2.18,11.86,11.86,27.89
2017-09-05,"Yangon, Myanmar",Yangon International Airport (VYYY),27.89,24.1,32.05,23.14,78.9,10.29,0,155.0,8.28,12.94,1010.05,306.0,2.8,7707.0,8,7.96,2.64,17.26,22.14,29.95
2017-09-06,"Yangon, Myanmar",Yangon International Airport (VYYY),29.95,26.3,34.77,26.2,75.2,0.0,0,272.0,6.83,20.48,1010.48,398.0,2.7,10276.0,1,8.47,0.43,17.26,22.14,29.18
2017-09-07,"Yangon, Myanmar",Yangon International Airport (VYYY),29.18,24.38,34.36,25.92,77.9,13.32,0,269.0,9.65,12.31,1009.87,527.0,3.8,8760.0,8,9.98,-0.6,23.61,35.47,29.68
2017-09-08,"Yangon, Myanmar",Yangon International Airport (VYYY),29.68,25.93,34.06,28.45,73.6,0.0,0,173.0,8.11,10.67,1010.33,418.0,4.0,8193.0,3,8.13,0.45,13.32,35.47,28.1
2017-09-09,"Yangon, Myanmar",Yangon International Airport (VYYY),28.1,25.27,33.18,25.69,72.0,0.0,0,120.0,8.35,8.81,1008.42,417.0,0.0,10032.0,1,7.91,-1.91,13.32,30.59,28.36
2017-09-10,"Yangon, Myanmar",Yangon International Airport (VYYY),28.36,24.83,34.16,25.7,73.0,0.0,0,255.0,6.7,12.44,1010.51,510.0,2.4,10413.0,1,9.33,2.09,0.0,30.59,29.02
2017-09-11,"Yangon, Myanmar",Yangon International Airport (VYYY),29.02,24.56,33.49,24.6,82.1,0.0,0,177.0,10.37,11.86,1010.0,493.0,2.6,9139.0,1,8.93,-0.51,0.0,23.61,30.63
2017-09-12,"Yangon, Myanmar",Yangon International Airport (VYYY),30.63,27.21,35.86,25.88,63.9,0.0,0,204.0,2.5,2.74,1007.08,,3.1,9679.0,1,8.65,-2.92,0.0,13.32,29.49
2017-09-13,"Yangon, Myanmar",Yangon International Airport (VYYY),29.49,24.91,27.67,26.27,78.8,0.0,0,253.0,7.63,9.57,1010.47,448.0,2.9,10531.0,1,8.76,3.38,0.0,13.32,29.02
2017-09-14,"Yangon, Myanmar",Yangon International Airport (VYYY),29.02,25.57,33.26,25.87,87.6,0.0,0,114.0,4.96,5.54,1004.35,472.0,3.2,10241.0,1,7.68,-6.12,0.0,0.0,29.79
2017-09-15,"Yangon, Myanmar",Yangon International Airport (VYYY),29.79,26.75,34.14,26.4,64.7,0.0,0,238.0,3.66,6.43,1010.38,485.0,1.5,10398.0,1,7.39,6.03,0.0,0.0,29.94
2017-09-16,"Yangon, Myanmar",Yangon International Airport (VYYY),29.94,25.64,34.96,27.17,70.0,0.0,0,183.0,6.58,8.79,1008.31,431.0,2.4,10117.0,1,9.32,-2.07,0.0,0.0,29.25
2017-09-17,"Yangon, Myanmar",Yangon International Airport (VYYY),29.25,25.18,34.68,26.29,67.9,0.0,0,131.0,6.66,8.04,1006.86,589.0,1.4,,1,9.5,-1.45,0.0,0.0,26.41
2017-09-18,"Yangon, Myanmar",Yangon International Airport (VYYY),26.41,23.14,31.28,24.7,82.8,0.0,0,232.0,7.43,11.09,1006.54,463.0,3.2,10561.0,1,8.13,-0.31,0.0,0.0,28.89
2017-09-19,"Yangon, Myanmar",Yangon International Airport (VYYY),28.89,25.31,33.91,23.92,76.6,0.0,0,168.0,7.79,8.35,1012.07,505.0,0.3,10482.0,1,8.61,5.53,0.0,0.0,29.61
2017-09-20,"Yangon, Myanmar",Yangon International Airport (VYYY),29.61,24.98,34.73,26.23,75.3,0.0,0,192.0,5.06,9.27,1005.69,432.0,1.4,9609.0,1,9.75,-6.38,0.0,0.0,27.89
2017-09-21,"Yangon, Myanmar",Yangon International Airport (VYYY),27.89,23.79,31.8,25.33,68.8,0.0,0,201.0,5.47,6.87,1006.83,329.0,0.9,11772.0,1,8.01,1.14,0.0,0.0,27.85
2017-09-22,"Yangon, Myanmar",Yangon International Airport (VYYY),27.85,23.95,32.39,26.02,67.1,0.0,0,270.0,8.39,15.86,1011.97,394.0,3.2,12202.0,1,8.44,5.14,0.0,0.0,29.04
2017-09-23,"Yangon, Myanmar",Yangon International Airport (VYYY),29.04,26.03,35.18,25.61,78.5,0.0,0,265.0,8.72,11.39,1007.09,438.0,2.8,9384.0,1,9.15,-4.89,0.0,0.0,28.25
2017-09-24,"Yangon, Myanmar",Yangon International Airport (VYYY),28.25,23.52,32.27,25.71,74.2,15.01,0,250.0,9.78,10.35,1013.02,599.0,2.5,10824.0,8,8.75,5.93,15.01,15.01,28.31
2017-09-25,"Yangon, Myanmar",Yangon International Airport (VYYY),28.31,23.7,32.68,25.34,74.5,0.0,0,185.0,5.9,9.87,1007.7,610.0,,10370.0,1,8.98,-5.32,15.01,15.01,26.95
2017-09-26,"Yangon, Myanmar",Yangon International Airport (VYYY),26.95,22.88,31.48,,78.3,0.0,0,185.0,8.59,9.32,1007.51,512.0,1.9,8120.0,1,8.6,-0.19,15.01,15.01,26.8
2017-09-27,"Yangon, Myanmar",Yangon International Airport (VYYY),26.8,22.53,31.15,23.49,69.6,0.0,0,279.0,9.28,11.11,1009.02,495.0,2.2,10452.0,1,8.62,1.5,0.0,15.01,28.0
2017-09-28,"Yangon, Myanmar",Yangon International Airport (VYYY),28.0,23.99,33.26,25.43,71.4,0.0,0,179.0,1.93,3.46,1012.92,442.0,2.4,11234.0,1,9.27,3.91,0.0,15.01,28.58
2017-09-29,"Yangon, Myanmar",Yangon International Airport (VYYY),28.58,24.44,33.29,26.5,78.6,0.0,0,239.0,10.82,10.89,1007.91,371.0,2.4,11095.0,1,8.85,-5.02,0.0,15.01,29.02
2017-09-30,"Yangon, Myanmar",Yangon International Airport (VYYY),29.02,25.66,34.56,24.95,66.4,,0,133.0,9.54,11.56,1013.26,572.0,1.8,10651.0,7,8.89,5.35,6.21,21.22,28.78
2017-10-01,"Yangon, Myanmar",Yangon International Airport (VYYY),28.78,25.42,33.11,27.4,75.7,,0,171.0,3.57,4.5,1008.16,428.0,2.0,11502.0,1,7.69,-5.09,6.21,6.21,28.25
2017-10-02,"Yangon, Myanmar",Yangon International Airport (VYYY),28.25,24.91,33.16,24.43,69.9,0.0,0,164.0,9.43,17.86,1011.92,446.0,1.2,9358.0,1,8.25,3.76,6.21,6.21,28.73
2017-10-03,"Yangon, Myanmar",Yangon International Airport (VYYY),28.73,25.17,34.0,26.96,71.5,0.0,0,233.0,10.38,10.39,1010.87,507.0,0.7,10176.0,1,8.84,-1.05,0.0,6.21,29.68
2017-10-04,"Yangon, Myanmar",Yangon International Airport (VYYY),29.68,26.68,34.45,27.39,80.4,0.0,0,243.0,7.81,13.29,1009.07,475.0,4.7,10372.0,3,7.77,-1.8,0.0,6.21,29.0
2017-10-05,"Yangon, Myanmar",Yangon International Airport (VYYY),29.0,25.36,32.71,25.32,68.3,0.0,0,216.0,8.31,11.52,1011.12,413.0,2.9,12228.0,1,7.35,2.04,0.0,6.21,28.45
2017-10-06,"Yangon, Myanmar",Yangon International Airport (VYYY),28.45,24.26,33.91,25.8,74.2,0.0,0,147.0,,7.81,1010.4,611.0,1.4,9009.0,1,9.65,-0.71,0.0,6.21,27.79
2017-10-07,"Yangon, Myanmar",Yangon International Airport (VYYY),27.79,24.55,33.09,26.32,66.3,0.0,0,92.0,9.92,12.91,1009.66,541.0,2.5,10863.0,1,8.54,-0.74,0.0,0.0,27.64
2017-10-08,"Yangon, Myanmar",Yangon International Airport (VYYY),27.64,24.08,32.34,25.05,68.5,0.0,0,197.0,8.33,13.92,1005.71,,2.2,10825.0,1,8.26,-3.95,0.0,0.0,28.22
2017-10-09,"Yangon, Myanmar",Yangon International Airport (VYYY),28.22,23.9,33.82,25.67,75.1,0.0,0,225.0,8.91,10.57,1010.61,431.0,2.5,11271.0,1,9.92,4.9,0.0,0.0,26.91
2017-10-10,"Yangon, Myanmar",Yangon International Airport (VYYY),26.91,22.39,32.51,24.82,72.1,0.0,0,177.0,11.69,,1011.55,586.0,2.4,9942.0,1,10.11,0.94,0.0,0.0,24.44
2017-10-11,"Yangon, Myanmar",Yangon International Airport (VYYY),24.44,20.08,28.92,22.16,69.6,0.0,0,198.0,5.27,5.54,1013.44,597.0,0.9,10091.0,1,8.84,1.89,0.0,0.0,27.77
2017-10-12,"Yangon, Myanmar",Yangon International Airport (VYYY),27.77,22.42,31.6,25.5,78.3,0.0,0,,7.66,15.32,1005.59,315.0,1.9,9550.0,1,9.18,-7.85,0.0,0.0,27.83
2017-10-13,"Yangon, Myanmar",Yangon International Airport (VYYY),27.83,24.76,31.57,24.97,73.9,0.0,0,210.0,8.66,15.3,1007.16,420.0,2.6,10799.0,1,6.81,1.57,0.0,0.0,25.95
2017-10-14,"Yangon, Myanmar",Yangon International Airport (VYYY),25.95,22.45,29.29,22.93,76.5,0.0,0,219.0,10.75,20.34,1011.16,456.0,2.8,10442.0,1,6.83,4.0,0.0,0.0,29.21
2017-10-15,"Yangon, Myanmar",Yangon International Airport (VYYY),29.21,26.28,33.84,25.81,70.9,0.0,0,188.0,8.27,10.37,1008.54,378.0,3.1,10803.0,1,7.56,-2.63,0.0,0.0,26.92
2017-10-16,"Yangon, Myanmar",Yangon International Airport (VYYY),26.92,23.13,31.31,24.76,67.6,15.14,0,237.0,5.83,9.03,1008.49,449.0,3.4,8292.0,8,8.19,-0.04,15.14,15.14,27.56
2017-10-17,"Yangon, Myanmar",Yangon International Airport (VYYY),27.56,23.68,32.75,22.43,74.1,0.8,0,224.0,6.2,8.96,1012.8,559.0,3.2,9958.0,7,9.07,4.31,15.94,15.94,27.29
2017-10-18,"Yangon, Myanmar",Yangon International Airport (VYYY),27.29,23.82,31.03,25.18,72.5,0.0,0,138.0,10.53,18.71,1010.3,494.0,1.1,8680.0,1,7.21,-2.5,15.94,15.94,28.38
2017-10-19,"Yangon, Myanmar",Yangon International Airport (VYYY),28.38,24.88,33.32,24.04,70.6,0.0,0,197.0,3.96,6.33,1012.18,480.0,4.1,10958.0,3,8.44,1.88,0.8,15.94,28.27
2017-10-20,"Yangon, Myanmar",Yangon International Airport (VYYY),28.27,24.68,32.31,25.81,71.0,0.0,0,218.0,9.62,13.48,1011.65,392.0,1.6,10705.0,1,7.62,-0.53,0.0,15.94,27.26
2017-10-21,"Yangon, Myanmar",Yangon International Airport (VYYY),27.26,23.31,32.32,22.98,75.9,0.0,0,261.0,2.36,3.61,1005.89,334.0,0.8,8928.0,1,9.01,-5.75,0.0,15.94,26.03
2017-10-22,"Yangon, Myanmar",Yangon International Airport (VYYY),26.03,21.93,30.6,22.8,73.5,0.0,0,150.0,6.7,18.05,1011.23,521.0,4.3,11296.0,3,8.67,5.34,0.0,15.94,24.56
2017-10-23,"Yangon, Myanmar",Yangon International Airport (VYYY),24.56,20.73,29.63,22.03,64.1,0.0,0,167.0,2.21,3.9,1013.18,511.0,1.3,10076.0,1,8.9,1.95,0.0,0.8,28.76
2017-10-24,"Yangon, Myanmar",Yangon International Airport (VYYY),28.76,25.63,33.92,25.63,79.7,0.0,0,,7.05,8.4,1012.9,382.0,2.2,10155.0,1,8.29,-0.27,0.0,0.0,25.94
2017-10-25,"Yangon, Myanmar",Yangon International Airport (VYYY),25.94,22.16,31.04,22.2,86.0,0.0,0,169.0,6.39,10.26,1011.77,483.0,1.6,9604.0,1,8.88,-1.13,0.0,0.0,26.61
2017-10-26,"Yangon, Myanmar",Yangon International Airport (VYYY),26.61,22.39,30.88,23.87,72.5,0.0,0,188.0,3.42,4.16,1009.06,559.0,0.7,10050.0,1,8.48,-2.72,0.0,0.0,26.08
2017-10-27,"Yangon, Myanmar",Yangon International Airport (VYYY),26.08,21.63,31.17,23.95,75.2,0.0,0,200.0,4.19,10.5,1008.07,436.0,2.9,10335.0,1,9.54,-0.99,0.0,0.0,27.2
2017-10-28,"Yangon, Myanmar",Yangon International Airport (VYYY),27.2,23.67,32.02,23.4,78.0,0.0,0,243.0,10.12,13.83,1012.75,581.0,3.5,9540.0,1,8.35,4.68,0.0,0.0,25.54
2017-10-29,"Yangon, Myanmar",Yangon International Airport (VYYY),25.54,21.64,30.78,23.46,80.5,0.0,0,207.0,8.45,12.35,1014.32,382.0,0.3,,1,9.14,1.56,0.0,0.0,25.49
2017-10-30,"Yangon, Myanmar",Yangon International Airport (VYYY),25.49,20.94,29.35,23.4,83.4,0.0,0,165.0,6.97,8.28,1011.55,367.0,0.8,10981.0,1,8.41,-2.76,0.0,0.0,25.15
2017-10-31,"Yangon, Myanmar",Yangon International Airport (VYYY),25.15,21.66,30.54,21.68,73.2,0.0,0,209.0,3.38,3.7,1009.47,,1.9,10639.0,1,8.88,-2.08,0.0,0.0,26.88
2017-11-01,"Yangon, Myanmar",Yangon International Airport (VYYY),26.88,24.38,32.25,23.73,83.0,0.0,0,155.0,7.87,10.23,1009.21,506.0,3.1,9602.0,1,7.88,-0.26,0.0,0.0,27.64
2017-11-02,"Yangon, Myanmar",Yangon International Airport (VYYY),27.64,24.01,31.68,25.18,75.5,0.0,0,273.0,6.35,,1012.44,452.0,2.0,11796.0,1,7.67,3.23,0.0,0.0,25.93
2017-11-03,"Yangon, Myanmar",Yangon International Airport (VYYY),25.93,23.53,31.3,23.11,71.4,0.0,0,195.0,7.94,12.62,1011.35,373.0,1.2,10817.0,1,7.77,-1.09,0.0,0.0,25.06
2017-11-04,"Yangon, Myanmar",Yangon International Airport (VYYY),25.06,21.72,29.55,23.49,85.0,0.0,0,,5.73,6.96,1007.5,405.0,3.7,9804.0,1,7.83,-3.85,0.0,0.0,26.28
2017-11-05,"Yangon, Myanmar",Yangon International Airport (VYYY),26.28,21.59,32.28,23.76,77.3,0.0,0,210.0,10.51,14.71,1012.57,575.0,4.5,11061.0,3,10.69,5.06,0.0,0.0,27.49
2017-11-06,"Yangon, Myanmar",Yangon International Airport (VYYY),27.49,23.62,31.42,24.09,74.7,0.0,0,217.0,9.04,14.98,1011.01,434.0,3.1,8910.0,1,7.8,-1.56,0.0,0.0,25.54
2017-11-07,"Yangon, Myanmar",Yangon International Airport (VYYY),25.54,21.99,29.63,23.17,72.6,0.0,0,249.0,11.98,13.45,1013.79,507.0,1.5,10204.0,1,7.64,2.78,0.0,0.0,26.86
2017-11-08,"Yangon, Myanmar",Yangon International Airport (VYYY),26.86,23.23,31.97,23.12,78.3,0.0,0,202.0,9.36,15.09,1014.53,479.0,1.6,8211.0,1,8.74,0.74,0.0,0.0,23.88
2017-11-09,"Yangon, Myanmar",Yangon International Airport (VYYY),23.88,20.99,28.18,22.21,72.7,0.0,0,304.0,8.88,9.26,1011.48,341.0,2.9,9931.0,1,7.19,-3.05,0.0,0.0,26.25
2017-11-10,"Yangon, Myanmar",Yangon International Airport (VYYY),26.25,22.08,29.62,25.27,78.4,0.0,0,129.0,8.44,9.46,1010.93,387.0,2.4,11764.0,1,7.54,-0.55,0.0,0.0,25.74
2017-11-11,"Yangon, Myanmar",Yangon International Airport (VYYY),25.74,21.34,29.93,23.93,70.3,0.0,0,66.0,4.89,8.81,1011.28,597.0,0.8,9861.0,1,8.59,0.34,0.0,0.0,26.72
2017-11-12,"Yangon, Myanmar",Yangon International Airport (VYYY),26.72,22.77,32.4,23.23,78.0,0.0,0,147.0,8.01,10.88,1009.15,497.0,2.4,10003.0,1,9.63,-2.13,0.0,0.0,26.0
2017-11-13,"Yangon, Myanmar",Yangon International Airport (VYYY),26.0,23.63,29.89,21.45,68.4,0.0,0,184.0,7.53,8.14,1009.56,562.0,2.7,9719.0,1,6.27,0.41,0.0,0.0,25.71
2017-11-14,"Yangon, Myanmar",Yangon International Airport (VYYY),25.71,21.71,30.02,,80.9,0.0,0,224.0,7.62,8.38,1012.91,500.0,1.7,10530.0,1,8.31,3.35,0.0,0.0,26.72
2017-11-15,"Yangon, Myanmar",Yangon International Airport (VYYY),26.72,23.08,30.93,23.19,82.0,0.0,0,187.0,4.66,6.8,1010.41,548.0,2.7,10128.0,1,7.85,-2.5,0.0,0.0,25.21
2017-11-16,"Yangon, Myanmar",Yangon International Airport (VYYY),25.21,20.72,31.67,22.2,80.3,0.0,0,222.0,10.78,11.02,1011.13,460.0,3.5,8561.0,1,10.95,0.73,0.0,0.0,26.01
2017-11-17,"Yangon, Myanmar",Yangon International Airport (VYYY),26.01,21.25,30.07,22.09,77.7,0.0,0,227.0,7.07,8.0,1011.88,444.0,0.5,9512.0,1,8.82,0.75,0.0,0.0,25.45
2017-11-18,"Yangon, Myanmar",Yangon International Airport (VYYY),25.45,21.42,29.95,22.05,74.0,0.0,0,185.0,5.23,8.09,1013.81,399.0,0.8,9624.0,1,8.53,1.92,0.0,0.0,26.39
2017-11-19,"Yangon, Myanmar",Yangon International Airport (VYYY),26.39,22.1,31.08,24.09,85.5,0.0,0,229.0,9.92,10.65,1007.68,536.0,2.7,10174.0,1,8.98,-6.13,0.0,0.0,27.59
2017-11-20,"Yangon, Myanmar",Yangon International Airport (VYYY),27.59,24.12,31.63,24.43,82.7,10.44,0,233.0,7.38,8.76,1009.8,465.0,2.4,9520.0,8,7.5,2.12,10.44,10.44,23.67
2017-11-21,"Yangon, Myanmar",Yangon International Airport (VYYY),23.67,19.31,29.17,20.9,75.3,0.0,0,207.0,7.12,8.82,1009.86,367.0,1.6,10238.0,1,9.87,0.06,10.44,10.44,26.16
2017-11-22,"Yangon, Myanmar",Yangon International Airport (VYYY),26.16,22.25,31.63,23.06,78.7,0.0,0,139.0,8.36,14.64,1011.71,362.0,3.4,9953.0,1,9.39,1.85,10.44,10.44,24.84
2017-11-23,"Yangon, Myanmar",Yangon International Airport (VYYY),24.84,20.49,30.23,22.34,82.0,0.0,0,218.0,7.23,9.41,1013.93,,1.5,11153.0,1,9.74,2.22,0.0,10.44,25.25
2017-11-24,"Yangon, Myanmar",Yangon International Airport (VYYY),25.25,21.62,30.56,22.12,76.4,0.0,0,245.0,7.06,9.61,1010.0,447.0,1.2,10781.0,1,8.94,-3.93,0.0,10.44,25.88
2017-11-25,"Yangon, Myanmar",Yangon International Airport (VYYY),25.88,22.4,31.82,23.79,78.5,0.0,0,266.0,8.34,10.35,1015.96,498.0,4.2,10610.0,3,9.42,5.96,0.0,10.44,24.66
2017-11-26,"Yangon, Myanmar",Yangon International Airport (VYYY),24.66,20.65,30.29,21.98,77.7,0.0,0,187.0,10.1,13.28,1014.74,476.0,2.5,10236.0,1,9.64,-1.22,0.0,10.44,25.44
2017-11-27,"Yangon, Myanmar",Yangon International Airport (VYYY),25.44,21.83,29.59,23.03,79.7,0.0,0,202.0,5.18,6.05,1010.11,558.0,1.3,9774.0,1,7.75,-4.63,0.0,0.0,22.51
2017-11-28,"Yangon, Myanmar",Yangon International Airport (VYYY),22.51,18.74,27.2,19.0,73.2,0.0,0,191.0,8.39,8.95,1016.24,397.0,3.2,10084.0,1,8.46,6.13,0.0,0.0,23.44
2017-11-29,"Yangon, Myanmar",Yangon International Airport (VYYY),23.44,20.45,28.56,18.31,69.2,0.0,0,296.0,7.01,8.33,1013.71,537.0,2.7,8876.0,1,8.11,-2.52,0.0,0.0,24.68
2017-11-30,"Yangon, Myanmar",Yangon International Airport (VYYY),24.68,20.31,30.39,21.31,79.3,0.0,0,217.0,7.04,9.39,1011.94,584.0,2.1,10518.0,1,10.08,-1.77,0.0,0.0,26.06
2017-12-01,"Yangon, Myanmar",Yangon International Airport (VYYY),26.06,22.32,31.67,23.96,81.4,0.0,0,231.0,8.94,10.55,1008.62,564.0,2.6,9002.0,1,9.35,-3.32,0.0,0.0,26.21
2017-12-02,"Yangon, Myanmar",Yangon International Airport (VYYY),26.21,22.26,31.1,24.23,81.4,0.0,0,159.0,10.84,11.29,1013.9,472.0,1.3,10583.0,1,8.84,5.27,0.0,0.0,24.22
2017-12-03,"Yangon, Myanmar",Yangon International Airport (VYYY),24.22,20.44,29.49,19.53,61.9,0.0,0,223.0,6.19,9.0,1013.41,528.0,1.1,11370.0,1,9.05,-0.49,0.0,0.0,26.17
2017-12-04,"Yangon, Myanmar",Yangon International Airport (VYYY),26.17,23.52,29.59,25.06,75.5,0.0,0,224.0,7.46,11.21,1016.15,515.0,0.5,8967.0,1,6.06,2.74,0.0,0.0,23.79
2017-12-05,"Yangon, Myanmar",Yangon International Airport (VYYY),23.79,20.28,28.89,21.03,83.2,0.0,0,209.0,4.77,4.96,1010.9,532.0,1.0,7313.0,1,8.62,-5.25,0.0,0.0,25.8
2017-12-06,"Yangon, Myanmar",Yangon International Airport (VYYY),25.8,21.51,29.9,24.22,71.6,0.0,0,157.0,5.28,5.97,1013.28,426.0,2.3,11144.0,1,8.39,2.38,0.0,0.0,24.24
2017-12-07,"Yangon, Myanmar",Yangon International Airport (VYYY),24.24,20.31,29.81,20.09,84.1,0.0,0,245.0,6.62,6.96,1013.4,536.0,2.8,11005.0,1,9.5,0.12,0.0,0.0,24.75
2017-12-08,"Yangon, Myanmar",Yangon International Airport (VYYY),24.75,20.88,30.15,22.89,75.8,0.0,0,229.0,3.75,4.81,1011.92,506.0,1.4,11859.0,1,9.28,-1.48,0.0,0.0,25.16
2017-12-09,"Yangon, Myanmar",Yangon International Airport (VYYY),25.16,21.63,30.61,23.44,81.0,0.0,0,173.0,6.25,8.0,1013.33,515.0,0.3,8850.0,1,8.97,1.4,0.0,0.0,25.82
2017-12-10,"Yangon, Myanmar",Yangon International Airport (VYYY),25.82,21.53,30.39,21.85,79.4,0.0,0,177.0,7.18,9.97,1011.45,431.0,0.9,10615.0,1,8.86,-1.88,0.0,0.0,24.98
2017-12-11,"Yangon, Myanmar",Yangon International Airport (VYYY),24.98,20.67,29.22,23.57,76.9,0.0,0,203.0,6.71,7.37,1016.2,372.0,2.4,10796.0,1,8.55,4.75,0.0,0.0,25.31
2017-12-12,"Yangon, Myanmar",Yangon International Airport (VYYY),25.31,22.87,30.75,,80.6,0.0,0,210.0,7.03,9.25,1011.36,457.0,1.1,9496.0,1,7.88,-4.84,0.0,0.0,24.63
2017-12-13,"Yangon, Myanmar",Yangon International Airport (VYYY),24.63,20.77,29.72,19.95,80.1,0.0,0,248.0,5.02,9.8,,595.0,0.7,9618.0,1,8.95,0.0,0.0,0.0,25.26
2017-12-14,"Yangon, Myanmar",Yangon International Airport (VYYY),25.26,19.84,29.39,22.17,76.4,0.0,0,223.0,4.9,6.79,1013.0,575.0,2.5,9221.0,1,9.56,1.64,0.0,0.0,24.92
2017-12-15,"Yangon, Myanmar",Yangon International Airport (VYYY),24.92,21.5,28.63,22.37,81.8,0.0,0,256.0,4.12,11.48,1012.05,450.0,1.3,10268.0,1,7.13,-0.95,0.0,0.0,24.65
2017-12-16,"Yangon, Myanmar",Yangon International Airport (VYYY),24.65,21.19,29.79,21.85,79.9,0.0,0,221.0,7.84,10.55,1011.31,496.0,3.8,9981.0,1,8.61,-0.74,0.0,0.0,26.42
2017-12-17,"Yangon, Myanmar",Yangon International Airport (VYYY),26.42,23.08,30.96,23.19,67.7,0.0,0,135.0,5.75,6.05,1011.29,505.0,3.2,10499.0,1,7.88,-0.02,0.0,0.0,24.19
2017-12-18,"Yangon, Myanmar",Yangon International Airport (VYYY),24.19,19.62,28.62,20.42,75.4,0.0,0,263.0,9.69,10.76,1009.98,515.0,1.3,11202.0,1,9.0,-1.31,0.0,0.0,22.05
2017-12-19,"Yangon, Myanmar",Yangon International Airport (VYYY),22.05,18.77,27.74,19.04,82.8,0.0,0,205.0,8.3,12.84,1008.57,537.0,3.1,10181.0,1,8.97,-1.41,0.0,0.0,25.11
2017-12-20,"Yangon, Myanmar",Yangon International Airport (VYYY),25.11,21.1,31.05,23.17,69.2,0.0,0,151.0,6.68,6.74,1014.38,532.0,1.7,10686.0,1,9.95,5.81,0.0,0.0,24.09
2017-12-21,"Yangon, Myanmar",Yangon International Airport (VYYY),24.09,19.27,28.72,21.02,64.6,0.0,0,252.0,9.37,10.9,1014.64,479.0,3.2,10016.0,1,9.45,0.26,0.0,0.0,24.66
2017-12-22,"Yangon, Myanmar",Yangon International Airport (VYYY),24.66,20.95,28.95,19.7,72.1,0.0,0,199.0,5.65,8.06,1013.78,460.0,0.5,10037.0,1,8.01,-0.87,0.0,0.0,23.62
2017-12-23,"Yangon, Myanmar",Yangon International Airport (VYYY),23.62,19.66,28.35,19.8,80.7,0.0,0,223.0,2.51,4.52,1014.43,419.0,2.6,11066.0,1,8.69,0.65,0.0,0.0,22.69
2017-12-24,"Yangon, Myanmar",Yangon International Airport (VYYY),22.69,18.81,26.5,19.07,82.5,0.0,0,231.0,4.74,6.28,1015.57,554.0,1.9,9633.0,1,7.69,1.14,0.0,0.0,24.56
2017-12-25,"Yangon, Myanmar",Yangon International Airport (VYYY),24.56,20.94,30.29,22.4,80.5,0.0,0,278.0,8.31,9.86,1010.42,486.0,1.2,10936.0,1,9.35,-5.16,0.0,0.0,24.22
2017-12-26,"Yangon, Myanmar",Yangon International Airport (VYYY),24.22,21.52,29.18,19.88,76.0,0.0,0,202.0,6.98,8.92,1011.74,512.0,2.7,8928.0,1,7.67,1.33,0.0,0.0,25.64
2017-12-27,"Yangon, Myanmar",Yangon International Airport (VYYY),25.64,21.99,30.29,22.17,83.3,0.0,0,223.0,8.72,10.42,1010.94,588.0,2.0,10436.0,1,8.31,-0.81,0.0,0.0,26.34
2017-12-28,"Yangon, Myanmar",Yangon International Airport (VYYY),26.34,22.44,32.3,23.6,79.0,0.0,0,250.0,4.97,5.95,1012.67,496.0,2.3,11075.0,1,9.86,1.73,0.0,0.0,24.97
2017-12-29,"Yangon, Myanmar",Yangon International Airport (VYYY),24.97,21.96,30.99,23.17,73.6,0.0,0,123.0,6.29,6.66,1014.31,355.0,1.9,9496.0,1,9.02,1.65,0.0,0.0,24.22
2017-12-30,"Yangon, Myanmar",Yangon International Airport (VYYY),24.22,18.91,29.86,22.15,78.1,0.0,0,109.0,7.45,7.83,1012.26,559.0,1.2,9137.0,1,10.95,-2.05,0.0,0.0,25.12
2017-12-31,"Yangon, Myanmar",Yangon International Airport (VYYY),25.12,21.26,29.79,23.84,73.1,0.0,0,140.0,10.86,13.28,1015.96,477.0,3.7,9395.0,1,8.53,3.69,0.0,0.0,24.44
2018-01-01,"Yangon, Myanmar",Yangon International Airport (VYYY),24.44,20.17,28.79,19.6,86.7,0.0,0,195.0,8.11,13.33,1015.4,,3.7,10524.0,1,8.61,-0.55,0.0,0.0,25.08
2018-01-02,"Yangon, Myanmar",Yangon International Airport (VYYY),25.08,21.66,30.51,23.52,85.5,0.0,0,172.0,5.19,8.52,1010.97,538.0,1.6,8988.0,1,8.84,-4.44,0.0,0.0,23.94
2018-01-03,"Yangon, Myanmar",Yangon International Airport (VYYY),23.94,20.0,27.64,20.41,89.0,0.0,0,138.0,7.18,16.59,1013.02,393.0,2.6,9955.0,1,7.64,2.06,0.0,0.0,23.13
2018-01-04,"Yangon, Myanmar",Yangon International Airport (VYYY),23.13,19.66,27.34,20.14,72.3,0.0,0,148.0,9.94,11.43,1014.81,481.0,2.9,10363.0,1,7.68,1.79,0.0,0.0,24.68
2018-01-05,"Yangon, Myanmar",Yangon International Airport (VYYY),24.68,20.56,29.28,20.79,75.9,0.0,0,288.0,,13.77,1013.57,503.0,2.1,11318.0,1,8.72,-1.24,0.0,0.0,23.36
2018-01-06,"Yangon, Myanmar",Yangon International Airport (VYYY),23.36,19.45,28.35,17.88,72.3,0.0,0,219.0,7.42,17.23,1014.07,592.0,1.9,9113.0,1,8.9,0.5,0.0,0.0,23.99
2018-01-07,"Yangon, Myanmar",Yangon International Airport (VYYY),23.99,20.8,28.44,20.02,81.1,0.0,0,223.0,9.62,11.23,1011.12,549.0,2.3,8962.0,1,7.64,-2.96,0.0,0.0,26.19
2018-01-08,"Yangon, Myanmar",Yangon International Airport (VYYY),26.19,21.83,31.42,23.98,83.1,0.0,0,223.0,2.1,2.24,1006.99,541.0,3.2,11978.0,1,9.59,-4.13,0.0,0.0,24.19
2018-01-09,"Yangon, Myanmar",Yangon International Airport (VYYY),24.19,19.78,28.31,22.64,74.2,0.0,0,197.0,5.12,7.48,1009.73,519.0,1.5,9324.0,1,8.54,2.74,0.0,0.0,23.94
2018-01-10,"Yangon, Myanmar",Yangon International Airport (VYYY),23.94,19.11,28.29,22.33,77.7,23.09,0,271.0,6.3,12.4,1015.24,305.0,2.8,8397.0,8,9.18,5.51,23.09,23.09,24.4
2018-01-11,"Yangon, Myanmar",Yangon International Airport (VYYY),24.4,20.28,29.24,23.09,75.1,0.0,0,256.0,5.42,9.61,1010.26,462.0,2.9,10016.0,1,8.96,-4.98,23.09,23.09,24.4
2018-01-12,"Yangon, Myanmar",Yangon International Airport (VYYY),24.4,21.16,29.68,21.82,78.3,22.09,0,201.0,4.05,11.13,1014.55,280.0,3.9,6867.0,8,8.52,4.29,45.19,45.19,23.35
2018-01-13,"Yangon, Myanmar",Yangon International Airport (VYYY),23.35,20.0,28.5,22.31,76.2,0.0,0,234.0,6.44,8.78,1006.95,565.0,1.0,8806.0,1,8.5,-7.6,22.09,45.19,23.58
2018-01-14,"Yangon, Myanmar",Yangon International Airport (VYYY),23.58,20.08,28.82,20.19,76.0,0.0,0,225.0,2.78,4.47,1014.34,450.0,1.4,10119.0,1,8.74,7.4,22.09,45.19,25.81
2018-01-15,"Yangon, Myanmar",Yangon International Airport (VYYY),25.81,22.9,30.57,20.51,71.7,0.0,0,260.0,6.85,12.4,1011.21,517.0,1.7,9794.0,1,7.66,-3.14,0.0,45.19,23.08
2018-01-16,"Yangon, Myanmar",Yangon International Airport (VYYY),23.08,17.73,27.64,19.66,83.3,0.0,0,157.0,7.07,8.6,1012.18,490.0,1.6,11246.0,1,9.91,0.97,0.0,45.19,23.47
2018-01-17,"Yangon, Myanmar",Yangon International Airport (VYYY),23.47,20.75,29.82,20.32,88.9,0.0,0,245.0,8.18,12.01,1012.08,478.0,3.1,11471.0,1,9.07,-0.1,0.0,22.09,24.59
2018-01-18,"Yangon, Myanmar",Yangon International Airport (VYYY),24.59,21.6,28.87,21.26,85.7,0.0,0,185.0,1.59,3.32,1012.91,463.0,2.8,8505.0,1,7.27,0.83,0.0,22.09,25.73
2018-01-19,"Yangon, Myanmar",Yangon International Airport (VYYY),25.73,21.4,30.43,21.01,78.3,0.0,0,123.0,5.41,6.21,1013.76,492.0,0.1,,1,9.04,0.84,0.0,0.0,22.71
2018-01-20,"Yangon, Myanmar",Yangon International Airport (VYYY),22.71,19.08,27.12,21.04,71.9,0.0,0,187.0,5.97,7.49,1012.18,491.0,2.1,10696.0,1,8.05,-1.58,0.0,0.0,24.22
2018-01-21,"Yangon, Myanmar",Yangon International Airport (VYYY),24.22,20.43,28.39,22.14,79.1,0.0,0,233.0,5.06,7.85,1014.0,539.0,3.3,10404.0,1,7.96,1.82,0.0,0.0,23.84
2018-01-22,"Yangon, Myanmar",Yangon International Airport (VYYY),23.84,19.87,29.44,21.26,76.3,0.0,0,233.0,7.56,8.04,1013.92,517.0,2.6,9217.0,1,9.57,-0.08,0.0,0.0,24.48
2018-01-23,"Yangon, Myanmar",Yangon International Airport (VYYY),24.48,20.89,29.39,21.53,76.0,0.0,0,211.0,7.5,,1013.13,603.0,0.6,9016.0,1,8.5,-0.79,0.0,0.0,24.05
2018-01-24,"Yangon, Myanmar",Yangon International Airport (VYYY),24.05,20.63,28.78,20.38,83.3,0.0,0,104.0,6.98,12.18,1014.69,,4.2,10668.0,3,8.15,1.55,0.0,0.0,25.59
2018-01-25,"Yangon, Myanmar",Yangon International Airport (VYYY),25.59,22.34,30.49,21.22,80.6,0.0,0,141.0,10.48,12.82,1011.66,458.0,4.2,11051.0,3,8.15,-3.03,0.0,0.0,23.01
2018-01-26,"Yangon, Myanmar",Yangon International Airport (VYYY),23.01,19.04,29.56,18.86,73.4,15.64,0,163.0,6.87,7.57,1014.26,592.0,0.4,7656.0,8,10.52,2.61,15.64,15.64,25.39
2018-01-27,"Yangon, Myanmar",Yangon International Airport (VYYY),25.39,21.5,30.42,21.2,76.4,0.0,0,145.0,10.31,11.34,1011.65,352.0,3.0,11594.0,1,8.92,-2.62,15.64,15.64,24.81
2018-01-28,"Yangon, Myanmar",Yangon International Airport (VYYY),24.81,21.45,29.71,23.77,73.8,0.0,0,209.0,4.74,5.06,1016.63,511.0,1.4,9402.0,1,8.26,4.99,15.64,15.64,24.92
2018-01-29,"Yangon, Myanmar",Yangon International Airport (VYYY),24.92,20.75,29.29,21.54,83.3,0.0,0,175.0,6.11,7.64,1013.54,463.0,0.4,10190.0,1,8.55,-3.09,0.0,15.64,23.94
2018-01-30,"Yangon, Myanmar",Yangon International Airport (VYYY),23.94,20.16,30.2,21.26,84.0,0.0,0,244.0,7.82,17.23,1012.93,531.0,2.5,9708.0,1,10.04,-0.62,0.0,15.64,23.59
2018-01-31,"Yangon, Myanmar",Yangon International Airport (VYYY),23.59,20.1,28.1,19.5,82.1,0.0,0,212.0,7.45,10.16,1012.89,403.0,2.0,10826.0,1,7.99,-0.03,0.0,15.64,23.23
2018-02-01,"Yangon, Myanmar",Yangon International Airport (VYYY),23.23,19.09,28.44,21.26,79.9,0.0,0,170.0,5.72,5.8,1016.61,626.0,2.4,9830.0,1,9.35,3.71,0.0,15.64,22.4
2018-02-02,"Yangon, Myanmar",Yangon International Airport (VYYY),22.4,18.1,26.97,17.69,67.9,0.0,0,203.0,8.19,10.49,1011.04,477.0,3.0,10479.0,1,8.87,-5.57,0.0,0.0,25.93
2018-02-03,"Yangon, Myanmar",Yangon International Airport (VYYY),25.93,22.19,30.39,23.16,75.8,0.0,0,215.0,5.56,6.53,1011.99,415.0,2.5,7945.0,1,8.2,0.95,0.0,0.0,25.05
2018-02-04,"Yangon, Myanmar",Yangon International Airport (VYYY),25.05,21.81,30.63,21.4,75.7,0.0,0,211.0,11.85,13.74,1010.24,526.0,3.5,8475.0,1,8.82,-1.76,0.0,0.0,24.94
2018-02-05,"Yangon, Myanmar",Yangon International Airport (VYYY),24.94,20.29,30.37,23.04,70.1,0.0,0,156.0,7.21,7.89,1012.28,530.0,2.8,9011.0,1,10.09,2.04,0.0,0.0,25.18
2018-02-06,"Yangon, Myanmar",Yangon International Airport (VYYY),25.18,22.28,30.57,23.27,83.9,0.0,0,253.0,11.93,13.04,1011.68,283.0,1.9,9731.0,1,8.29,-0.6,0.0,0.0,26.29
2018-02-07,"Yangon, Myanmar",Yangon International Airport (VYYY),26.29,21.82,30.03,25.83,72.0,0.0,0,301.0,10.55,10.99,1013.88,627.0,2.6,11545.0,1,8.2,2.2,0.0,0.0,22.17
2018-02-08,"Yangon, Myanmar",Yangon International Airport (VYYY),22.17,18.0,27.27,19.21,86.4,0.0,0,246.0,7.05,7.97,1013.1,637.0,2.6,10431.0,1,9.28,-0.78,0.0,0.0,25.95
2018-02-09,"Yangon, Myanmar",Yangon International Airport (VYYY),25.95,22.18,30.07,24.38,74.1,0.0,0,95.0,4.61,6.35,1015.18,481.0,3.0,9762.0,1,7.89,2.07,0.0,0.0,24.02
2018-02-10,"Yangon, Myanmar",Yangon International Airport (VYYY),24.02,19.41,28.65,20.6,71.1,0.0,0,207.0,6.16,8.27,1014.37,594.0,3.0,11396.0,1,9.25,-0.81,0.0,0.0,23.55
2018-02-11,"Yangon, Myanmar",Yangon International Airport (VYYY),23.55,19.65,28.59,22.23,78.3,0.0,0,127.0,10.51,13.81,1014.33,649.0,1.8,10735.0,1,8.94,-0.04,0.0,0.0,23.04
2018-02-12,"Yangon, Myanmar",Yangon International Airport (VYYY),23.04,19.91,26.78,18.33,,0.0,0,178.0,8.25,9.2,1007.38,493.0,1.1,9855.0,1,6.87,-6.95,0.0,0.0,25.87
2018-02-13,"Yangon, Myanmar",Yangon International Airport (VYYY),25.87,22.69,30.38,21.88,77.8,0.0,0,223.0,8.72,11.09,1014.47,495.0,1.3,11158.0,1,7.69,7.09,0.0,0.0,24.72
2018-02-14,"Yangon, Myanmar",Yangon International Airport (VYYY),24.72,21.39,29.05,21.17,83.3,0.0,0,226.0,10.24,25.48,1011.4,504.0,1.4,8680.0,1,7.66,-3.07,0.0,0.0,23.32
2018-02-15,"Yangon, Myanmar",Yangon International Airport (VYYY),23.32,20.03,27.56,18.52,,0.0,0,169.0,5.97,7.95,1010.25,350.0,1.6,10557.0,1,7.52,-1.15,0.0,0.0,24.17
2018-02-16,"Yangon, Myanmar",Yangon International Airport (VYYY),24.17,19.24,30.01,19.65,71.7,0.0,0,242.0,10.26,16.52,1011.88,447.0,3.2,12972.0,1,10.77,1.63,0.0,0.0,23.43
2018-02-17,"Yangon, Myanmar",Yangon International Airport (VYYY),23.43,19.97,28.0,19.66,79.0,0.0,0,163.0,8.09,10.97,1011.37,456.0,0.8,9339.0,1,8.03,-0.51,0.0,0.0,23.79
2018-02-18,"Yangon, Myanmar",Yangon International Airport (VYYY),23.79,19.81,29.95,19.83,84.3,0.0,0,139.0,4.89,15.69,1010.32,550.0,3.5,9971.0,1,10.15,-1.05,0.0,0.0,25.18
2018-02-19,"Yangon, Myanmar",Yangon International Airport (VYYY),25.18,21.98,30.72,21.57,74.1,0.0,0,195.0,4.24,4.67,1013.04,372.0,1.5,10973.0,1,8.74,2.72,0.0,0.0,24.93
2018-02-20,"Yangon, Myanmar",Yangon International Airport (VYYY),24.93,21.78,29.77,22.48,81.7,0.0,0,213.0,5.99,7.88,1011.31,660.0,2.5,9069.0,1,7.98,-1.73,0.0,0.0,25.03
2018-02-21,"Yangon, Myanmar",Yangon International Airport (VYYY),25.03,21.8,29.24,21.36,78.4,0.0,0,205.0,5.35,8.72,1010.38,368.0,3.6,9078.0,1,7.44,-0.93,0.0,0.0,25.11
2018-02-22,"Yangon, Myanmar",Yangon International Airport (VYYY),25.11,22.15,30.4,22.93,80.9,0.0,0,210.0,6.63,9.16,1010.57,515.0,2.9,7636.0,1,8.25,0.19,0.0,0.0,23.4
2018-02-23,"Yangon, Myanmar",Yangon International Airport (VYYY),23.4,18.92,27.33,20.58,72.9,0.0,0,293.0,8.66,12.05,1011.08,490.0,0.0,9799.0,1,8.41,0.51,0.0,0.0,24.08
2018-02-24,"Yangon, Myanmar",Yangon International Airport (VYYY),24.08,19.67,28.94,20.39,79.0,0.0,0,238.0,10.11,13.76,1013.42,570.0,1.3,9816.0,1,9.27,2.34,0.0,0.0,25.4
2018-02-25,"Yangon, Myanmar",Yangon International Airport (VYYY),25.4,21.57,31.52,23.4,82.7,0.0,0,221.0,6.87,9.89,1013.96,502.0,3.8,9669.0,1,9.94,0.54,0.0,0.0,25.59
2018-02-26,"Yangon, Myanmar",Yangon International Airport (VYYY),25.59,22.31,30.42,23.38,76.9,0.0,0,186.0,10.2,16.78,1014.83,539.0,3.2,12843.0,1,8.1,0.87,0.0,0.0,23.93
2018-02-27,"Yangon, Myanmar",Yangon International Airport (VYYY),23.93,20.84,28.79,21.18,69.6,0.0,0,187.0,8.0,9.04,1009.38,538.0,1.7,9542.0,1,7.95,-5.45,0.0,0.0,23.4
2018-02-28,"Yangon, Myanmar",Yangon International Airport (VYYY),23.4,19.8,29.02,20.01,75.8,0.0,0,158.0,7.21,8.26,1010.86,532.0,0.4,8265.0,1,9.22,1.47,0.0,0.0,24.37
2018-03-01,"Yangon, Myanmar",Yangon International Airport (VYYY),24.37,20.47,29.42,20.87,73.1,0.0,0,233.0,6.0,13.5,1015.53,533.0,2.8,10227.0,1,8.95,4.67,0.0,0.0,24.84
2018-03-02,"Yangon, Myanmar",Yangon International Airport (VYYY),24.84,20.48,29.25,23.9,73.8,0.0,0,221.0,7.88,13.16,1014.81,555.0,0.0,8938.0,1,8.77,-0.72,0.0,0.0,24.79
2018-03-03,"Yangon, Myanmar",Yangon International Airport (VYYY),24.79,22.01,28.59,22.13,77.9,0.0,0,259.0,10.21,12.68,1013.57,529.0,3.0,9646.0,1,6.58,-1.24,0.0,0.0,24.02
2018-03-04,"Yangon, Myanmar",Yangon International Airport (VYYY),24.02,20.4,28.51,21.34,77.1,0.0,0,304.0,6.97,9.35,1009.34,494.0,2.7,10632.0,1,8.11,-4.23,0.0,0.0,25.04
2018-03-05,"Yangon, Myanmar",Yangon International Airport (VYYY),25.04,21.16,29.25,22.07,71.1,0.0,0,218.0,1.32,2.1,1014.26,216.0,4.0,10485.0,1,8.09,4.92,0.0,0.0,26.77
2018-03-06,"Yangon, Myanmar",Yangon International Airport (VYYY),26.77,23.34,32.25,21.75,68.9,0.0,0,203.0,10.88,13.34,1009.72,494.0,2.1,11326.0,1,8.91,-4.54,0.0,0.0,23.69
2018-03-07,"Yangon, Myanmar",Yangon International Airport (VYYY),23.69,19.75,27.87,20.45,77.6,0.0,0,263.0,6.23,8.78,1012.72,423.0,0.7,9950.0,1,8.12,3.0,0.0,0.0,26.25
2018-03-08,"Yangon, Myanmar",Yangon International Airport (VYYY),26.25,23.95,30.98,24.4,73.1,0.0,0,170.0,5.97,9.66,1011.91,502.0,3.9,9956.0,1,7.03,-0.81,0.0,0.0,25.19
2018-03-09,"Yangon, Myanmar",Yangon International Airport (VYYY),25.19,22.04,30.56,23.54,74.3,0.0,0,210.0,3.98,7.46,1010.56,522.0,3.0,10487.0,1,8.52,-1.35,0.0,0.0,25.15
2018-03-10,"Yangon, Myanmar",Yangon International Airport (VYYY),25.15,21.01,29.86,22.45,69.3,0.0,0,230.0,8.46,9.62,1011.73,505.0,0.9,9790.0,1,8.86,1.17,0.0,0.0,25.28
2018-03-11,"Yangon, Myanmar",Yangon International Airport (VYYY),25.28,21.3,29.84,21.96,74.1,48.97,0,251.0,10.36,11.84,1012.06,423.0,0.0,4228.0,25,8.54,0.33,48.97,48.97,23.85
2018-03-12,"Yangon, Myanmar",Yangon International Airport (VYYY),23.85,20.99,28.34,21.31,75.2,0.0,0,161.0,8.64,11.07,1013.77,434.0,1.8,10524.0,1,7.34,1.71,48.97,48.97,25.23
2018-03-13,"Yangon, Myanmar",Yangon International Airport (VYYY),25.23,20.75,30.67,22.51,76.2,0.0,0,185.0,9.51,11.65,1009.73,557.0,0.0,11049.0,1,9.92,-4.05,48.97,48.97,27.89
2018-03-14,"Yangon, Myanmar",Yangon International Airport (VYYY),27.89,23.88,31.94,24.23,65.6,0.0,0,198.0,7.58,8.6,1009.44,459.0,1.5,10518.0,1,8.05,-0.29,0.0,48.97,25.73
2018-03-15,"Yangon, Myanmar",Yangon International Airport (VYYY),25.73,22.68,31.93,22.23,82.0,0.0,0,202.0,5.87,9.44,1013.97,645.0,2.1,10261.0,1,9.25,4.54,0.0,48.97,25.96
2018-03-16,"Yangon, Myanmar",Yangon International Airport (VYYY),25.96,22.18,30.68,22.17,75.9,0.0,0,127.0,8.98,9.75,1011.67,482.0,2.6,10132.0,1,8.49,-2.3,0.0,48.97,25.36
2018-03-17,"Yangon, Myanmar",Yangon International Airport (VYYY),25.36,21.92,30.05,21.38,79.4,0.0,0,293.0,,6.44,1010.92,422.0,0.9,10038.0,1,8.14,-0.76,0.0,48.97,25.83
2018-03-18,"Yangon, Myanmar",Yangon International Airport (VYYY),25.83,21.5,30.17,23.11,68.9,0.0,0,260.0,7.4,13.27,1015.53,363.0,1.8,9932.0,1,8.67,4.62,0.0,0.0,25.68
2018-03-19,"Yangon, Myanmar",Yangon International Airport (VYYY),25.68,21.36,31.69,21.33,82.9,0.0,0,265.0,8.99,17.53,1011.98,320.0,2.2,8559.0,1,10.34,-3.55,0.0,0.0,26.15
2018-03-20,"Yangon, Myanmar",Yangon International Airport (VYYY),26.15,23.38,29.84,22.84,84.0,0.0,0,224.0,4.08,6.03,1015.68,503.0,3.7,8313.0,1,6.47,3.7,0.0,0.0,25.64
2018-03-21,"Yangon, Myanmar",Yangon International Airport (VYYY),25.64,21.81,30.09,22.75,85.7,0.0,0,171.0,6.61,8.03,1011.05,448.0,3.4,10054.0,1,8.28,-4.63,0.0,0.0,25.78
2018-03-22,"Yangon, Myanmar",Yangon International Airport (VYYY),25.78,22.02,31.04,25.65,76.0,0.0,0,240.0,4.73,10.15,1009.17,527.0,3.9,,1,9.02,-1.88,0.0,0.0,26.34
2018-03-23,"Yangon, Myanmar",Yangon International Airport (VYYY),26.34,21.8,31.65,23.11,80.8,0.0,0,181.0,6.94,8.78,1014.08,303.0,3.0,9382.0,1,9.85,4.9,0.0,0.0,27.21
2018-03-24,"Yangon, Myanmar",Yangon International Airport (VYYY),27.21,24.21,33.13,24.73,74.2,0.0,0,138.0,9.82,11.27,1009.38,484.0,4.1,9208.0,3,8.92,-4.69,0.0,0.0,25.26
2018-03-25,"Yangon, Myanmar",Yangon International Airport (VYYY),25.26,21.54,30.86,23.48,75.1,0.0,0,179.0,6.16,6.95,1015.71,541.0,2.5,8630.0,1,9.33,6.33,0.0,0.0,25.56
2018-03-26,"Yangon, Myanmar",Yangon International Airport (VYYY),25.56,22.38,30.07,25.36,85.2,0.0,0,191.0,6.75,9.51,1017.38,521.0,3.9,9206.0,1,7.69,1.67,0.0,0.0,25.99
2018-03-27,"Yangon, Myanmar",Yangon International Airport (VYYY),25.99,22.19,31.12,20.47,76.1,0.0,0,267.0,10.85,12.45,1009.3,353.0,3.4,9687.0,1,8.93,-8.08,0.0,0.0,25.23
2018-03-28,"Yangon, Myanmar",Yangon International Airport (VYYY),25.23,23.02,28.83,22.35,78.3,0.0,0,256.0,7.02,7.66,1006.85,345.0,2.8,8725.0,1,5.81,-2.46,0.0,0.0,26.07
2018-03-29,"Yangon, Myanmar",Yangon International Airport (VYYY),26.07,22.19,30.47,21.72,87.2,0.0,0,255.0,11.96,12.24,1012.93,430.0,2.6,9594.0,1,8.28,6.09,0.0,0.0,27.5
2018-03-30,"Yangon, Myanmar",Yangon International Airport (VYYY),27.5,23.17,32.83,24.48,75.1,15.18,0,255.0,,4.65,1010.67,124.0,4.1,6879.0,8,9.66,-2.26,15.18,15.18,27.21
2018-03-31,"Yangon, Myanmar",Yangon International Airport (VYYY),27.21,23.72,31.68,21.97,83.1,0.0,0,227.0,9.01,16.63,1014.75,362.0,2.2,10622.0,1,7.96,4.07,15.18,15.18,27.23
2018-04-01,"Yangon, Myanmar",Yangon International Airport (VYYY),27.23,23.51,32.02,24.64,72.0,0.0,0,186.0,9.33,10.57,1010.09,302.0,4.9,7950.0,3,8.51,-4.66,15.18,15.18,27.2
2018-04-02,"Yangon, Myanmar",Yangon International Airport (VYYY),27.2,22.6,31.51,22.62,72.2,13.77,0,207.0,7.94,8.03,1011.22,387.0,3.2,9006.0,8,8.91,1.13,13.77,28.95,24.92
2018-04-03,"Yangon, Myanmar",Yangon International Airport (VYYY),24.92,20.63,29.62,20.68,80.7,0.0,0,290.0,9.2,16.88,1010.36,258.0,4.2,9278.0,3,8.99,-0.87,13.77,28.95,28.12
2018-04-04,"Yangon, Myanmar",Yangon International Airport (VYYY),28.12,24.79,32.12,25.22,91.2,44.32,0,295.0,8.85,9.54,1009.56,456.0,4.9,3489.0,25,7.33,-0.79,58.09,73.27,26.08
2018-04-05,"Yangon, Myanmar",Yangon International Airport (VYYY),26.08,22.32,31.03,22.75,80.6,0.0,0,249.0,10.62,13.08,1009.94,435.0,5.3,8107.0,3,8.71,0.37,44.32,73.27,27.24
2018-04-06,"Yangon, Myanmar",Yangon International Airport (VYYY),27.24,23.16,31.74,23.67,75.9,0.0,0,191.0,10.27,14.0,1010.99,404.0,4.7,7531.0,3,8.58,1.05,44.32,58.09,25.03
2018-04-07,"Yangon, Myanmar",Yangon International Airport (VYYY),25.03,20.58,31.3,22.12,83.4,0.0,0,208.0,8.77,9.0,1010.91,493.0,5.1,8125.0,3,10.71,-0.08,0.0,58.09,26.47
2018-04-08,"Yangon, Myanmar",Yangon International Airport (VYYY),26.47,21.58,29.61,21.53,82.8,0.0,0,228.0,7.85,10.09,1010.35,427.0,2.0,7651.0,1,8.03,-0.56,0.0,58.09,27.03
2018-04-09,"Yangon, Myanmar",Yangon International Airport (VYYY),27.03,23.75,32.27,23.06,77.8,0.0,0,251.0,8.79,9.82,1008.91,353.0,5.1,8682.0,3,8.52,-1.44,0.0,44.32,27.55
2018-04-10,"Yangon, Myanmar",Yangon International Airport (VYYY),27.55,23.99,32.16,26.43,86.5,8.35,0,290.0,7.44,8.38,1008.82,426.0,3.2,7043.0,7,8.18,-0.09,8.35,52.67,27.36
2018-04-11,"Yangon, Myanmar",Yangon International Airport (VYYY),27.36,22.73,32.92,24.21,82.5,14.52,0,304.0,8.66,13.92,1009.75,298.0,,6939.0,8,10.19,0.93,22.87,22.87,27.32
2018-04-12,"Yangon, Myanmar",Yangon International Airport (VYYY),27.32,23.86,31.5,25.81,83.7,0.0,0,213.0,10.69,13.77,1006.96,466.0,4.3,7659.0,3,7.65,-2.78,22.87,22.87,25.04
2018-04-13,"Yangon, Myanmar",Yangon International Airport (VYYY),25.04,21.09,30.95,21.28,72.4,0.0,0,147.0,10.3,12.97,1009.52,271.0,5.7,8705.0,3,9.85,2.56,14.52,22.87,27.17
2018-04-14,"Yangon, Myanmar",Yangon International Airport (VYYY),27.17,23.26,32.23,23.39,81.6,0.0,0,195.0,7.15,7.2,1009.75,477.0,5.3,6958.0,3,8.97,0.23,0.0,22.87,27.97
2018-04-15,"Yangon, Myanmar",Yangon International Airport (VYYY),27.97,23.76,32.95,24.44,86.8,0.0,0,321.0,8.42,10.58,1011.34,218.0,5.7,6126.0,3,9.19,1.59,0.0,22.87,28.01
2018-04-16,"Yangon, Myanmar",Yangon International Airport (VYYY),28.01,24.41,32.56,24.52,80.9,7.02,0,160.0,11.03,11.58,1011.11,370.0,4.1,6754.0,7,8.15,-0.23,7.02,29.89,29.91
2018-04-17,"Yangon, Myanmar",Yangon International Airport (VYYY),29.91,25.66,34.63,27.01,80.8,0.0,0,330.0,7.59,8.68,1010.78,193.0,5.2,6085.0,3,8.97,-0.33,7.02,21.54,27.98
2018-04-18,"Yangon, Myanmar",Yangon International Airport (VYYY),27.98,23.94,33.44,23.52,86.5,7.82,0,195.0,4.91,5.83,1011.99,264.0,5.0,7067.0,7,9.5,1.22,14.84,14.84,27.01
2018-04-19,"Yangon, Myanmar",Yangon International Airport (VYYY),27.01,23.14,32.84,25.9,73.7,10.45,0,355.0,8.02,10.2,1012.73,234.0,5.3,6913.0,8,9.7,0.74,18.27,25.29,27.48
2018-04-20,"Yangon, Myanmar",Yangon International Airport (VYYY),27.48,22.75,32.14,23.27,77.8,13.99,0,311.0,9.09,11.94,1009.21,339.0,2.3,5872.0,8,9.38,-3.52,32.27,39.29,27.9
2018-04-21,"Yangon, Myanmar",Yangon International Airport (VYYY),27.9,24.0,32.37,25.88,82.2,0.0,0,235.0,10.32,10.76,1008.46,295.0,4.3,7466.0,3,8.37,-0.75,24.45,39.29,26.7
2018-04-22,"Yangon, Myanmar",Yangon International Airport (VYYY),26.7,23.71,31.51,22.75,82.0,12.83,0,183.0,8.42,9.34,1010.58,271.0,5.1,6758.0,8,7.79,2.12,26.82,52.11,28.07
2018-04-23,"Yangon, Myanmar",Yangon International Airport (VYYY),28.07,24.9,32.41,25.25,92.8,0.0,0,216.0,7.13,7.44,1013.07,265.0,5.4,6709.0,3,7.52,2.48,12.83,45.09,27.71
2018-04-24,"Yangon, Myanmar",Yangon International Airport (VYYY),27.71,23.57,32.63,26.43,84.1,4.45,0,230.0,9.61,12.74,1008.4,250.0,4.9,5674.0,7,9.06,-4.67,17.28,49.54,29.02
2018-04-25,"Yangon, Myanmar",Yangon International Airport (VYYY),29.02,26.0,34.05,25.37,77.9,0.0,0,204.0,7.0,9.68,1013.58,203.0,3.3,5834.0,1,8.06,5.19,4.45,41.72,29.28
2018-04-26,"Yangon, Myanmar",Yangon International Airport (VYYY),29.28,25.93,34.37,27.11,79.2,4.12,0,188.0,11.66,13.74,1009.03,224.0,5.6,6191.0,7,8.44,-4.55,8.57,35.39,29.03
2018-04-27,"Yangon, Myanmar",Yangon International Airport (VYYY),29.03,25.71,34.24,26.83,93.4,0.0,0,189.0,9.55,13.66,1009.77,259.0,5.2,5972.0,3,8.54,0.74,4.12,21.4,28.62
2018-04-28,"Yangon, Myanmar",Yangon International Airport (VYYY),28.62,25.09,32.69,24.94,75.0,13.11,0,199.0,8.54,12.15,1011.02,188.0,5.1,5596.0,8,7.6,1.25,17.23,34.51,29.6
2018-04-29,"Yangon, Myanmar",Yangon International Airport (VYYY),29.6,27.02,34.24,27.26,88.2,20.18,0,246.0,8.73,14.73,1009.55,133.0,5.7,5655.0,8,7.22,-1.48,33.28,41.86,27.97
2018-04-30,"Yangon, Myanmar",Yangon International Airport (VYYY),27.97,24.04,34.12,25.93,81.3,0.0,0,228.0,10.98,13.6,1010.74,215.0,7.6,7253.0,4,10.09,1.19,33.28,41.86,27.39
2018-05-01,"Yangon, Myanmar",Yangon International Airport (VYYY),27.39,23.66,32.11,22.61,85.6,0.0,0,227.0,8.74,9.28,1006.38,348.0,5.2,8081.0,3,8.45,-4.36,20.18,37.41,26.08
2018-05-02,"Yangon, Myanmar",Yangon International Airport (VYYY),26.08,22.79,31.07,22.91,87.1,11.66,0,250.0,8.04,13.2,1009.13,336.0,6.2,6981.0,8,8.28,2.75,11.66,49.07,28.27
2018-05-03,"Yangon, Myanmar",Yangon International Airport (VYYY),28.27,24.65,32.99,26.14,83.3,0.0,0,260.0,7.9,8.2,1011.99,177.0,5.8,8362.0,3,8.34,2.86,11.66,44.95,30.16
2018-05-04,"Yangon, Myanmar",Yangon International Airport (VYYY),30.16,25.46,35.46,28.59,80.7,0.0,0,168.0,,15.57,1010.56,387.0,6.1,6287.0,4,10.0,-1.44,11.66,44.95,30.39
2018-05-05,"Yangon, Myanmar",Yangon International Airport (VYYY),30.39,26.57,34.65,27.21,86.7,16.04,0,223.0,9.68,9.73,1012.1,231.0,5.1,3958.0,8,8.08,1.55,16.04,47.88,29.47
2018-05-06,"Yangon, Myanmar",Yangon International Airport (VYYY),29.47,25.42,33.39,26.9,87.3,0.0,0,190.0,5.5,9.78,1010.9,272.0,5.8,6360.0,3,7.97,-1.2,16.04,27.7,28.16
2018-05-07,"Yangon, Myanmar",Yangon International Airport (VYYY),28.16,25.09,33.07,25.42,77.7,0.0,0,214.0,8.47,10.26,1013.86,249.0,5.8,6977.0,3,7.99,2.96,16.04,27.7,29.38
2018-05-08,"Yangon, Myanmar",Yangon International Airport (VYYY),29.38,26.05,32.98,24.83,96.7,7.15,0,211.0,12.6,19.61,1003.93,303.0,7.0,5740.0,7,6.93,-9.93,7.15,34.85,28.34
2018-05-09,"Yangon, Myanmar",Yangon International Airport (VYYY),28.34,24.4,32.48,25.05,85.7,18.57,0,270.0,9.41,10.06,1010.54,301.0,7.1,3737.0,8,8.08,6.61,25.72,41.76,29.66
2018-05-10,"Yangon, Myanmar",Yangon International Airport (VYYY),29.66,26.11,34.64,24.71,86.8,0.0,0,238.0,10.64,12.94,1009.62,238.0,5.3,6978.0,3,8.54,-0.92,25.72,41.76,27.69
2018-05-11,"Yangon, Myanmar",Yangon International Airport (VYYY),27.69,24.68,32.71,24.83,76.8,0.0,0,238.0,10.92,13.59,1009.76,151.0,5.9,5959.0,3,8.04,0.15,18.57,41.76,28.26
2018-05-12,"Yangon, Myanmar",Yangon International Airport (VYYY),28.26,24.53,33.63,24.71,82.7,15.67,0,252.0,9.61,10.46,1007.81,269.0,6.2,6199.0,8,9.1,-1.96,15.67,41.39,30.27
2018-05-13,"Yangon, Myanmar",Yangon International Airport (VYYY),30.27,26.92,35.22,27.57,91.6,5.86,0,277.0,8.94,10.38,1007.81,231.0,6.9,7036.0,7,8.3,0.0,21.53,47.25,28.21
2018-05-14,"Yangon, Myanmar",Yangon International Airport (VYYY),28.21,24.45,32.95,24.09,77.2,9.91,0,272.0,3.94,5.88,1008.58,226.0,6.1,7289.0,7,8.51,0.77,31.44,57.16,28.27
2018-05-15,"Yangon, Myanmar",Yangon International Airport (VYYY),28.27,22.92,31.33,25.36,82.0,65.33,0,206.0,9.89,16.28,1008.45,214.0,4.9,1192.0,25,8.42,-0.13,81.1,115.34,28.29
2018-05-16,"Yangon, Myanmar",Yangon International Airport (VYYY),28.29,23.97,32.51,24.85,85.6,0.0,0,236.0,7.66,,1008.04,238.0,5.3,6414.0,3,8.54,-0.4,75.24,96.76,29.64
2018-05-17,"Yangon, Myanmar",Yangon International Airport (VYYY),29.64,25.78,34.11,26.79,89.1,0.0,0,339.0,12.52,16.14,1009.25,,5.1,6306.0,3,8.33,1.21,65.33,96.76,29.52
2018-05-18,"Yangon, Myanmar",Yangon International Airport (VYYY),29.52,26.6,41.58,28.37,85.9,0.0,0,150.0,8.89,14.35,1007.19,193.0,5.2,,3,7.97,-2.06,0.0,96.76,29.72
2018-05-19,"Yangon, Myanmar",Yangon International Airport (VYYY),29.72,26.48,34.03,25.52,88.7,0.0,0,282.0,10.13,11.41,1011.03,256.0,5.5,8619.0,3,7.55,3.84,0.0,81.1,28.92
2018-05-20,"Yangon, Myanmar",Yangon International Airport (VYYY),28.92,24.87,33.2,26.45,89.6,1.16,0,236.0,9.35,10.55,1005.91,277.0,5.1,6245.0,7,8.33,-5.12,1.16,76.39,30.21
2018-05-21,"Yangon, Myanmar",Yangon International Airport (VYYY),30.21,25.73,34.12,29.13,77.6,5.26,0,216.0,10.03,13.61,1009.25,336.0,4.9,5927.0,7,8.4,3.34,6.42,71.74,30.11
2018-05-22,"Yangon, Myanmar",Yangon International Airport (VYYY),30.11,26.54,34.0,28.26,79.4,0.0,0,247.0,8.43,9.27,1009.41,144.0,6.9,6576.0,4,7.45,0.16,6.42,6.42,27.88
2018-05-23,"Yangon, Myanmar",Yangon International Airport (VYYY),27.88,24.42,32.38,25.3,82.9,3.57,0,253.0,7.35,8.39,1007.58,,8.0,4501.0,7,7.96,-1.83,8.83,9.99,28.8
2018-05-24,"Yangon, Myanmar",Yangon International Airport (VYYY),28.8,24.7,32.71,28.07,86.3,0.0,0,282.0,8.32,13.31,1009.98,93.0,4.2,6022.0,3,8.02,2.4,3.57,9.99,30.27
2018-05-25,"Yangon, Myanmar",Yangon International Airport (VYYY),30.27,26.47,34.96,25.42,74.1,12.86,0,278.0,10.44,18.94,1011.39,329.0,6.2,3555.0,8,8.49,1.41,16.43,22.84,28.98
2018-05-26,"Yangon, Myanmar",Yangon International Airport (VYYY),28.98,25.45,34.48,24.51,86.6,0.0,0,186.0,5.98,6.17,1007.96,11.0,7.4,7799.0,4,9.03,-3.43,12.86,22.84,29.56
2018-05-27,"Yangon, Myanmar",Yangon International Airport (VYYY),29.56,26.31,34.22,26.83,85.2,0.0,0,222.0,11.9,20.01,1011.5,182.0,6.7,5734.0,4,7.91,3.54,12.86,21.69,29.99
2018-05-28,"Yangon, Myanmar",Yangon International Airport (VYYY),29.99,26.81,35.06,27.95,88.6,0.0,0,241.0,11.35,16.1,1008.42,183.0,5.7,6621.0,3,8.25,-3.08,0.0,16.43,28.79
2018-05-29,"Yangon, Myanmar",Yangon International Airport (VYYY),28.79,24.72,33.39,27.96,94.3,11.17,0,301.0,9.87,11.98,1004.71,322.0,5.6,4964.0,8,8.67,-3.71,11.17,27.6,28.12
2018-05-30,"Yangon, Myanmar",Yangon International Airport (VYYY),28.12,24.78,32.77,24.98,81.0,0.0,0,174.0,7.64,8.59,1007.63,210.0,7.0,6451.0,4,7.99,2.93,11.17,24.03,30.33
2018-05-31,"Yangon, Myanmar",Yangon International Airport (VYYY),30.33,26.43,35.6,27.31,86.6,12.88,0,283.0,9.28,15.15,1009.08,139.0,6.7,4672.0,8,9.18,1.45,24.05,36.9,29.26
2018-06-01,"Yangon, Myanmar",Yangon International Airport (VYYY),29.26,25.88,33.65,26.17,91.0,0.0,0,234.0,8.39,9.94,1005.75,191.0,6.9,5429.0,4,7.77,-3.33,12.88,24.05,29.06
2018-06-02,"Yangon, Myanmar",Yangon International Airport (VYYY),29.06,25.41,33.96,25.26,85.8,4.22,0,228.0,10.14,10.93,1009.51,390.0,8.0,4721.0,7,8.55,3.76,17.1,28.27,27.17
2018-06-03,"Yangon, Myanmar",Yangon International Airport (VYYY),27.17,22.38,31.56,23.35,82.3,9.76,0,212.0,9.78,10.65,1009.65,74.0,5.7,3985.0,7,9.18,0.14,13.98,38.03,28.86
2018-06-04,"Yangon, Myanmar",Yangon International Airport (VYYY),28.86,23.83,32.56,24.82,85.6,8.31,0,208.0,7.72,8.28,1009.78,197.0,5.6,4663.0,7,8.74,0.13,22.29,46.34,28.16
2018-06-05,"Yangon, Myanmar",Yangon International Airport (VYYY),28.16,23.79,33.73,24.58,85.5,0.0,0,260.0,6.05,7.07,1006.21,185.0,6.4,5800.0,4,9.94,-3.57,18.07,35.17,29.51
2018-06-06,"Yangon, Myanmar",Yangon International Airport (VYYY),29.51,25.53,34.53,28.08,87.6,13.5,0,230.0,11.2,12.9,1004.83,42.0,5.3,3437.0,8,9.0,-1.39,21.81,48.67,30.82
2018-06-07,"Yangon, Myanmar",Yangon International Airport (VYYY),30.82,26.44,34.99,26.47,85.0,0.0,0,318.0,10.37,13.38,1008.1,241.0,6.3,5378.0,4,8.55,3.27,13.5,35.79,29.54
2018-06-08,"Yangon, Myanmar",Yangon International Airport (VYYY),29.54,26.44,34.55,27.51,80.2,0.0,0,262.0,6.44,7.65,1010.54,307.0,6.5,5497.0,4,8.1,2.44,13.5,35.79,28.73
2018-06-09,"Yangon, Myanmar",Yangon International Airport (VYYY),28.73,24.89,32.28,24.6,84.3,0.0,0,299.0,9.03,12.6,1008.98,211.0,7.5,5374.0,4,7.39,-1.56,0.0,31.57,30.99
2018-06-10,"Yangon, Myanmar",Yangon International Airport (VYYY),30.99,26.81,34.44,27.57,86.4,9.38,0,265.0,6.41,8.1,1005.69,186.0,6.6,5223.0,7,7.64,-3.29,9.38,31.19,28.28
2018-06-11,"Yangon, Myanmar",Yangon International Airport (VYYY),28.28,24.34,33.7,23.73,81.5,0.0,0,271.0,6.0,7.07,1006.88,146.0,4.6,5849.0,3,9.35,1.19,9.38,22.88,29.33
2018-06-12,"Yangon, Myanmar",Yangon International Airport (VYYY),29.33,25.39,34.86,25.6,91.9,6.87,0,243.0,13.32,14.49,1006.01,266.0,7.3,5227.0,7,9.47,-0.87,16.25,29.75,28.95
2018-06-13,"Yangon, Myanmar",Yangon International Airport (VYYY),28.95,25.13,34.08,24.73,94.5,0.0,0,254.0,10.35,10.54,1004.71,326.0,6.6,6470.0,4,8.95,-1.3,6.87,16.25,29.12
2018-06-14,"Yangon, Myanmar",Yangon International Airport (VYYY),29.12,25.28,34.91,25.54,83.6,15.45,0,228.0,7.74,10.56,1009.8,46.0,8.0,3745.0,8,9.63,5.1,22.32,31.7,29.77
2018-06-15,"Yangon, Myanmar",Yangon International Airport (VYYY),29.77,26.08,34.27,27.25,90.8,0.0,0,220.0,6.18,,1010.31,294.0,8.0,6124.0,4,8.19,0.5,15.45,31.7,29.33
2018-06-16,"Yangon, Myanmar",Yangon International Airport (VYYY),29.33,24.82,33.42,25.15,87.6,27.38,0,287.0,8.75,11.19,1006.41,177.0,5.9,3591.0,8,8.6,-3.9,42.83,59.08,30.21
2018-06-17,"Yangon, Myanmar",Yangon International Airport (VYYY),30.21,26.07,41.75,26.97,92.8,8.29,0,281.0,11.81,13.64,1010.31,281.0,7.7,5194.0,7,8.68,3.9,35.66,57.98,31.13
2018-06-18,"Yangon, Myanmar",Yangon International Airport (VYYY),31.13,27.72,34.74,28.45,90.5,13.44,0,238.0,10.15,11.33,1007.82,137.0,6.8,5464.0,8,7.02,-2.49,49.1,71.42,31.06
2018-06-19,"Yangon, Myanmar",Yangon International Airport (VYYY),31.06,27.05,35.6,28.15,86.5,0.0,0,255.0,11.26,13.7,1009.36,285.0,6.7,6401.0,4,8.55,1.54,21.72,64.55,30.01
2018-06-20,"Yangon, Myanmar",Yangon International Airport (VYYY),30.01,25.7,34.66,27.48,91.5,16.04,0,310.0,,18.83,1008.46,292.0,6.1,5011.0,8,8.97,-0.9,29.48,80.59,30.7
2018-06-21,"Yangon, Myanmar",Yangon International Airport (VYYY),30.7,26.91,35.32,29.67,76.5,0.0,0,146.0,6.33,7.81,1010.6,120.0,,6557.0,4,8.41,2.13,16.04,65.14,32.06
2018-06-22,"Yangon, Myanmar",Yangon International Airport (VYYY),32.06,28.1,36.06,26.57,75.9,22.69,0,219.0,7.82,9.48,1008.48,185.0,6.4,2313.0,8,7.96,-2.12,38.73,87.83,28.85
2018-06-23,"Yangon, Myanmar",Yangon International Airport (VYYY),28.85,25.33,33.76,25.16,84.6,1.43,0,263.0,10.26,11.97,1007.58,154.0,7.0,4296.0,7,8.43,-0.9,24.12,61.88,30.04
2018-06-24,"Yangon, Myanmar",Yangon International Airport (VYYY),30.04,26.65,34.51,26.64,90.5,9.86,0,266.0,8.9,9.99,1007.33,275.0,7.9,5312.0,7,7.87,-0.25,33.99,63.46,30.57
2018-06-25,"Yangon, Myanmar",Yangon International Airport (VYYY),30.57,26.14,35.63,28.18,85.3,16.53,0,211.0,7.87,14.49,1005.37,233.0,5.9,4068.0,8,9.48,-1.96,27.82,66.55,30.46
2018-06-26,"Yangon, Myanmar",Yangon International Airport (VYYY),30.46,26.92,34.77,29.24,88.1,0.0,0,162.0,9.88,11.98,1009.14,70.0,6.4,6457.0,4,7.85,3.77,26.39,66.55,29.59
2018-06-27,"Yangon, Myanmar",Yangon International Airport (VYYY),29.59,26.14,34.51,25.67,76.3,,0,278.0,10.46,13.98,1008.36,157.0,7.5,5211.0,4,8.36,-0.78,16.53,50.51,29.4
2018-06-28,"Yangon, Myanmar",Yangon International Airport (VYYY),29.4,26.69,34.06,26.77,81.9,0.0,0,302.0,,11.91,1008.68,163.0,6.5,4913.0,4,7.37,0.32,0.0,50.51,29.74
2018-06-29,"Yangon, Myanmar",Yangon International Airport (VYYY),29.74,25.89,34.05,26.23,84.7,0.0,0,244.0,8.26,9.85,1005.27,277.0,5.2,6407.0,3,8.16,-3.41,0.0,27.82,29.43
2018-06-30,"Yangon, Myanmar",Yangon International Airport (VYYY),29.43,25.31,35.55,26.17,82.5,11.43,0,248.0,9.28,12.26,1006.65,197.0,5.8,4892.0,8,10.24,1.38,11.43,37.82,30.75
2018-07-01,"Yangon, Myanmar",Yangon International Airport (VYYY),30.75,25.89,35.04,27.59,80.6,12.22,0,248.0,8.87,16.11,1011.16,263.0,8.0,5453.0,8,9.15,4.5,23.65,40.18,30.66
2018-07-02,"Yangon, Myanmar",Yangon International Airport (VYYY),30.66,26.8,35.78,28.77,92.6,10.23,0,283.0,10.17,16.98,1009.02,352.0,7.7,5684.0,8,8.98,-2.14,33.88,33.88,30.25
2018-07-03,"Yangon, Myanmar",Yangon International Airport (VYYY),30.25,26.43,34.69,26.53,78.1,26.34,0,262.0,9.73,16.17,1010.01,231.0,5.9,4301.0,8,8.26,0.99,48.79,60.22,32.26
2018-07-04,"Yangon, Myanmar",Yangon International Airport (VYYY),32.26,27.64,36.8,28.69,76.9,0.0,0,276.0,9.36,11.78,1007.56,109.0,8.0,5780.0,4,9.16,-2.45,36.57,60.22,30.36
2018-07-05,"Yangon, Myanmar",Yangon International Airport (VYYY),30.36,26.79,34.62,27.76,85.9,0.0,0,248.0,8.69,9.1,1005.66,316.0,6.8,6581.0,4,7.83,-1.9,26.34,60.22,31.42
2018-07-06,"Yangon, Myanmar",Yangon International Airport (VYYY),31.42,26.74,36.27,26.59,83.9,0.0,0,173.0,10.04,14.59,1005.77,188.0,5.2,6886.0,3,9.54,0.11,0.0,60.22,30.08
2018-07-07,"Yangon, Myanmar",Yangon International Airport (VYYY),30.08,26.01,33.91,26.09,90.5,38.37,0,216.0,,12.52,1009.03,206.0,7.9,2575.0,25,7.89,3.27,38.37,87.16,30.69
2018-07-08,"Yangon, Myanmar",Yangon International Airport (VYYY),30.69,27.19,34.82,27.08,85.3,9.57,0,189.0,8.79,9.7,1005.03,345.0,6.1,4868.0,7,7.62,-4.0,47.94,84.51,30.18
2018-07-09,"Yangon, Myanmar",Yangon International Airport (VYYY),30.18,27.64,34.19,27.37,85.6,15.74,0,271.0,8.84,10.1,1007.0,239.0,5.0,3821.0,8,6.55,1.97,63.68,90.02,31.67
2018-07-10,"Yangon, Myanmar",Yangon International Airport (VYYY),31.67,27.69,36.96,28.91,81.2,25.01,0,234.0,10.15,10.18,1005.89,273.0,6.0,3614.0,8,9.27,-1.1,50.32,88.69,32.78
2018-07-11,"Yangon, Myanmar",Yangon International Airport (VYYY),32.78,29.36,36.81,29.38,81.5,9.95,0,165.0,7.4,10.03,1011.67,167.0,7.4,5736.0,7,7.45,5.78,50.69,98.64,27.22
2018-07-12,"Yangon, Myanmar",Yangon International Airport (VYYY),27.22,23.72,31.02,25.35,82.4,0.0,0,256.0,6.1,6.21,1006.13,225.0,7.8,5842.0,4,7.3,-5.54,34.96,98.64,30.27
2018-07-13,"Yangon, Myanmar",Yangon International Airport (VYYY),30.27,26.65,35.35,26.18,90.6,0.0,0,184.0,9.23,16.69,1011.06,162.0,5.6,6370.0,3,8.7,4.92,9.95,98.64,32.8
2018-07-14,"Yangon, Myanmar",Yangon International Airport (VYYY),32.8,28.82,37.6,,90.7,38.56,0,228.0,7.33,8.58,1005.84,228.0,7.3,3475.0,25,8.78,-5.22,38.56,98.82,29.52
2018-07-15,"Yangon, Myanmar",Yangon International Airport (VYYY),29.52,25.43,35.17,26.16,77.8,8.53,0,217.0,9.87,13.67,1007.75,191.0,6.5,4854.0,7,9.73,1.92,47.09,97.78,29.66
2018-07-16,"Yangon, Myanmar",Yangon International Airport (VYYY),29.66,25.6,34.4,27.41,86.6,24.39,0,243.0,5.55,5.77,1005.03,197.0,7.9,2622.0,8,8.79,-2.72,71.48,106.44,30.69
2018-07-17,"Yangon, Myanmar",Yangon International Airport (VYYY),30.69,27.14,35.59,27.39,72.6,18.21,0,224.0,10.81,14.12,1007.72,336.0,5.1,5523.0,8,8.44,2.68,51.13,99.64,30.0
2018-07-18,"Yangon, Myanmar",Yangon International Airport (VYYY),30.0,26.76,34.42,27.37,81.5,22.24,0,194.0,11.92,15.34,1004.3,291.0,7.9,4610.0,8,7.66,-3.42,64.84,111.93,30.67
2018-07-19,"Yangon, Myanmar",Yangon International Airport (VYYY),30.67,27.41,34.53,26.86,85.7,17.38,0,158.0,10.75,12.36,1005.63,304.0,7.3,4688.0,8,7.12,1.34,57.83,129.31,31.4
2018-07-20,"Yangon, Myanmar",Yangon International Airport (VYYY),31.4,28.92,35.54,27.4,78.3,0.0,0,171.0,7.35,9.06,1006.87,155.0,6.6,5253.0,4,6.62,1.23,39.62,129.31,31.73
2018-07-21,"Yangon, Myanmar",Yangon International Airport (VYYY),31.73,28.24,35.79,28.52,87.2,30.03,0,230.0,6.74,8.84,1006.85,332.0,5.9,2681.0,25,7.54,-0.02,47.42,120.79,29.9
2018-07-22,"Yangon, Myanmar",Yangon International Airport (VYYY),29.9,26.23,34.82,27.55,90.6,20.25,0,266.0,6.28,12.09,1005.29,257.0,6.0,4465.0,8,8.59,-1.55,50.29,132.51,30.48
2018-07-23,"Yangon, Myanmar",Yangon International Airport (VYYY),30.48,27.08,34.69,25.6,86.1,16.57,0,191.0,9.31,18.3,1010.39,269.0,6.8,4894.0,8,7.61,5.1,66.86,124.69,28.69
2018-07-24,"Yangon, Myanmar",Yangon International Airport (VYYY),28.69,25.67,32.09,25.58,88.6,0.0,0,177.0,8.79,9.56,1009.23,293.0,6.9,5941.0,4,6.41,-1.16,36.83,106.48,30.45
2018-07-25,"Yangon, Myanmar",Yangon International Airport (VYYY),30.45,26.38,35.53,27.65,82.1,5.13,0,243.0,7.63,7.9,1009.91,430.0,3.4,5973.0,7,9.15,0.68,21.71,89.38,29.72
2018-07-26,"Yangon, Myanmar",Yangon International Airport (VYYY),29.72,25.78,34.26,26.6,77.1,0.0,0,211.0,11.6,,1003.17,341.0,5.8,6694.0,3,8.48,-6.74,5.13,71.99,30.96
2018-07-27,"Yangon, Myanmar",Yangon International Airport (VYYY),30.96,28.41,35.79,28.49,84.7,25.92,0,171.0,6.11,7.13,1005.67,324.0,3.5,5311.0,8,7.38,2.5,31.06,97.92,30.56
2018-07-28,"Yangon, Myanmar",Yangon International Airport (VYYY),30.56,27.42,36.23,29.08,85.4,0.0,0,217.0,11.27,15.33,1005.3,294.0,4.8,5596.0,3,8.81,-0.37,25.92,67.88,30.74
2018-07-29,"Yangon, Myanmar",Yangon International Airport (VYYY),30.74,27.04,34.38,27.22,83.4,6.24,0,322.0,9.34,13.18,1008.06,234.0,6.1,,7,7.35,2.76,32.16,53.87,29.37
2018-07-30,"Yangon, Myanmar",Yangon International Airport (VYYY),29.37,24.56,33.61,26.04,83.4,4.8,0,236.0,8.68,16.65,1010.53,311.0,3.8,5234.0,7,9.05,2.47,11.04,42.09,29.02
2018-07-31,"Yangon, Myanmar",Yangon International Airport (VYYY),29.02,26.06,33.76,24.76,81.3,18.0,0,199.0,7.74,14.12,1008.47,409.0,4.8,3833.0,8,7.7,-2.07,29.04,60.1,30.91
2018-08-01,"Yangon, Myanmar",Yangon International Airport (VYYY),30.91,26.34,35.27,26.23,82.3,11.0,0,274.0,10.89,13.05,1007.56,201.0,6.0,5955.0,8,8.92,-0.91,33.81,65.97,30.21
2018-08-02,"Yangon, Myanmar",Yangon International Airport (VYYY),30.21,26.18,33.75,27.76,74.5,0.0,0,249.0,7.37,11.34,1004.54,292.0,6.4,5435.0,4,7.57,-3.02,29.01,65.97,29.14
2018-08-03,"Yangon, Myanmar",Yangon International Airport (VYYY),29.14,24.9,33.31,26.83,89.7,0.0,0,171.0,10.12,15.01,1008.54,156.0,4.4,6042.0,3,8.41,4.0,11.0,40.04,29.92
2018-08-04,"Yangon, Myanmar",Yangon International Airport (VYYY),29.92,25.56,34.73,25.68,84.3,0.0,0,321.0,8.32,10.3,1006.03,319.0,5.9,7869.0,3,9.17,-2.5,0.0,40.04,29.49
2018-08-05,"Yangon, Myanmar",Yangon International Airport (VYYY),29.49,25.74,34.7,27.16,,28.05,0,267.0,8.11,12.13,1005.92,237.0,3.1,3783.0,8,8.96,-0.11,28.05,61.86,28.46
2018-08-06,"Yangon, Myanmar",Yangon International Airport (VYYY),28.46,24.61,33.13,24.62,85.3,0.0,0,280.0,8.03,8.9,1005.21,382.0,5.5,7662.0,3,8.52,-0.71,28.05,57.06,29.19
2018-08-07,"Yangon, Myanmar",Yangon International Airport (VYYY),29.19,24.89,33.35,26.43,83.3,0.0,0,249.0,7.78,10.65,1006.95,350.0,5.2,7069.0,3,8.46,1.75,28.05,39.05,30.26
2018-08-08,"Yangon, Myanmar",Yangon International Airport (VYYY),30.26,26.46,34.43,28.83,78.0,0.0,0,260.0,7.82,9.09,1008.86,355.0,6.9,7841.0,4,7.96,1.91,0.0,28.05,30.53
2018-08-09,"Yangon, Myanmar",Yangon International Airport (VYYY),30.53,26.73,34.41,27.89,69.2,0.0,0,239.0,8.38,12.75,1006.33,314.0,4.6,6821.0,3,7.68,-2.53,0.0,28.05,31.28
2018-08-10,"Yangon, Myanmar",Yangon International Airport (VYYY),31.28,27.66,36.51,26.61,79.0,10.66,0,234.0,8.9,10.58,1005.53,344.0,3.8,5633.0,8,8.85,-0.8,10.66,38.71,31.26
2018-08-11,"Yangon, Myanmar",Yangon International Airport (VYYY),31.26,26.34,36.63,,83.9,0.0,0,222.0,6.02,6.61,1006.17,273.0,6.0,5755.0,4,10.28,0.64,10.66,38.71,30.54
2018-08-12,"Yangon, Myanmar",Yangon International Airport (VYYY),30.54,26.52,35.8,27.05,75.0,0.0,0,205.0,9.69,18.68,1007.31,202.0,4.8,7322.0,3,9.28,1.14,10.66,10.66,30.97
2018-08-13,"Yangon, Myanmar",Yangon International Airport (VYYY),30.97,27.29,35.43,28.59,76.2,0.0,0,164.0,11.74,15.82,1007.18,175.0,5.2,8239.0,3,8.14,-0.12,0.0,10.66,30.7
2018-08-14,"Yangon, Myanmar",Yangon International Airport (VYYY),30.7,26.11,35.17,27.8,79.0,0.0,0,141.0,7.2,11.62,1005.19,355.0,3.1,6492.0,1,9.05,-2.0,0.0,10.66,29.44
2018-08-15,"Yangon, Myanmar",Yangon International Airport (VYYY),29.44,26.22,33.63,26.38,77.1,0.0,0,237.0,9.62,11.03,1008.66,255.0,3.5,8156.0,1,7.4,3.47,0.0,10.66,29.74
2018-08-16,"Yangon, Myanmar",Yangon International Airport (VYYY),29.74,25.38,34.45,29.65,82.3,0.0,0,215.0,9.23,10.23,1004.04,428.0,4.7,9122.0,3,9.07,-4.61,0.0,10.66,28.72
2018-08-17,"Yangon, Myanmar",Yangon International Airport (VYYY),28.72,25.04,33.4,27.85,79.5,0.0,0,130.0,6.89,9.39,1004.37,292.0,5.9,8889.0,3,8.37,0.32,0.0,0.0,29.52
2018-08-18,"Yangon, Myanmar",Yangon International Airport (VYYY),29.52,25.87,34.55,25.12,82.8,0.0,0,218.0,7.07,7.36,1008.73,386.0,6.5,8409.0,4,8.68,4.37,0.0,0.0,28.81
2018-08-19,"Yangon, Myanmar",Yangon International Airport (VYYY),28.81,24.89,33.01,24.2,,0.0,0,273.0,8.03,13.2,1008.49,329.0,5.0,9128.0,3,8.13,-0.24,0.0,0.0,28.83
2018-08-20,"Yangon, Myanmar",Yangon International Airport (VYYY),28.83,24.79,32.45,25.17,81.1,0.0,0,86.0,11.74,13.09,1006.34,344.0,2.6,7819.0,1,7.66,-2.15,0.0,0.0,29.99
2018-08-21,"Yangon, Myanmar",Yangon International Airport (VYYY),29.99,25.47,34.75,,70.9,3.75,0,243.0,9.0,10.37,1006.66,318.0,5.6,9128.0,7,9.28,0.32,3.75,3.75,28.92
2018-08-22,"Yangon, Myanmar",Yangon International Airport (VYYY),28.92,25.54,34.03,25.4,76.3,1.63,0,173.0,8.27,12.33,1008.22,373.0,2.8,10048.0,7,8.48,1.56,5.38,5.38,29.36
2018-08-23,"Yangon, Myanmar",Yangon International Airport (VYYY),29.36,25.81,35.09,25.36,78.0,14.56,0,181.0,7.76,9.44,1006.18,231.0,4.4,8476.0,8,9.28,-2.04,19.94,19.94,28.88
2018-08-24,"Yangon, Myanmar",Yangon International Airport (VYYY),28.88,25.58,42.02,25.87,71.3,10.46,0,235.0,9.17,9.63,1008.65,367.0,4.4,8051.0,8,7.44,2.48,26.65,30.4,29.79
2018-08-25,"Yangon, Myanmar",Yangon International Airport (VYYY),29.79,26.31,34.44,24.52,81.6,0.0,0,194.0,9.77,12.4,1009.43,273.0,4.3,7638.0,3,8.13,0.78,25.02,30.4,29.25
2018-08-26,"Yangon, Myanmar",Yangon International Airport (VYYY),29.25,25.48,33.6,25.31,85.3,0.0,0,289.0,10.3,10.6,1010.39,247.0,3.1,8267.0,1,8.12,0.96,10.46,30.4,30.33
2018-08-27,"Yangon, Myanmar",Yangon International Airport (VYYY),30.33,26.29,34.68,27.84,70.2,0.0,0,214.0,10.24,13.31,1011.34,195.0,3.5,8490.0,1,8.39,0.94,0.0,30.4,28.78
2018-08-28,"Yangon, Myanmar",Yangon International Airport (VYYY),28.78,24.16,34.16,25.33,81.5,0.0,0,306.0,6.77,9.18,1010.84,558.0,3.9,8775.0,1,10.0,-0.5,0.0,26.65,30.25
2018-08-29,"Yangon, Myanmar",Yangon International Airport (VYYY),30.25,26.75,35.03,26.75,80.5,0.0,0,176.0,6.3,7.18,1007.99,492.0,3.6,7609.0,1,8.28,-2.85,0.0,25.02,27.88
2018-08-30,"Yangon, Myanmar",Yangon International Airport (VYYY),27.88,22.92,33.4,25.35,67.4,0.0,0,268.0,6.81,7.78,1007.07,385.0,3.7,9189.0,1,10.47,-0.91,0.0,10.46,29.88
2018-08-31,"Yangon, Myanmar",Yangon International Airport (VYYY),29.88,25.9,35.18,26.48,62.0,0.0,0,235.0,10.68,14.07,1008.94,288.0,3.0,8342.0,1,9.29,1.86,0.0,0.0,28.18
2018-09-01,"Yangon, Myanmar",Yangon International Airport (VYYY),28.18,23.68,32.78,24.59,61.1,0.0,0,171.0,5.23,,1008.07,382.0,4.3,9173.0,3,9.1,-0.86,0.0,0.0,30.07
2018-09-02,"Yangon, Myanmar",Yangon International Airport (VYYY),30.07,25.5,36.02,28.24,79.2,0.0,0,306.0,9.12,9.4,1006.43,415.0,3.7,9144.0,1,10.52,-1.64,0.0,0.0,29.97
2018-09-03,"Yangon, Myanmar",Yangon International Airport (VYYY),29.97,26.34,34.4,27.7,77.6,0.0,0,331.0,9.3,13.84,1007.61,397.0,2.8,8161.0,1,8.06,1.18,0.0,0.0,29.66
2018-09-04,"Yangon, Myanmar",Yangon International Airport (VYYY),29.66,25.43,34.51,27.39,64.9,21.11,0,201.0,6.02,8.92,1010.15,464.0,4.0,7045.0,8,9.08,2.54,21.11,21.11,29.29
2018-09-05,"Yangon, Myanmar",Yangon International Airport (VYYY),29.29,26.23,33.2,25.94,79.6,0.0,0,240.0,8.84,15.65,1008.21,445.0,2.6,10141.0,1,6.97,-1.94,21.11,21.11,29.74
2018-09-06,"Yangon, Myanmar",Yangon International Airport (VYYY),29.74,25.83,33.41,28.19,76.1,0.0,0,192.0,9.56,13.34,1009.68,351.0,1.3,10104.0,1,7.57,1.47,21.11,21.11,29.05
2018-09-07,"Yangon, Myanmar",Yangon International Airport (VYYY),29.05,24.81,34.72,24.53,79.7,0.0,0,223.0,6.87,8.98,1003.31,413.0,0.8,11537.0,1,9.91,-6.37,0.0,21.11,30.17
2018-09-08,"Yangon, Myanmar",Yangon International Airport (VYYY),30.17,26.71,35.06,27.9,75.2,0.0,0,245.0,6.74,7.48,1008.37,324.0,1.0,9891.0,1,8.35,5.07,0.0,21.11,28.95
2018-09-09,"Yangon, Myanmar",Yangon International Airport (VYYY),28.95,23.82,33.78,26.8,71.5,0.0,0,139.0,6.16,7.47,1008.46,464.0,1.2,11418.0,1,9.96,0.09,0.0,21.11,29.47
2018-09-10,"Yangon, Myanmar",Yangon International Airport (VYYY),29.47,25.92,33.84,26.57,72.2,0.0,0,177.0,10.46,11.74,1011.33,,2.3,9283.0,1,7.93,2.87,0.0,21.11,28.75
2018-09-11,"Yangon, Myanmar",Yangon International Airport (VYYY),28.75,24.72,33.5,24.47,74.1,0.0,0,266.0,8.78,12.78,1010.45,383.0,1.0,9832.0,1,8.78,-0.89,0.0,0.0,29.01
2018-09-12,"Yangon, Myanmar",Yangon International Airport (VYYY),29.01,23.95,33.47,26.68,76.6,0.0,0,223.0,9.13,,1007.06,577.0,2.4,10385.0,1,9.53,-3.39,0.0,0.0,27.71
2018-09-13,"Yangon, Myanmar",Yangon International Airport (VYYY),27.71,24.13,32.1,26.37,76.2,0.0,0,237.0,6.69,7.03,1014.28,382.0,2.3,8453.0,1,7.98,7.22,0.0,0.0,29.88
2018-09-14,"Yangon, Myanmar",Yangon International Airport (VYYY),29.88,26.84,27.97,27.01,62.1,0.0,0,156.0,6.33,37.65,1008.86,442.0,0.7,10752.0,1,7.13,-5.42,0.0,0.0,29.14
2018-09-15,"Yangon, Myanmar",Yangon International Airport (VYYY),29.14,26.0,34.54,26.34,65.5,0.0,0,289.0,8.39,18.69,1011.22,384.0,4.0,9040.0,1,8.54,2.36,0.0,0.0,28.39
2018-09-16,"Yangon, Myanmar",Yangon International Airport (VYYY),28.39,25.34,32.54,27.22,60.6,0.0,0,156.0,7.26,9.79,1010.27,553.0,2.6,10158.0,1,7.2,-0.95,0.0,0.0,28.84
2018-09-17,"Yangon, Myanmar",Yangon International Airport (VYYY),28.84,24.14,34.25,24.43,74.3,0.0,0,336.0,6.28,10.2,1007.43,467.0,1.3,9427.0,1,10.11,-2.84,0.0,0.0,29.47
2018-09-18,"Yangon, Myanmar",Yangon International Airport (VYYY),29.47,26.12,34.87,26.23,73.5,0.0,0,238.0,6.74,7.99,1007.55,444.0,2.4,10663.0,1,8.75,0.11,0.0,0.0,29.06
2018-09-19,"Yangon, Myanmar",Yangon International Airport (VYYY),29.06,24.66,33.51,25.07,71.2,0.0,0,238.0,7.49,12.32,1011.54,566.0,2.2,11181.0,1,8.84,3.99,0.0,0.0,27.86
2018-09-20,"Yangon, Myanmar",Yangon International Airport (VYYY),27.86,23.64,32.72,25.78,76.8,0.0,0,255.0,9.03,14.23,1010.95,427.0,2.3,9826.0,1,9.08,-0.59,0.0,0.0,28.84
2018-09-21,"Yangon, Myanmar",Yangon International Airport (VYYY),28.84,26.43,33.98,25.58,79.3,0.0,0,191.0,10.1,13.03,1011.16,391.0,3.5,9021.0,1,7.55,0.21,0.0,0.0,27.52
2018-09-22,"Yangon, Myanmar",Yangon International Airport (VYYY),27.52,23.24,32.05,24.93,74.9,0.0,0,213.0,8.26,9.29,1011.04,454.0,2.2,9709.0,1,8.81,-0.12,0.0,0.0,27.54
2018-09-23,"Yangon, Myanmar",Yangon International Airport (VYYY),27.54,23.3,33.13,24.32,72.1,0.0,0,165.0,5.3,8.88,1014.19,546.0,2.7,10615.0,1,9.83,3.15,0.0,0.0,28.32
2018-09-24,"Yangon, Myanmar",Yangon International Airport (VYYY),28.32,25.3,32.72,24.14,80.4,0.0,0,256.0,12.09,17.8,1006.35,434.0,2.6,10044.0,1,7.42,-7.84,0.0,0.0,27.64
2018-09-25,"Yangon, Myanmar",Yangon International Airport (VYYY),27.64,23.08,31.94,24.59,71.9,0.0,0,219.0,5.8,6.17,1007.77,474.0,2.7,11057.0,1,8.87,1.42,0.0,0.0,27.87
2018-09-26,"Yangon, Myanmar",Yangon International Airport (VYYY),27.87,23.84,33.33,25.81,71.4,0.0,0,208.0,8.66,,1011.33,405.0,2.2,10193.0,1,9.48,3.56,0.0,0.0,27.07
2018-09-27,"Yangon, Myanmar",Yangon International Airport (VYYY),27.07,22.48,30.52,23.03,73.9,0.0,0,179.0,6.64,6.87,1007.61,575.0,1.5,9684.0,1,8.04,-3.72,0.0,0.0,26.62
2018-09-28,"Yangon, Myanmar",Yangon International Airport (VYYY),26.62,22.75,31.71,23.07,72.8,0.0,0,189.0,5.44,7.06,1013.23,449.0,1.5,10393.0,1,8.97,5.62,0.0,0.0,27.73
2018-09-29,"Yangon, Myanmar",Yangon International Airport (VYYY),27.73,24.0,32.06,24.55,74.6,0.0,0,178.0,11.44,12.62,1007.0,477.0,1.5,10611.0,1,8.06,-6.23,0.0,0.0,28.25
2018-09-30,"Yangon, Myanmar",Yangon International Airport (VYYY),28.25,25.12,33.09,25.23,71.1,0.0,0,325.0,13.46,14.69,1011.11,427.0,3.0,10310.0,1,7.97,4.11,0.0,0.0,28.66
2018-10-01,"Yangon, Myanmar",Yangon International Airport (VYYY),28.66,24.06,34.48,24.69,78.4,0.0,0,317.0,5.54,13.73,1007.12,467.0,1.5,8692.0,1,10.42,-4.0,0.0,0.0,25.65
2018-10-02,"Yangon, Myanmar",Yangon International Airport (VYYY),25.65,23.1,30.78,23.42,66.2,8.09,0,198.0,5.58,11.89,1011.4,399.0,2.6,9496.0,7,7.68,4.29,8.09,8.09,27.75
2018-10-03,"Yangon, Myanmar",Yangon International Airport (VYYY),27.75,22.9,32.72,25.05,73.4,0.0,0,211.0,9.92,10.28,1006.55,505.0,3.3,10038.0,1,9.82,-4.85,8.09,8.09,26.21
2018-10-04,"Yangon, Myanmar",Yangon International Airport (VYYY),26.21,21.77,30.53,22.52,78.2,16.78,0,254.0,5.53,10.16,1007.81,465.0,2.2,6641.0,8,8.76,1.26,24.87,24.87,27.56
2018-10-05,"Yangon, Myanmar",Yangon International Airport (VYYY),27.56,23.74,32.57,22.92,74.7,0.0,0,204.0,8.16,8.86,1008.49,502.0,2.1,9599.0,1,8.83,0.68,16.78,24.87,27.31
2018-10-06,"Yangon, Myanmar",Yangon International Airport (VYYY),27.31,23.81,31.73,24.8,69.1,0.0,0,184.0,9.7,13.79,1004.67,508.0,0.0,9158.0,1,7.91,-3.82,16.78,24.87,27.63
2018-10-07,"Yangon, Myanmar",Yangon International Airport (VYYY),27.63,24.14,31.73,24.61,70.8,0.0,0,264.0,3.82,4.89,1010.05,470.0,1.6,9857.0,1,7.59,5.38,0.0,24.87,26.54
2018-10-08,"Yangon, Myanmar",Yangon International Airport (VYYY),26.54,22.16,30.75,22.75,70.1,0.0,0,188.0,9.7,11.27,1011.71,450.0,4.3,10264.0,3,8.59,1.66,0.0,24.87,26.7
2018-10-09,"Yangon, Myanmar",Yangon International Airport (VYYY),26.7,22.94,31.9,23.99,79.9,0.0,0,253.0,5.93,7.77,1013.69,490.0,3.8,10478.0,1,8.95,1.98,0.0,16.78,28.19
2018-10-10,"Yangon, Myanmar",Yangon International Airport (VYYY),28.19,24.6,32.9,24.85,73.3,34.48,0,152.0,6.95,11.55,1009.54,444.0,2.1,6596.0,25,8.3,-4.15,34.48,51.26,27.0
2018-10-11,"Yangon, Myanmar",Yangon International Airport (VYYY),27.0,23.16,31.24,23.2,81.4,0.0,0,171.0,6.47,13.54,1008.02,435.0,1.9,9178.0,1,8.08,-1.51,34.48,34.48,27.84
2018-10-12,"Yangon, Myanmar",Yangon International Airport (VYYY),27.84,24.5,32.46,24.46,70.2,0.0,0,247.0,6.0,8.66,1008.44,602.0,3.8,10528.0,1,7.96,0.42,34.48,34.48,25.42
2018-10-13,"Yangon, Myanmar",Yangon International Airport (VYYY),25.42,21.14,30.4,22.06,73.9,0.0,0,176.0,8.81,10.19,1008.5,628.0,1.5,10974.0,1,9.27,0.06,0.0,34.48,28.43
2018-10-14,"Yangon, Myanmar",Yangon International Airport (VYYY),28.43,23.47,33.81,25.58,69.0,0.0,0,192.0,9.47,10.38,1004.67,508.0,2.6,9774.0,1,10.34,-3.83,0.0,34.48,26.01
2018-10-15,"Yangon, Myanmar",Yangon International Airport (VYYY),26.01,22.52,30.51,22.88,78.5,0.0,0,212.0,7.41,8.98,1015.99,357.0,0.8,9061.0,1,7.99,11.33,0.0,34.48,27.77
2018-10-16,"Yangon, Myanmar",Yangon International Airport (VYYY),27.77,24.06,31.74,24.08,79.9,0.0,0,209.0,5.47,6.74,1008.12,473.0,2.5,12218.0,1,7.67,-7.87,0.0,34.48,25.66
2018-10-17,"Yangon, Myanmar",Yangon International Airport (VYYY),25.66,21.64,29.6,23.19,71.4,0.0,0,277.0,5.25,5.72,1014.76,545.0,0.7,10351.0,1,7.96,6.64,0.0,0.0,27.49
2018-10-18,"Yangon, Myanmar",Yangon International Airport (VYYY),27.49,23.82,33.0,24.76,71.6,0.0,0,132.0,6.07,8.94,1010.41,464.0,0.6,11557.0,1,9.18,-4.35,0.0,0.0,25.7
2018-10-19,"Yangon, Myanmar",Yangon International Airport (VYYY),25.7,20.61,31.5,21.85,69.1,0.0,0,269.0,5.23,6.64,1010.82,537.0,1.5,7301.0,1,10.89,0.41,0.0,0.0,26.32
2018-10-20,"Yangon, Myanmar",Yangon International Airport (VYYY),26.32,22.05,30.41,21.9,76.1,0.0,0,200.0,7.45,12.56,1009.71,389.0,1.2,8489.0,1,8.36,-1.1,0.0,0.0,28.32
2018-10-21,"Yangon, Myanmar",Yangon International Airport (VYYY),28.32,25.17,34.59,25.0,72.3,0.0,0,209.0,6.33,7.12,1010.57,483.0,4.8,9861.0,3,9.43,0.86,0.0,0.0,27.34
2018-10-22,"Yangon, Myanmar",Yangon International Airport (VYYY),27.34,23.68,31.71,23.49,76.2,0.0,0,191.0,5.75,18.63,1008.08,469.0,2.4,9780.0,1,8.03,-2.49,0.0,0.0,27.21
2018-10-23,"Yangon, Myanmar",Yangon International Airport (VYYY),27.21,24.21,33.02,25.89,71.4,0.0,0,221.0,8.57,10.79,1011.64,436.0,2.2,11074.0,1,8.81,3.56,0.0,0.0,27.44
2018-10-24,"Yangon, Myanmar",Yangon International Airport (VYYY),27.44,23.71,31.87,24.17,77.7,0.0,0,257.0,6.19,10.62,1012.26,390.0,3.1,9566.0,1,8.16,0.62,0.0,0.0,28.41
2018-10-25,"Yangon, Myanmar",Yangon International Airport (VYYY),28.41,23.95,32.94,24.69,68.9,0.0,0,198.0,4.45,6.48,1008.78,504.0,2.8,9717.0,1,8.99,-3.48,0.0,0.0,26.22
2018-10-26,"Yangon, Myanmar",Yangon International Airport (VYYY),26.22,23.36,31.4,23.19,77.2,0.0,0,241.0,7.18,11.04,1014.74,523.0,2.6,9607.0,1,8.04,5.97,0.0,0.0,27.66
2018-10-27,"Yangon, Myanmar",Yangon International Airport (VYYY),27.66,23.59,33.27,25.5,75.4,0.0,0,250.0,6.36,7.91,1012.78,494.0,2.4,10914.0,1,9.67,-1.96,0.0,0.0,27.27
2018-10-28,"Yangon, Myanmar",Yangon International Airport (VYYY),27.27,22.54,32.01,24.46,73.2,0.0,0,169.0,8.13,9.73,1008.64,415.0,0.6,10915.0,1,9.46,-4.14,0.0,0.0,26.16
2018-10-29,"Yangon, Myanmar",Yangon International Airport (VYYY),26.16,22.53,30.78,22.9,83.5,0.0,0,255.0,10.49,16.79,1011.24,451.0,,10117.0,1,8.25,2.6,0.0,0.0,28.01
2018-10-30,"Yangon, Myanmar",Yangon International Airport (VYYY),28.01,24.27,32.39,24.03,81.0,0.0,0,170.0,5.81,8.51,1011.61,482.0,0.0,10471.0,1,8.12,0.37,0.0,0.0,27.3
2018-10-31,"Yangon, Myanmar",Yangon International Airport (VYYY),27.3,23.5,31.82,21.53,88.1,0.0,0,203.0,7.7,18.9,1011.82,626.0,1.5,9040.0,1,8.31,0.21,0.0,0.0,26.38
2018-11-01,"Yangon, Myanmar",Yangon International Airport (VYYY),26.38,22.76,32.1,23.13,71.6,0.0,0,199.0,7.96,9.97,1011.2,528.0,3.3,10411.0,1,9.34,-0.62,0.0,0.0,26.39
2018-11-02,"Yangon, Myanmar",Yangon International Airport (VYYY),26.39,22.63,31.85,24.07,76.8,0.0,0,208.0,2.35,4.62,1013.51,446.0,1.6,11501.0,1,9.22,2.31,0.0,0.0,25.97
2018-11-03,"Yangon, Myanmar",Yangon International Airport (VYYY),25.97,21.82,31.73,22.4,77.4,0.0,0,103.0,8.86,10.45,1012.9,494.0,2.0,10508.0,1,9.91,-0.61,0.0,0.0,25.69
2018-11-04,"Yangon, Myanmar",Yangon International Airport (VYYY),25.69,21.69,29.96,23.04,75.8,0.0,0,206.0,6.92,7.83,1005.63,,2.1,11319.0,1,8.28,-7.27,0.0,0.0,24.46
2018-11-05,"Yangon, Myanmar",Yangon International Airport (VYYY),24.46,21.14,29.1,22.32,83.9,0.0,0,271.0,7.04,8.06,1009.67,558.0,2.5,9543.0,1,7.97,4.04,0.0,0.0,26.66
2018-11-06,"Yangon, Myanmar",Yangon International Airport (VYYY),26.66,21.52,30.58,24.62,76.1,0.0,0,151.0,8.2,10.91,1012.53,491.0,2.1,10780.0,1,9.06,2.86,0.0,0.0,26.92
2018-11-07,"Yangon, Myanmar",Yangon International Airport (VYYY),26.92,22.97,31.91,24.78,75.6,0.0,0,189.0,7.41,8.0,1011.35,655.0,1.3,10610.0,1,8.94,-1.18,0.0,0.0,26.53
2018-11-08,"Yangon, Myanmar",Yangon International Airport (VYYY),26.53,22.09,30.62,23.45,82.7,0.0,0,157.0,7.79,8.31,1009.73,478.0,1.5,9469.0,1,8.53,-1.62,0.0,0.0,26.1
2018-11-09,"Yangon, Myanmar",Yangon International Airport (VYYY),26.1,21.6,31.11,22.72,71.5,,0,317.0,6.88,11.32,1013.36,626.0,1.5,10910.0,1,9.51,3.63,0.0,0.0,25.09
2018-11-10,"Yangon, Myanmar",Yangon International Airport (VYYY),25.09,20.83,29.9,22.77,80.6,0.0,0,224.0,5.99,13.06,1010.93,469.0,4.4,11453.0,3,9.07,-2.43,0.0,0.0,27.48
2018-11-11,"Yangon, Myanmar",Yangon International Airport (VYYY),27.48,24.03,31.97,24.1,73.3,0.0,0,251.0,7.08,8.37,1010.69,610.0,2.5,10281.0,1,7.95,-0.24,0.0,0.0,25.04
2018-11-12,"Yangon, Myanmar",Yangon International Airport (VYYY),25.04,20.92,29.76,22.18,71.7,0.0,0,229.0,10.89,15.52,1009.82,439.0,3.2,11283.0,1,8.84,-0.87,0.0,0.0,26.28
2018-11-13,"Yangon, Myanmar",Yangon International Airport (VYYY),26.28,22.29,32.09,22.84,66.9,0.0,0,199.0,6.25,13.06,1011.36,497.0,0.0,9630.0,1,9.8,1.54,0.0,0.0,25.14
2018-11-14,"Yangon, Myanmar",Yangon International Airport (VYYY),25.14,20.73,30.28,23.0,68.0,0.0,0,188.0,8.61,12.47,1011.28,433.0,2.7,10709.0,1,9.56,-0.07,0.0,0.0,24.1
2018-11-15,"Yangon, Myanmar",Yangon International Airport (VYYY),24.1,20.5,28.44,23.5,82.5,0.0,0,215.0,9.11,9.44,1011.35,530.0,4.0,10164.0,1,7.94,0.07,0.0,0.0,26.15
2018-11-16,"Yangon, Myanmar",Yangon International Airport (VYYY),26.15,21.99,31.83,24.09,73.7,0.0,0,198.0,10.22,12.75,1008.76,500.0,2.3,10427.0,1,9.84,-2.59,0.0,0.0,24.83
2018-11-17,"Yangon, Myanmar",Yangon International Airport (VYYY),24.83,21.37,29.89,20.33,81.0,0.0,0,238.0,7.15,,1013.01,365.0,3.0,10109.0,1,8.52,4.25,0.0,0.0,25.47
2018-11-18,"Yangon, Myanmar",Yangon International Airport (VYYY),25.47,21.04,30.61,22.23,67.8,0.0,0,232.0,4.84,7.52,1013.05,371.0,0.3,,1,9.56,0.04,0.0,0.0,27.12
2018-11-19,"Yangon, Myanmar",Yangon International Airport (VYYY),27.12,23.7,31.35,25.44,76.5,0.0,0,188.0,6.36,7.97,1014.42,389.0,2.1,9300.0,1,7.64,1.37,0.0,0.0,24.98
2018-11-20,"Yangon, Myanmar",Yangon International Airport (VYYY),24.98,21.88,30.27,21.93,70.5,49.97,0,212.0,6.38,9.11,1013.76,522.0,2.4,4066.0,25,8.39,-0.66,49.97,49.97,23.83
2018-11-21,"Yangon, Myanmar",Yangon International Airport (VYYY),23.83,20.16,28.84,21.13,72.0,0.0,0,161.0,9.59,9.75,1009.78,455.0,2.7,9134.0,1,8.68,-3.98,49.97,49.97,23.89
2018-11-22,"Yangon, Myanmar",Yangon International Airport (VYYY),23.89,19.6,29.24,21.41,82.4,0.0,0,199.0,9.22,10.77,1009.33,437.0,0.4,10007.0,1,9.64,-0.45,49.97,49.97,24.92
2018-11-23,"Yangon, Myanmar",Yangon International Airport (VYYY),24.92,21.25,29.84,19.8,77.9,0.0,0,188.0,8.26,9.97,1009.39,487.0,1.9,8966.0,1,8.59,0.06,0.0,49.97,25.63
2018-11-24,"Yangon, Myanmar",Yangon International Airport (VYYY),25.63,22.17,29.96,22.79,75.2,0.0,0,170.0,6.45,7.03,1012.63,660.0,1.6,9425.0,1,7.79,3.24,0.0,49.97,23.72
2018-11-25,"Yangon, Myanmar",Yangon International Airport (VYYY),23.72,19.3,28.03,22.33,85.5,0.0,0,290.0,5.21,8.29,1013.82,527.0,3.2,10746.0,1,8.73,1.19,0.0,49.97,24.75
2018-11-26,"Yangon, Myanmar",Yangon International Airport (VYYY),24.75,21.56,29.31,23.56,82.1,0.0,0,174.0,8.12,28.6,1012.53,547.0,1.8,10634.0,1,7.75,-1.29,0.0,49.97,24.43
2018-11-27,"Yangon, Myanmar",Yangon International Airport (VYYY),24.43,20.61,29.75,20.74,79.2,0.0,0,250.0,9.85,10.63,1012.95,480.0,3.7,8736.0,1,9.14,0.42,0.0,0.0,26.67
2018-11-28,"Yangon, Myanmar",Yangon International Airport (VYYY),26.67,22.47,31.84,24.43,,0.0,0,191.0,8.24,10.29,1009.15,539.0,0.6,9045.0,1,9.37,-3.81,0.0,0.0,26.94
2018-11-29,"Yangon, Myanmar",Yangon International Airport (VYYY),26.94,22.49,31.49,25.95,78.4,0.0,0,216.0,7.63,8.81,1010.99,411.0,0.8,8670.0,1,8.99,1.84,0.0,0.0,24.0
2018-11-30,"Yangon, Myanmar",Yangon International Airport (VYYY),24.0,20.53,28.87,20.14,77.8,0.0,0,159.0,8.13,11.08,1014.07,490.0,3.9,10238.0,1,8.34,3.08,0.0,0.0,28.01
2018-12-01,"Yangon, Myanmar",Yangon International Airport (VYYY),28.01,23.77,33.82,26.76,72.5,0.0,0,,9.01,12.12,1012.57,570.0,2.7,10884.0,1,10.05,-1.5,0.0,0.0,23.42
2018-12-02,"Yangon, Myanmar",Yangon International Airport (VYYY),23.42,19.82,27.8,21.36,82.1,0.0,0,246.0,10.25,10.61,1012.76,446.0,0.5,9034.0,1,7.98,0.18,0.0,0.0,24.58
2018-12-03,"Yangon, Myanmar",Yangon International Airport (VYYY),24.58,20.77,29.58,22.62,78.3,0.0,0,216.0,7.0,7.1,1012.2,497.0,1.7,9907.0,1,8.81,-0.56,0.0,0.0,26.57
2018-12-04,"Yangon, Myanmar",Yangon International Airport (VYYY),26.57,23.07,31.15,24.01,75.9,0.0,0,217.0,3.29,6.73,1011.87,533.0,2.7,10204.0,1,8.08,-0.33,0.0,0.0,24.49
2018-12-05,"Yangon, Myanmar",Yangon International Airport (VYYY),24.49,21.22,28.46,21.36,87.1,0.0,0,239.0,8.16,8.96,1012.51,519.0,1.2,8725.0,1,7.24,0.64,0.0,0.0,26.22
2018-12-06,"Yangon, Myanmar",Yangon International Airport (VYYY),26.22,22.75,31.44,21.96,70.4,0.0,0,155.0,5.27,6.23,1011.67,533.0,2.0,12346.0,1,8.69,-0.84,0.0,0.0,25.95
2018-12-07,"Yangon, Myanmar",Yangon International Airport (VYYY),25.95,21.38,30.43,23.45,76.2,0.0,0,146.0,8.3,10.92,1009.38,539.0,2.8,9247.0,1,9.05,-2.29,0.0,0.0,25.04
2018-12-08,"Yangon, Myanmar",Yangon International Airport (VYYY),25.04,21.03,29.55,21.99,77.2,0.0,0,206.0,7.52,9.24,1015.93,555.0,1.9,9173.0,1,8.52,6.55,0.0,0.0,25.08
2018-12-09,"Yangon, Myanmar",Yangon International Airport (VYYY),25.08,22.24,30.47,22.84,74.8,0.0,0,212.0,8.2,12.84,1015.45,470.0,2.0,9954.0,1,8.23,-0.48,0.0,0.0,26.13
2018-12-10,"Yangon, Myanmar",Yangon International Airport (VYYY),26.13,22.59,29.77,25.46,72.5,0.0,0,165.0,8.31,10.83,1011.58,361.0,1.6,10251.0,1,7.18,-3.87,0.0,0.0,24.54
2018-12-11,"Yangon, Myanmar",Yangon International Airport (VYYY),24.54,20.25,29.38,22.32,71.7,0.0,0,207.0,6.06,7.31,1013.5,443.0,3.3,8866.0,1,9.12,1.92,0.0,0.0,23.15
2018-12-12,"Yangon, Myanmar",Yangon International Airport (VYYY),23.15,19.19,27.67,20.31,70.0,0.0,0,180.0,9.28,10.81,,395.0,0.7,9351.0,1,8.47,-0.14,0.0,0.0,24.33
2018-12-13,"Yangon, Myanmar",Yangon International Airport (VYYY),24.33,20.0,29.07,20.96,71.7,15.88,0,198.0,8.99,10.16,1017.44,599.0,4.2,9124.0,8,9.06,4.07,15.88,15.88,25.01
2018-12-14,"Yangon, Myanmar",Yangon International Airport (VYYY),25.01,20.76,29.84,21.6,78.1,0.0,0,240.0,10.75,14.75,1012.45,454.0,3.0,11015.0,1,9.07,-4.99,15.88,15.88,25.0
2018-12-15,"Yangon, Myanmar",Yangon International Airport (VYYY),25.0,21.85,29.98,21.92,76.7,0.0,0,241.0,4.51,8.51,1010.83,454.0,4.2,10086.0,3,8.13,-1.61,15.88,15.88,25.34
2018-12-16,"Yangon, Myanmar",Yangon International Airport (VYYY),25.34,22.39,30.07,21.66,72.7,0.0,0,139.0,6.53,7.26,1013.21,340.0,2.7,9107.0,1,7.68,2.38,0.0,15.88,24.97
2018-12-17,"Yangon, Myanmar",Yangon International Airport (VYYY),24.97,20.54,29.86,23.09,75.3,0.0,0,207.0,3.75,4.75,1011.3,388.0,2.7,10105.0,1,9.32,-1.91,0.0,15.88,23.83
2018-12-18,"Yangon, Myanmar",Yangon International Airport (VYYY),23.83,20.72,28.46,19.94,85.0,0.0,0,214.0,3.95,5.55,1010.36,454.0,4.2,11403.0,3,7.74,-0.94,0.0,15.88,23.21
2018-12-19,"Yangon, Myanmar",Yangon International Airport (VYYY),23.21,20.1,28.26,19.83,73.4,0.0,0,239.0,8.3,11.51,1015.37,516.0,1.9,,1,8.15,5.01,0.0,15.88,25.09
2018-12-20,"Yangon, Myanmar",Yangon International Airport (VYYY),25.09,20.81,29.7,20.45,79.0,0.0,0,302.0,7.37,9.75,1016.06,374.0,1.9,10181.0,1,8.89,0.69,0.0,0.0,23.83
2018-12-21,"Yangon, Myanmar",Yangon International Airport (VYYY),23.83,19.73,28.51,20.07,79.0,0.0,0,311.0,8.81,9.65,1011.99,448.0,3.7,9743.0,1,8.78,-4.07,0.0,0.0,23.99
2018-12-22,"Yangon, Myanmar",Yangon International Airport (VYYY),23.99,20.4,29.05,20.4,73.2,0.0,0,227.0,5.78,7.72,1013.68,497.0,3.0,10441.0,1,8.64,1.69,0.0,0.0,24.05
2018-12-23,"Yangon, Myanmar",Yangon International Airport (VYYY),24.05,20.55,28.81,21.75,73.8,0.0,0,,8.83,9.72,1012.3,415.0,3.0,11065.0,1,8.25,-1.37,0.0,0.0,25.24
2018-12-24,"Yangon, Myanmar",Yangon International Airport (VYYY),25.24,21.22,30.96,22.58,78.2,0.0,0,162.0,8.08,12.77,1012.62,478.0,1.1,10189.0,1,9.75,0.31,0.0,0.0,26.2
2018-12-25,"Yangon, Myanmar",Yangon International Airport (VYYY),26.2,22.81,30.87,21.42,79.0,0.0,0,168.0,6.49,17.07,1009.34,,0.9,10727.0,1,8.07,-3.28,0.0,0.0,25.06
2018-12-26,"Yangon, Myanmar",Yangon International Airport (VYYY),25.06,20.91,28.87,22.5,76.5,0.0,0,215.0,7.04,8.81,1012.24,455.0,2.7,9784.0,1,7.96,2.9,0.0,0.0,25.38
2018-12-27,"Yangon, Myanmar",Yangon International Airport (VYYY),25.38,22.52,29.61,22.66,79.5,0.0,0,266.0,5.03,10.37,1016.38,463.0,2.2,10619.0,1,7.09,4.15,0.0,0.0,25.24
2018-12-28,"Yangon, Myanmar",Yangon International Airport (VYYY),25.24,21.97,29.6,23.93,82.8,0.0,0,147.0,5.28,5.71,1013.74,434.0,2.5,10332.0,1,7.63,-2.65,0.0,0.0,23.86
2018-12-29,"Yangon, Myanmar",Yangon International Airport (VYYY),23.86,20.32,28.36,21.36,74.0,0.0,0,222.0,6.51,6.83,1013.06,346.0,1.7,11025.0,1,8.04,-0.67,0.0,0.0,24.9
2018-12-30,"Yangon, Myanmar",Yangon International Airport (VYYY),24.9,20.89,28.73,21.3,74.5,0.0,0,231.0,8.91,9.38,1009.11,502.0,3.8,9382.0,1,7.84,-3.95,0.0,0.0,23.96
2018-12-31,"Yangon, Myanmar",Yangon International Airport (VYYY),23.96,19.65,28.14,,83.3,0.0,0,177.0,9.27,11.07,1013.63,533.0,3.2,8868.0,1,8.49,4.52,0.0,0.0,24.21
2019-01-01,"Yangon, Myanmar",Yangon International Airport (VYYY),24.21,20.16,27.95,20.64,81.3,0.0,0,234.0,9.29,9.55,1012.5,427.0,2.6,10066.0,1,7.79,-1.13,0.0,0.0,24.0
2019-01-02,"Yangon, Myanmar",Yangon International Airport (VYYY),24.0,20.3,28.79,21.34,79.6,0.0,0,211.0,6.9,10.4,1011.1,517.0,2.5,8804.0,1,8.49,-1.4,0.0,0.0,23.98
2019-01-03,"Yangon, Myanmar",Yangon International Airport (VYYY),23.98,20.92,29.38,20.61,83.0,0.0,0,197.0,4.92,8.85,1012.54,507.0,0.2,9242.0,1,8.46,1.44,0.0,0.0,22.95
2019-01-04,"Yangon, Myanmar",Yangon International Airport (VYYY),22.95,19.08,27.04,20.59,70.4,0.0,0,183.0,6.45,7.71,1012.98,523.0,2.5,9782.0,1,7.95,0.44,0.0,0.0,23.19
2019-01-05,"Yangon, Myanmar",Yangon International Airport (VYYY),23.19,18.72,28.56,20.22,77.5,0.0,0,221.0,6.2,8.61,1013.04,543.0,2.5,10881.0,1,9.84,0.06,0.0,0.0,25.12
2019-01-06,"Yangon, Myanmar",Yangon International Airport (VYYY),25.12,20.88,29.96,21.22,70.1,0.0,0,283.0,7.29,8.91,1010.84,510.0,2.6,9816.0,1,9.08,-2.2,0.0,0.0,22.64
2019-01-07,"Yangon, Myanmar",Yangon International Airport (VYYY),22.64,18.61,27.86,19.84,74.3,0.0,0,232.0,3.19,4.83,1014.14,365.0,2.8,,1,9.25,3.3,0.0,0.0,24.42
2019-01-08,"Yangon, Myanmar",Yangon International Airport (VYYY),24.42,20.91,29.65,22.43,80.7,0.0,0,150.0,6.02,10.71,1014.31,404.0,2.8,10278.0,1,8.74,0.17,0.0,0.0,21.31
2019-01-09,"Yangon, Myanmar",Yangon International Airport (VYYY),21.31,17.26,25.41,18.39,79.0,0.0,0,228.0,5.58,11.29,1011.97,481.0,3.8,9093.0,1,8.16,-2.33,0.0,0.0,23.01
2019-01-10,"Yangon, Myanmar",Yangon International Airport (VYYY),23.01,19.52,28.81,20.23,73.0,0.0,0,228.0,7.39,9.57,1012.19,540.0,0.3,9582.0,1,9.29,0.21,0.0,0.0,24.55
2019-01-11,"Yangon, Myanmar",Yangon International Airport (VYYY),24.55,21.3,30.02,20.89,74.6,0.0,0,146.0,9.12,9.21,1013.98,388.0,3.5,9763.0,1,8.73,1.79,0.0,0.0,24.4
2019-01-12,"Yangon, Myanmar",Yangon International Airport (VYYY),24.4,20.96,28.98,22.25,90.6,0.0,0,107.0,9.27,10.59,1008.25,558.0,3.4,9865.0,1,8.02,-5.73,0.0,0.0,23.36
2019-01-13,"Yangon, Myanmar",Yangon International Airport (VYYY),23.36,19.6,27.88,19.96,71.0,0.0,0,202.0,5.51,6.8,1011.93,436.0,1.3,9969.0,1,8.28,3.67,0.0,0.0,23.95
2019-01-14,"Yangon, Myanmar",Yangon International Airport (VYYY),23.95,19.92,29.22,22.73,83.0,0.0,0,267.0,6.98,7.83,1014.96,526.0,3.2,11217.0,1,9.3,3.03,0.0,0.0,23.22
2019-01-15,"Yangon, Myanmar",Yangon International Airport (VYYY),23.22,19.7,27.75,18.81,81.5,0.0,0,176.0,7.92,13.31,1014.35,467.0,2.1,10602.0,1,8.05,-0.61,0.0,0.0,22.7
2019-01-16,"Yangon, Myanmar",Yangon International Airport (VYYY),22.7,18.77,27.04,19.09,73.0,4.05,0,229.0,4.52,7.12,1010.16,326.0,2.1,8335.0,7,8.26,-4.19,4.05,4.05,24.85
2019-01-17,"Yangon, Myanmar",Yangon International Airport (VYYY),24.85,20.24,29.94,21.48,69.6,0.0,0,233.0,7.05,8.68,1012.16,516.0,1.9,10939.0,1,9.7,2.0,4.05,4.05,23.19
2019-01-18,"Yangon, Myanmar",Yangon International Airport (VYYY),23.19,20.12,28.27,21.81,82.8,0.0,0,143.0,7.12,8.1,1010.78,495.0,1.5,10555.0,1,8.15,-1.38,4.05,4.05,24.01
2019-01-19,"Yangon, Myanmar",Yangon International Airport (VYYY),24.01,20.01,30.45,20.5,86.9,0.0,0,142.0,5.49,9.52,1016.14,456.0,0.8,11404.0,1,10.44,5.36,0.0,4.05,22.68
2019-01-20,"Yangon, Myanmar",Yangon International Airport (VYYY),22.68,18.49,27.75,18.84,78.1,0.0,0,230.0,9.69,9.89,1015.19,412.0,1.8,10035.0,1,9.26,-0.95,0.0,4.05,24.56
2019-01-21,"Yangon, Myanmar",Yangon International Airport (VYYY),24.56,20.17,29.42,21.69,76.1,0.0,0,138.0,7.78,8.96,1009.0,380.0,,11308.0,1,9.24,-6.19,0.0,4.05,23.59
2019-01-22,"Yangon, Myanmar",Yangon International Airport (VYYY),23.59,19.77,27.83,20.01,80.8,0.0,0,141.0,7.21,15.46,1016.85,486.0,1.8,10636.0,1,8.06,7.85,0.0,4.05,24.93
2019-01-23,"Yangon, Myanmar",Yangon International Airport (VYYY),24.93,21.66,30.18,21.9,73.8,0.0,0,202.0,8.02,18.39,1012.03,484.0,2.0,9122.0,1,8.51,-4.82,0.0,0.0,24.34
2019-01-24,"Yangon, Myanmar",Yangon International Airport (VYYY),24.34,19.69,29.21,19.62,80.0,0.0,0,203.0,12.08,19.98,1012.37,402.0,1.7,10091.0,1,9.52,0.34,0.0,0.0,25.05
2019-01-25,"Yangon, Myanmar",Yangon International Airport (VYYY),25.05,21.48,30.06,20.4,86.2,0.0,0,178.0,5.02,8.15,1015.48,499.0,0.9,9095.0,1,8.58,3.11,0.0,0.0,25.2
2019-01-26,"Yangon, Myanmar",Yangon International Airport (VYYY),25.2,21.32,29.16,22.84,80.6,0.0,0,196.0,7.9,8.09,,416.0,2.1,9624.0,1,7.84,-2.73,0.0,0.0,23.51
2019-01-27,"Yangon, Myanmar",Yangon International Airport (VYYY),23.51,20.07,28.6,22.34,78.1,0.0,0,255.0,5.48,6.7,1013.51,540.0,2.0,9979.0,1,8.53,0.76,0.0,0.0,23.12
2019-01-28,"Yangon, Myanmar",Yangon International Airport (VYYY),23.12,19.46,27.27,19.46,77.5,0.0,0,218.0,5.1,6.0,1014.26,474.0,3.1,11879.0,1,7.8,0.74,0.0,0.0,25.53
2019-01-29,"Yangon, Myanmar",Yangon International Airport (VYYY),25.53,22.22,30.16,22.37,76.8,0.0,0,174.0,9.99,13.28,1012.7,480.0,2.1,10247.0,1,7.94,-1.56,0.0,0.0,25.28
2019-01-30,"Yangon, Myanmar",Yangon International Airport (VYYY),25.28,22.04,31.14,21.35,82.7,0.0,0,217.0,3.2,6.98,1015.14,505.0,2.1,11134.0,1,9.1,2.43,0.0,0.0,24.05
2019-01-31,"Yangon, Myanmar",Yangon International Airport (VYYY),24.05,19.65,27.99,22.45,72.2,0.0,0,146.0,7.92,,1014.98,370.0,3.5,10056.0,1,8.34,-0.16,0.0,0.0,25.27
2019-02-01,"Yangon, Myanmar",Yangon International Airport (VYYY),25.27,20.76,29.81,23.59,72.4,0.0,0,166.0,7.0,7.11,1008.31,406.0,1.9,9843.0,1,9.05,-6.66,0.0,0.0,27.21
2019-02-02,"Yangon, Myanmar",Yangon International Airport (VYYY),27.21,23.57,32.74,26.05,80.6,0.0,0,152.0,7.73,9.43,1016.38,647.0,3.9,10248.0,1,9.18,8.06,0.0,0.0,24.52
2019-02-03,"Yangon, Myanmar",Yangon International Airport (VYYY),24.52,21.35,29.75,21.1,79.8,0.0,0,236.0,5.94,17.57,1011.16,411.0,2.8,9581.0,1,8.4,-5.21,0.0,0.0,26.24
2019-02-04,"Yangon, Myanmar",Yangon International Airport (VYYY),26.24,23.0,31.63,21.63,75.3,0.0,0,225.0,7.61,,1013.83,496.0,1.5,9057.0,1,8.64,2.67,0.0,0.0,22.26
2019-02-05,"Yangon, Myanmar",Yangon International Airport (VYYY),22.26,18.85,26.59,21.79,78.2,0.0,0,176.0,11.16,15.8,1013.29,660.0,1.7,10351.0,1,7.74,-0.55,0.0,0.0,24.34
2019-02-06,"Yangon, Myanmar",Yangon International Airport (VYYY),24.34,20.44,28.19,22.6,78.5,0.0,0,270.0,8.55,9.18,1012.21,516.0,2.5,8647.0,1,7.75,-1.08,0.0,0.0,24.82
2019-02-07,"Yangon, Myanmar",Yangon International Airport (VYYY),24.82,19.8,29.2,21.59,84.1,6.58,0,142.0,6.82,7.76,1011.81,402.0,1.2,9311.0,7,9.39,-0.39,6.58,6.58,27.55
2019-02-08,"Yangon, Myanmar",Yangon International Airport (VYYY),27.55,23.29,32.58,22.76,66.9,0.0,0,171.0,9.22,12.82,1006.37,520.0,0.0,7242.0,1,9.28,-5.45,6.58,6.58,25.78
2019-02-09,"Yangon, Myanmar",Yangon International Airport (VYYY),25.78,21.91,29.63,22.81,75.7,0.0,0,153.0,9.77,12.87,1015.31,547.0,1.8,9095.0,1,7.72,8.94,6.58,6.58,26.02
2019-02-10,"Yangon, Myanmar",Yangon International Airport (VYYY),26.02,22.4,31.57,24.09,70.3,0.0,0,225.0,8.32,8.39,1008.56,354.0,3.4,10032.0,1,9.17,-6.74,0.0,6.58,25.0
2019-02-11,"Yangon, Myanmar",Yangon International Airport (VYYY),25.0,21.62,29.69,22.45,74.1,0.0,0,274.0,8.68,9.49,1014.9,592.0,1.2,8800.0,1,8.07,6.33,0.0,6.58,24.72
2019-02-12,"Yangon, Myanmar",Yangon International Airport (VYYY),24.72,21.15,29.26,21.35,75.9,0.0,0,152.0,9.09,9.5,1012.99,557.0,2.6,10492.0,1,8.11,-1.91,0.0,6.58,24.37
2019-02-13,"Yangon, Myanmar",Yangon International Airport (VYYY),24.37,20.58,29.39,20.66,79.7,0.0,0,195.0,5.85,10.29,1015.69,545.0,2.5,10654.0,1,8.81,2.7,0.0,6.58,26.11
2019-02-14,"Yangon, Myanmar",Yangon International Airport (VYYY),26.11,22.21,29.25,21.97,88.7,0.0,0,207.0,8.34,11.97,1008.45,456.0,3.0,11032.0,1,7.04,-7.25,0.0,0.0,26.02
2019-02-15,"Yangon, Myanmar",Yangon International Airport (VYYY),26.02,21.86,30.83,22.47,82.3,0.0,0,198.0,4.5,6.6,1014.89,430.0,0.7,8311.0,1,8.97,6.45,0.0,0.0,26.21
2019-02-16,"Yangon, Myanmar",Yangon International Airport (VYYY),26.21,22.8,30.6,22.63,87.7,0.0,0,167.0,8.77,10.74,1011.61,393.0,1.6,10521.0,1,7.8,-3.29,0.0,0.0,24.21
2019-02-17,"Yangon, Myanmar",Yangon International Airport (VYYY),24.21,20.92,29.89,20.36,74.2,0.0,0,222.0,6.98,10.21,1011.06,410.0,1.9,10223.0,1,8.97,-0.54,0.0,0.0,24.83
2019-02-18,"Yangon, Myanmar",Yangon International Airport (VYYY),24.83,22.21,30.01,21.27,73.4,0.0,0,207.0,7.7,8.51,1012.54,476.0,2.6,9588.0,1,7.81,1.48,0.0,0.0,24.46
2019-02-19,"Yangon, Myanmar",Yangon International Airport (VYYY),24.46,20.03,28.93,20.62,74.4,,0,216.0,9.26,10.74,1010.37,384.0,0.5,10324.0,1,8.9,-2.16,0.0,0.0,24.07
2019-02-20,"Yangon, Myanmar",Yangon International Airport (VYYY),24.07,19.73,30.12,21.03,78.8,0.0,0,279.0,7.43,8.85,1010.53,479.0,3.5,9829.0,1,10.4,0.16,0.0,0.0,23.75
2019-02-21,"Yangon, Myanmar",Yangon International Airport (VYYY),23.75,19.41,29.08,21.36,79.8,0.0,0,200.0,7.17,8.56,1010.0,402.0,1.9,9327.0,1,9.68,-0.54,0.0,0.0,24.12
2019-02-22,"Yangon, Myanmar",Yangon International Airport (VYYY),24.12,19.97,28.14,20.16,80.8,0.0,0,260.0,8.18,13.57,1012.0,579.0,2.3,10498.0,1,8.17,2.01,0.0,0.0,26.31
2019-02-23,"Yangon, Myanmar",Yangon International Airport (VYYY),26.31,22.68,30.37,24.6,82.7,0.0,0,172.0,8.53,8.89,1012.31,518.0,0.6,10093.0,1,7.68,0.31,0.0,0.0,25.09
2019-02-24,"Yangon, Myanmar",Yangon International Airport (VYYY),25.09,20.73,31.7,22.11,85.5,0.0,0,276.0,4.56,6.32,1016.1,608.0,1.5,9592.0,1,10.97,3.79,0.0,0.0,24.17
2019-02-25,"Yangon, Myanmar",Yangon International Airport (VYYY),24.17,21.28,29.14,20.61,78.4,0.0,0,142.0,8.45,14.32,1012.87,553.0,1.0,11199.0,1,7.87,-3.23,0.0,0.0,26.1
2019-02-26,"Yangon, Myanmar",Yangon International Airport (VYYY),26.1,22.43,30.88,22.48,89.0,0.0,0,180.0,9.53,9.78,1009.69,530.0,1.9,9466.0,1,8.45,-3.18,0.0,0.0,23.7
2019-02-27,"Yangon, Myanmar",Yangon International Airport (VYYY),23.7,20.59,28.1,21.91,,0.0,0,96.0,8.99,10.69,1006.44,616.0,3.2,11252.0,1,7.51,-3.25,0.0,0.0,25.43
2019-02-28,"Yangon, Myanmar",Yangon International Airport (VYYY),25.43,20.98,32.02,21.83,81.0,0.0,0,174.0,11.21,18.37,1012.65,431.0,2.7,9413.0,1,11.04,6.21,0.0,0.0,25.49
2019-03-01,"Yangon, Myanmar",Yangon International Airport (VYYY),25.49,22.75,30.42,20.63,75.1,0.0,0,191.0,8.59,9.85,1014.03,470.0,0.8,9217.0,1,7.67,1.38,0.0,0.0,26.35
2019-03-02,"Yangon, Myanmar",Yangon International Airport (VYYY),26.35,22.56,31.51,23.43,64.8,0.0,0,179.0,8.94,11.92,1011.73,581.0,3.6,11991.0,1,8.95,-2.3,0.0,0.0,24.61
2019-03-03,"Yangon, Myanmar",Yangon International Airport (VYYY),24.61,19.97,30.3,20.25,78.5,0.0,0,232.0,6.41,7.22,1012.54,532.0,2.7,10794.0,1,10.32,0.81,0.0,0.0,25.09
2019-03-04,"Yangon, Myanmar",Yangon International Airport (VYYY),25.09,23.28,30.78,20.6,81.5,0.0,0,197.0,8.13,,1014.83,596.0,2.0,11321.0,1,7.5,2.29,0.0,0.0,25.45
2019-03-05,"Yangon, Myanmar",Yangon International Airport (VYYY),25.45,22.94,30.46,23.74,82.6,18.52,0,292.0,7.67,9.62,1011.47,421.0,4.4,9666.0,8,7.51,-3.36,18.52,18.52,24.46
2019-03-06,"Yangon, Myanmar",Yangon International Airport (VYYY),24.46,20.88,30.35,21.06,81.7,0.0,0,224.0,5.2,6.0,1013.1,497.0,2.5,10491.0,1,9.47,1.63,18.52,18.52,27.96
2019-03-07,"Yangon, Myanmar",Yangon International Airport (VYYY),27.96,23.04,31.46,26.25,80.7,0.0,0,176.0,10.46,12.67,1017.16,455.0,2.2,10631.0,1,8.42,4.07,18.52,18.52,24.74
2019-03-08,"Yangon, Myanmar",Yangon International Airport (VYYY),24.74,20.45,30.78,23.25,83.5,0.0,0,180.0,7.28,12.16,1010.88,414.0,3.5,8596.0,1,10.33,-6.28,0.0,18.52,26.27
2019-03-09,"Yangon, Myanmar",Yangon International Airport (VYYY),26.27,22.55,31.6,23.8,85.2,0.0,0,255.0,9.47,21.7,1012.76,510.0,2.0,9231.0,1,9.06,1.88,0.0,18.52,25.53
2019-03-10,"Yangon, Myanmar",Yangon International Airport (VYYY),25.53,21.53,30.29,21.14,73.2,0.0,0,266.0,8.93,15.14,1011.63,411.0,,12658.0,1,8.76,-1.13,0.0,18.52,25.69
2019-03-11,"Yangon, Myanmar",Yangon International Airport (VYYY),25.69,21.02,30.28,21.68,80.2,0.0,0,182.0,7.33,11.47,1007.37,538.0,0.1,10235.0,1,9.26,-4.26,0.0,18.52,25.3
2019-03-12,"Yangon, Myanmar",Yangon International Airport (VYYY),25.3,22.61,29.77,20.32,77.0,0.0,0,290.0,6.52,6.77,1016.43,511.0,1.6,11672.0,1,7.16,9.06,0.0,0.0,26.74
2019-03-13,"Yangon, Myanmar",Yangon International Airport (VYYY),26.74,22.79,31.24,22.97,75.2,0.0,0,138.0,4.1,4.72,1012.61,549.0,3.2,10314.0,1,8.44,-3.82,0.0,0.0,26.2
2019-03-14,"Yangon, Myanmar",Yangon International Airport (VYYY),26.2,21.55,32.04,22.58,75.5,0.0,0,193.0,7.72,8.57,1011.74,578.0,3.3,10656.0,1,10.48,-0.87,0.0,0.0,24.8
2019-03-15,"Yangon, Myanmar",Yangon International Airport (VYYY),24.8,20.81,30.01,20.8,74.3,0.0,0,235.0,5.33,5.84,1009.83,571.0,1.6,9862.0,1,9.2,-1.91,0.0,0.0,24.58
2019-03-16,"Yangon, Myanmar",Yangon International Airport (VYYY),24.58,20.57,30.25,21.67,77.5,0.0,0,233.0,6.64,8.97,1009.16,481.0,3.8,10219.0,1,9.68,-0.67,0.0,0.0,24.89
2019-03-17,"Yangon, Myanmar",Yangon International Airport (VYYY),24.89,21.18,29.09,20.67,73.7,0.0,0,209.0,7.33,16.08,1015.25,455.0,2.4,9546.0,1,7.9,6.09,0.0,0.0,26.05
2019-03-18,"Yangon, Myanmar",Yangon International Airport (VYYY),26.05,22.3,31.23,22.49,75.6,0.0,0,236.0,9.02,13.13,1009.88,528.0,1.9,11207.0,1,8.93,-5.37,0.0,0.0,26.14
2019-03-19,"Yangon, Myanmar",Yangon International Airport (VYYY),26.14,22.48,31.56,23.58,80.9,0.0,0,198.0,9.97,10.08,1010.61,360.0,0.6,9728.0,1,9.08,0.73,0.0,0.0,26.27
2019-03-20,"Yangon, Myanmar",Yangon International Airport (VYYY),26.27,22.66,31.13,25.43,72.0,0.0,0,149.0,4.84,7.15,1011.32,458.0,2.8,9068.0,1,8.47,0.71,0.0,0.0,26.43
2019-03-21,"Yangon, Myanmar",Yangon International Airport (VYYY),26.43,22.8,31.56,22.18,73.0,0.0,0,196.0,9.57,21.0,1006.43,520.0,4.0,9865.0,1,8.76,-4.89,0.0,0.0,26.03
2019-03-22,"Yangon, Myanmar",Yangon International Airport (VYYY),26.03,20.98,31.04,24.26,83.6,0.0,0,238.0,2.99,3.62,1012.61,317.0,2.4,10286.0,1,10.06,6.18,0.0,0.0,25.57
2019-03-23,"Yangon, Myanmar",Yangon International Airport (VYYY),25.57,21.51,30.29,22.14,70.6,0.0,0,183.0,8.53,9.0,1012.7,398.0,3.1,9428.0,1,8.78,0.09,0.0,0.0,27.22
2019-03-24,"Yangon, Myanmar",Yangon International Airport (VYYY),27.22,22.99,30.99,24.53,78.3,0.0,0,123.0,11.97,13.19,1008.93,378.0,1.9,9300.0,1,8.0,-3.77,0.0,0.0,25.18
2019-03-25,"Yangon, Myanmar",Yangon International Airport (VYYY),25.18,21.46,30.14,23.73,81.4,0.0,0,123.0,7.53,9.07,1006.23,397.0,3.7,9617.0,1,8.69,-2.7,0.0,0.0,25.43
2019-03-26,"Yangon, Myanmar",Yangon International Airport (VYYY),25.43,21.09,29.86,20.97,84.3,0.0,0,235.0,8.94,13.86,1011.4,514.0,2.8,10820.0,1,8.76,5.18,0.0,0.0,25.7
2019-03-27,"Yangon, Myanmar",Yangon International Airport (VYYY),25.7,21.92,30.32,23.02,76.2,0.0,0,168.0,7.95,10.52,1013.94,426.0,4.4,9402.0,3,8.4,2.54,0.0,0.0,26.04
2019-03-28,"Yangon, Myanmar",Yangon International Airport (VYYY),26.04,21.8,30.9,23.88,82.6,0.0,0,166.0,8.5,10.41,1010.69,502.0,,9919.0,1,9.11,-3.25,0.0,0.0,25.8
2019-03-29,"Yangon, Myanmar",Yangon International Airport (VYYY),25.8,20.91,30.26,25.37,83.9,8.81,0,195.0,8.51,9.47,1013.84,410.0,2.6,7275.0,7,9.34,3.15,8.81,8.81,26.51
2019-03-30,"Yangon, Myanmar",Yangon International Airport (VYYY),26.51,22.28,31.89,23.95,87.0,0.0,0,168.0,7.86,8.27,1011.36,528.0,3.0,8630.0,1,9.61,-2.48,8.81,8.81,26.14
2019-03-31,"Yangon, Myanmar",Yangon International Airport (VYYY),26.14,23.39,31.08,23.68,81.1,28.66,0,,8.15,9.76,1014.58,263.0,2.4,7327.0,8,7.69,3.22,37.47,37.47,24.89
2019-04-01,"Yangon, Myanmar",Yangon International Airport (VYYY),24.89,21.4,29.79,22.75,69.4,0.0,0,195.0,7.03,13.92,1014.7,501.0,3.0,9948.0,1,8.39,0.12,28.66,37.47,26.22
2019-04-02,"Yangon, Myanmar",Yangon International Airport (VYYY),26.22,21.62,31.63,22.68,72.5,0.0,0,234.0,8.28,9.84,1013.35,440.0,5.8,7976.0,3,10.0,-1.35,28.66,37.47,25.41
2019-04-03,"Yangon, Myanmar",Yangon International Airport (VYYY),25.41,22.01,29.99,22.44,86.2,4.74,0,293.0,9.22,13.45,1013.42,407.0,3.6,7938.0,7,7.98,0.06,4.74,42.21,24.42
2019-04-04,"Yangon, Myanmar",Yangon International Airport (VYYY),24.42,20.73,29.41,19.71,79.9,0.0,0,169.0,6.39,14.44,1012.26,294.0,3.7,9618.0,1,8.68,-1.16,4.74,42.21,26.35
2019-04-05,"Yangon, Myanmar",Yangon International Airport (VYYY),26.35,22.35,30.13,21.14,84.1,0.0,0,191.0,7.9,10.8,1010.61,552.0,4.4,9380.0,3,7.78,-1.66,4.74,33.4,27.8
2019-04-06,"Yangon, Myanmar",Yangon International Airport (VYYY),27.8,23.24,32.75,25.05,84.5,0.0,0,238.0,8.28,9.8,1011.08,387.0,4.1,9280.0,3,9.52,0.47,0.0,33.4,26.36
2019-04-07,"Yangon, Myanmar",Yangon International Airport (VYYY),26.36,22.98,31.89,21.33,78.5,0.0,0,161.0,8.03,8.35,1015.56,398.0,4.9,7775.0,3,8.91,4.48,0.0,4.74,26.42
2019-04-08,"Yangon, Myanmar",Yangon International Airport (VYYY),26.42,21.09,31.73,23.54,78.6,0.0,0,188.0,8.09,10.48,1010.06,238.0,5.6,8916.0,3,10.64,-5.5,0.0,4.74,25.82
2019-04-09,"Yangon, Myanmar",Yangon International Airport (VYYY),25.82,22.08,30.28,22.45,75.0,0.0,0,213.0,7.06,12.08,1011.16,368.0,5.1,7113.0,3,8.2,1.11,0.0,4.74,27.18
2019-04-10,"Yangon, Myanmar",Yangon International Airport (VYYY),27.18,23.8,30.92,24.01,89.2,0.0,0,240.0,8.27,12.99,1011.77,376.0,4.0,7717.0,3,7.12,0.61,0.0,0.0,26.14
2019-04-11,"Yangon, Myanmar",Yangon International Airport (VYYY),26.14,22.36,30.19,24.86,78.2,15.33,0,283.0,7.02,,1011.38,294.0,4.4,5935.0,8,7.84,-0.39,15.33,15.33,27.36
2019-04-12,"Yangon, Myanmar",Yangon International Airport (VYYY),27.36,23.59,32.17,24.39,88.7,0.0,0,211.0,6.65,8.57,1010.36,224.0,4.4,6703.0,3,8.58,-1.03,15.33,15.33,27.58
2019-04-13,"Yangon, Myanmar",Yangon International Airport (VYYY),27.58,22.4,33.08,23.65,76.2,,0,219.0,8.15,9.78,1009.31,377.0,4.8,8648.0,7,10.68,-1.04,20.91,20.91,26.65
2019-04-14,"Yangon, Myanmar",Yangon International Airport (VYYY),26.65,21.62,30.9,23.52,87.1,0.0,0,254.0,5.7,10.14,1006.17,461.0,3.9,6458.0,1,9.28,-3.14,5.59,20.91,26.66
2019-04-15,"Yangon, Myanmar",Yangon International Airport (VYYY),26.66,23.27,31.91,24.28,79.2,0.0,0,241.0,11.82,12.35,1010.45,356.0,5.5,8339.0,3,8.64,4.28,5.59,20.91,26.63
2019-04-16,"Yangon, Myanmar",Yangon International Airport (VYYY),26.63,22.35,31.32,24.15,82.4,0.0,0,248.0,6.83,10.96,1009.97,275.0,8.0,8048.0,4,8.97,-0.48,0.0,20.91,27.21
2019-04-17,"Yangon, Myanmar",Yangon International Airport (VYYY),27.21,23.44,31.9,24.61,79.1,58.31,0,216.0,9.49,12.19,1010.84,345.0,3.8,1963.0,25,8.45,0.87,58.31,79.22,26.29
2019-04-18,"Yangon, Myanmar",Yangon International Airport (VYYY),26.29,22.26,32.07,22.48,91.0,0.0,0,265.0,9.7,10.13,1010.09,235.0,6.2,8644.0,4,9.81,-0.75,58.31,63.9,26.67
2019-04-19,"Yangon, Myanmar",Yangon International Airport (VYYY),26.67,22.56,31.78,22.8,76.9,0.0,0,187.0,7.17,8.02,1013.26,419.0,6.4,7555.0,4,9.23,3.16,58.31,63.9,27.98
2019-04-20,"Yangon, Myanmar",Yangon International Airport (VYYY),27.98,24.46,33.36,24.33,86.8,7.59,0,239.0,4.37,5.85,1014.09,409.0,5.0,6878.0,7,8.9,0.84,7.59,65.9,28.91
2019-04-21,"Yangon, Myanmar",Yangon International Airport (VYYY),28.91,24.37,33.11,25.88,78.0,20.37,0,247.0,7.24,10.02,1008.74,279.0,4.7,7024.0,8,8.75,-5.35,27.96,86.27,28.35
2019-04-22,"Yangon, Myanmar",Yangon International Airport (VYYY),28.35,24.86,32.66,26.48,81.3,8.16,0,210.0,8.97,9.37,1011.87,259.0,5.7,5766.0,7,7.8,3.13,36.12,94.43,27.82
2019-04-23,"Yangon, Myanmar",Yangon International Airport (VYYY),27.82,24.08,33.42,,92.4,0.0,0,268.0,5.03,5.58,1014.37,348.0,4.2,7813.0,3,9.34,2.51,28.53,94.43,27.35
2019-04-24,"Yangon, Myanmar",Yangon International Airport (VYYY),27.35,24.06,32.67,23.1,87.6,1.36,0,163.0,8.84,10.81,1007.66,310.0,5.3,7004.0,7,8.61,-6.71,9.53,37.49,27.21
2019-04-25,"Yangon, Myanmar",Yangon International Airport (VYYY),27.21,23.86,32.85,24.08,86.2,8.52,0,220.0,8.81,11.0,1010.74,194.0,3.0,4769.0,7,8.99,3.08,9.89,46.01,29.71
2019-04-26,"Yangon, Myanmar",Yangon International Airport (VYYY),29.71,25.49,33.2,24.91,89.5,0.0,0,207.0,9.83,14.91,1011.68,271.0,4.2,6319.0,3,7.7,0.94,9.89,46.01,29.02
2019-04-27,"Yangon, Myanmar",Yangon International Airport (VYYY),29.02,25.67,34.41,24.02,75.2,8.54,0,196.0,8.72,11.03,1011.44,169.0,6.1,6919.0,7,8.73,-0.25,17.06,46.95,29.91
2019-04-28,"Yangon, Myanmar",Yangon International Airport (VYYY),29.91,26.39,35.12,27.16,78.8,1.52,0,349.0,8.1,14.41,1006.36,300.0,5.3,6650.0,7,8.73,-5.07,10.06,28.11,26.22
2019-04-29,"Yangon, Myanmar",Yangon International Airport (VYYY),26.22,22.99,30.85,22.32,77.8,0.0,0,178.0,12.8,17.63,1011.68,287.0,6.6,7988.0,4,7.86,5.32,10.06,19.94,28.22
2019-04-30,"Yangon, Myanmar",Yangon International Airport (VYYY),28.22,25.17,33.19,26.23,85.3,0.0,0,137.0,11.61,13.1,1009.14,438.0,4.0,8400.0,3,8.02,-2.54,1.52,19.94,26.81
2019-05-01,"Yangon, Myanmar",Yangon International Airport (VYYY),26.81,21.97,31.38,24.48,85.0,0.0,0,240.0,9.89,11.67,1012.29,295.0,5.9,5924.0,3,9.41,3.16,0.0,18.58,29.3
2019-05-02,"Yangon, Myanmar",Yangon International Airport (VYYY),29.3,25.54,34.02,27.41,85.6,0.0,0,241.0,10.27,15.45,1006.2,192.0,5.4,7230.0,3,8.49,-6.1,0.0,10.06,28.65
2019-05-03,"Yangon, Myanmar",Yangon International Airport (VYYY),28.65,24.36,34.49,26.29,80.6,3.85,0,217.0,8.79,9.31,1009.31,273.0,3.9,7121.0,7,10.13,3.12,3.85,13.9,28.45
2019-05-04,"Yangon, Myanmar",Yangon International Airport (VYYY),28.45,25.49,32.13,23.49,86.8,0.0,0,144.0,7.56,12.04,,357.0,6.2,7436.0,4,6.64,0.49,3.85,5.37,26.01
2019-05-05,"Yangon, Myanmar",Yangon International Airport (VYYY),26.01,21.34,30.75,22.5,84.3,2.64,0,206.0,8.59,13.9,1010.56,442.0,5.8,5679.0,7,9.4,0.76,6.49,6.49,28.04
2019-05-06,"Yangon, Myanmar",Yangon International Airport (VYYY),28.04,24.26,32.89,24.91,92.9,5.66,0,277.0,8.32,14.95,1009.56,257.0,5.3,7652.0,7,8.63,-1.0,8.3,12.14,28.0
2019-05-07,"Yangon, Myanmar",Yangon International Airport (VYYY),28.0,24.5,33.53,23.6,77.9,11.59,0,314.0,7.21,18.59,1008.92,335.0,3.9,4908.0,8,9.03,-0.64,19.89,23.73,28.15
2019-05-08,"Yangon, Myanmar",Yangon International Airport (VYYY),28.15,24.4,33.03,23.77,80.1,0.0,0,266.0,11.14,11.93,1011.37,270.0,6.2,7702.0,4,8.63,2.45,17.25,23.73,28.62
2019-05-09,"Yangon, Myanmar",Yangon International Airport (VYYY),28.62,24.99,33.72,25.51,86.9,18.77,0,181.0,8.81,10.81,1004.58,,6.5,3479.0,8,8.73,-6.79,30.36,42.51,27.96
2019-05-10,"Yangon, Myanmar",Yangon International Airport (VYYY),27.96,24.13,32.24,24.96,88.0,14.15,0,212.0,13.01,13.21,1010.52,237.0,6.3,5303.0,8,8.11,5.93,32.92,52.81,26.06
2019-05-11,"Yangon, Myanmar",Yangon International Airport (VYYY),26.06,22.96,31.29,23.03,86.3,9.49,0,327.0,10.45,10.63,1012.0,195.0,6.0,6293.0,7,8.32,1.49,42.41,62.3,28.71
2019-05-12,"Yangon, Myanmar",Yangon International Airport (VYYY),28.71,24.85,34.26,25.6,77.7,11.94,0,189.0,7.67,10.94,1010.9,215.0,8.0,5684.0,8,9.4,-1.1,35.58,71.6,27.02
2019-05-13,"Yangon, Myanmar",Yangon International Airport (VYYY),27.02,24.19,32.86,24.25,95.1,7.85,0,259.0,11.79,20.62,1004.97,375.0,5.9,4692.0,7,8.67,-5.94,29.28,73.79,29.34
2019-05-14,"Yangon, Myanmar",Yangon International Airport (VYYY),29.34,25.08,35.02,25.54,79.8,0.0,0,304.0,6.3,7.45,1010.1,186.0,6.0,6723.0,3,9.94,5.14,19.79,62.2,29.34
2019-05-15,"Yangon, Myanmar",Yangon International Airport (VYYY),29.34,25.6,34.89,,87.8,36.59,0,167.0,7.98,10.76,1010.59,228.0,6.8,2049.0,25,9.3,0.49,44.44,98.79,29.7
2019-05-16,"Yangon, Myanmar",Yangon International Airport (VYYY),29.7,26.12,34.57,27.08,95.3,0.0,0,208.0,9.15,11.18,1007.27,3.0,5.6,6813.0,3,8.46,-3.32,36.59,80.02,29.33
2019-05-17,"Yangon, Myanmar",Yangon International Airport (VYYY),29.33,26.05,32.72,26.06,85.4,42.37,0,200.0,9.68,10.08,1005.1,154.0,7.1,2160.0,25,6.67,-2.17,78.96,108.24,28.28
2019-05-18,"Yangon, Myanmar",Yangon International Airport (VYYY),28.28,23.29,31.88,25.11,80.1,7.34,0,286.0,13.17,13.92,1010.62,153.0,6.2,6158.0,7,8.59,5.52,49.71,106.09,28.8
2019-05-19,"Yangon, Myanmar",Yangon International Airport (VYYY),28.8,25.54,33.61,25.19,88.2,0.0,0,267.0,9.73,11.23,1008.34,286.0,5.3,4676.0,3,8.07,-2.29,49.71,94.15,27.54
2019-05-20,"Yangon, Myanmar",Yangon International Airport (VYYY),27.54,22.76,31.47,24.61,90.3,7.85,0,246.0,8.39,9.31,1005.48,104.0,5.3,6177.0,7,8.71,-2.86,15.19,94.15,28.76
2019-05-21,"Yangon, Myanmar",Yangon International Airport (VYYY),28.76,23.93,33.63,25.47,89.5,0.0,0,262.0,10.01,12.91,1011.44,275.0,7.3,7150.0,4,9.7,5.96,7.85,94.15,29.78
2019-05-22,"Yangon, Myanmar",Yangon International Airport (VYYY),29.78,26.42,34.42,26.26,89.1,11.14,0,232.0,10.46,11.49,1012.65,139.0,6.0,4172.0,8,8.0,1.21,18.99,68.7,30.15
2019-05-23,"Yangon, Myanmar",Yangon International Airport (VYYY),30.15,27.79,34.64,25.31,83.1,17.78,0,269.0,9.81,11.58,1006.64,417.0,5.6,5347.0,8,6.85,-6.01,28.92,86.48,30.2
2019-05-24,"Yangon, Myanmar",Yangon International Airport (VYYY),30.2,25.96,36.1,26.98,84.1,8.73,0,213.0,12.37,13.2,1005.93,158.0,7.6,5856.0,7,10.14,-0.71,37.64,52.84,28.9
2019-05-25,"Yangon, Myanmar",Yangon International Airport (VYYY),28.9,24.96,34.04,27.36,84.3,0.0,0,284.0,13.45,18.48,1007.7,277.0,5.6,7090.0,3,9.08,1.77,26.5,45.49,29.05
2019-05-26,"Yangon, Myanmar",Yangon International Airport (VYYY),29.05,25.18,33.62,26.38,82.6,0.0,0,296.0,9.08,9.4,1006.09,198.0,6.3,4374.0,4,8.44,-1.6,8.73,45.49,28.68
2019-05-27,"Yangon, Myanmar",Yangon International Airport (VYYY),28.68,25.55,33.19,26.83,73.0,0.0,0,208.0,8.35,15.06,1007.49,118.0,7.0,6809.0,4,7.64,1.4,0.0,37.64,28.56
2019-05-28,"Yangon, Myanmar",Yangon International Airport (VYYY),28.56,25.08,33.28,25.19,90.7,18.17,0,121.0,11.67,15.22,1010.29,218.0,7.6,3940.0,8,8.2,2.8,18.17,55.81,29.54
2019-05-29,"Yangon, Myanmar",Yangon International Airport (VYYY),29.54,25.46,33.88,26.84,83.8,0.17,0,268.0,11.18,14.64,1008.74,162.0,6.1,7054.0,7,8.42,-1.55,18.34,44.84,30.52
2019-05-30,"Yangon, Myanmar",Yangon International Airport (VYYY),30.52,25.31,35.47,26.83,86.8,9.39,0,201.0,8.69,9.45,1010.82,246.0,8.0,4238.0,7,10.16,2.08,27.73,36.45,26.85
2019-05-31,"Yangon, Myanmar",Yangon International Airport (VYYY),26.85,22.78,31.54,22.74,87.2,23.85,0,303.0,10.22,19.88,1010.37,291.0,6.5,4072.0,8,8.76,-0.45,33.41,51.58,30.15
2019-06-01,"Yangon, Myanmar",Yangon International Airport (VYYY),30.15,26.79,35.67,28.54,88.1,3.23,0,261.0,9.69,16.43,1011.99,179.0,6.7,6973.0,7,8.88,1.62,36.47,54.81,29.32
2019-06-02,"Yangon, Myanmar",Yangon International Airport (VYYY),29.32,25.45,33.29,27.22,89.9,22.25,0,247.0,10.51,12.44,1010.13,164.0,6.5,4207.0,8,7.85,-1.86,49.33,77.06,30.24
2019-06-03,"Yangon, Myanmar",Yangon International Airport (VYYY),30.24,26.44,35.69,26.9,78.1,0.0,0,312.0,10.7,13.5,1010.3,240.0,6.4,5833.0,4,9.25,0.18,25.49,77.06,31.41
2019-06-04,"Yangon, Myanmar",Yangon International Airport (VYYY),31.41,27.83,35.5,30.25,87.0,29.99,0,230.0,8.88,12.28,1008.03,43.0,8.0,2423.0,8,7.67,-2.27,52.24,88.88,30.77
2019-06-05,"Yangon, Myanmar",Yangon International Airport (VYYY),30.77,26.88,34.06,27.25,86.4,8.01,0,236.0,8.1,10.38,1008.55,69.0,8.0,4254.0,7,7.18,0.53,37.99,96.71,29.53
2019-06-06,"Yangon, Myanmar",Yangon International Airport (VYYY),29.53,26.01,34.32,26.37,86.5,0.0,0,255.0,6.54,9.4,1004.55,225.0,7.0,6673.0,4,8.31,-4.01,37.99,87.33,29.89
2019-06-07,"Yangon, Myanmar",Yangon International Airport (VYYY),29.89,26.36,35.05,26.21,90.1,2.81,0,,3.44,4.49,1009.66,204.0,5.7,6846.0,7,8.69,5.11,10.82,66.29,29.32
2019-06-08,"Yangon, Myanmar",Yangon International Airport (VYYY),29.32,25.4,33.75,26.51,88.8,7.37,0,230.0,5.58,6.26,1007.87,208.0,5.3,4200.0,7,8.34,-1.79,10.18,70.43,30.87
2019-06-09,"Yangon, Myanmar",Yangon International Airport (VYYY),30.87,28.01,34.73,27.58,86.8,0.0,0,305.0,7.4,15.75,1004.82,147.0,4.8,5634.0,3,6.72,-3.05,10.18,48.17,29.8
2019-06-10,"Yangon, Myanmar",Yangon International Airport (VYYY),29.8,25.9,35.31,27.29,82.5,0.0,0,307.0,5.17,8.75,1009.05,133.0,5.9,5724.0,3,9.4,4.23,7.37,48.17,29.49
2019-06-11,"Yangon, Myanmar",Yangon International Airport (VYYY),29.49,25.47,33.4,26.86,85.9,20.35,0,218.0,8.92,9.04,1006.9,186.0,6.2,3207.0,8,7.93,-2.15,20.35,38.54,30.37
2019-06-12,"Yangon, Myanmar",Yangon International Airport (VYYY),30.37,26.16,35.78,27.15,92.2,22.71,0,307.0,6.16,7.78,1008.15,174.0,6.6,3012.0,8,9.63,1.25,43.06,53.24,31.83
2019-06-13,"Yangon, Myanmar",Yangon International Airport (VYYY),31.83,27.65,37.36,27.86,83.5,7.15,0,240.0,6.2,13.99,1008.12,119.0,7.0,5325.0,7,9.72,-0.03,50.21,60.39,29.66
2019-06-14,"Yangon, Myanmar",Yangon International Airport (VYYY),29.66,26.95,34.29,25.83,81.7,0.0,0,190.0,7.91,11.04,1004.22,132.0,4.8,6326.0,3,7.33,-3.89,29.86,57.58,29.6
2019-06-15,"Yangon, Myanmar",Yangon International Airport (VYYY),29.6,26.44,34.86,26.25,83.1,7.11,0,285.0,13.57,15.12,1011.02,141.0,7.2,3933.0,7,8.43,6.8,14.26,57.32,30.91
2019-06-16,"Yangon, Myanmar",Yangon International Airport (VYYY),30.91,27.45,36.05,26.94,86.6,2.15,0,244.0,8.55,9.41,1008.52,148.0,6.0,4605.0,7,8.6,-2.5,9.26,59.47,30.01
2019-06-17,"Yangon, Myanmar",Yangon International Airport (VYYY),30.01,26.45,34.83,28.5,88.2,2.45,0,202.0,12.42,18.32,,55.0,7.7,5935.0,7,8.38,0.93,11.71,61.92,30.11
2019-06-18,"Yangon, Myanmar",Yangon International Airport (VYYY),30.11,25.72,34.06,27.37,83.5,5.07,0,236.0,9.61,12.12,1007.47,303.0,5.7,6090.0,7,8.35,-1.98,9.67,46.64,30.35
2019-06-19,"Yangon, Myanmar",Yangon International Airport (VYYY),30.35,26.85,35.26,27.46,86.1,19.77,0,330.0,9.87,16.44,1006.4,96.0,6.2,3484.0,8,8.41,-1.06,27.29,43.7,31.61
2019-06-20,"Yangon, Myanmar",Yangon International Airport (VYYY),31.61,27.28,37.3,28.48,85.6,14.27,0,169.0,8.71,11.62,1007.51,199.0,5.5,5008.0,8,10.02,1.11,39.11,50.82,30.37
2019-06-21,"Yangon, Myanmar",Yangon International Airport (VYYY),30.37,26.7,35.16,26.68,88.5,18.73,0,203.0,8.11,9.52,1006.88,194.0,7.9,2803.0,8,8.46,-0.63,52.77,69.55,29.39
2019-06-22,"Yangon, Myanmar",Yangon International Airport (VYYY),29.39,24.98,34.01,25.39,82.7,0.0,0,201.0,12.37,22.14,1006.37,177.0,6.9,6168.0,4,9.03,-0.51,33.0,62.44,32.3
2019-06-23,"Yangon, Myanmar",Yangon International Airport (VYYY),32.3,29.71,36.19,29.72,89.4,1.64,0,249.0,10.81,12.11,1007.11,178.0,7.9,6320.0,7,6.48,0.74,20.37,61.93,30.15
2019-06-24,"Yangon, Myanmar",Yangon International Airport (VYYY),30.15,25.93,34.28,27.68,89.8,1.12,0,234.0,3.27,9.93,1005.81,333.0,6.7,4736.0,7,8.36,-1.29,2.76,60.6,30.25
2019-06-25,"Yangon, Myanmar",Yangon International Airport (VYYY),30.25,24.79,35.43,27.57,84.9,25.83,0,316.0,7.56,12.75,1006.99,207.0,7.2,4359.0,8,10.64,1.18,28.59,81.36,30.09
2019-06-26,"Yangon, Myanmar",Yangon International Airport (VYYY),30.09,26.77,34.41,27.86,82.9,31.24,0,214.0,12.62,20.08,1006.35,142.0,6.0,2047.0,25,7.64,-0.64,58.19,92.83,28.27
2019-06-27,"Yangon, Myanmar",Yangon International Airport (VYYY),28.27,24.44,32.78,24.21,87.0,0.0,0,178.0,11.39,11.99,1006.76,138.0,4.1,5667.0,3,8.34,0.41,57.07,78.56,30.42
2019-06-28,"Yangon, Myanmar",Yangon International Airport (VYYY),30.42,26.03,35.95,27.0,88.9,28.85,0,262.0,7.03,10.81,1005.98,262.0,5.7,3737.0,8,9.92,-0.78,60.09,88.68,31.48
2019-06-29,"Yangon, Myanmar",Yangon International Airport (VYYY),31.48,28.88,36.43,28.33,88.6,4.66,0,263.0,10.27,16.74,1011.04,347.0,7.5,5456.0,7,7.55,5.06,33.51,93.34,30.45
2019-06-30,"Yangon, Myanmar",Yangon International Airport (VYYY),30.45,26.65,34.7,26.66,94.5,10.89,0,293.0,10.89,16.87,1010.69,321.0,8.0,4443.0,8,8.05,-0.35,44.4,102.59,29.96
2019-07-01,"Yangon, Myanmar",Yangon International Airport (VYYY),29.96,27.4,33.4,26.48,86.5,0.0,0,223.0,8.12,10.01,1005.66,132.0,7.0,7009.0,4,6.0,-5.03,15.55,101.47,29.16
2019-07-02,"Yangon, Myanmar",Yangon International Airport (VYYY),29.16,26.01,34.39,25.1,79.9,22.69,0,242.0,8.99,11.51,1008.7,271.0,8.0,3698.0,8,8.38,3.05,33.58,98.33,30.14
2019-07-03,"Yangon, Myanmar",Yangon International Airport (VYYY),30.14,26.81,33.77,26.67,87.0,27.34,0,289.0,9.11,10.75,1006.85,174.0,7.1,3925.0,8,6.96,-1.86,50.04,94.44,29.61
2019-07-04,"Yangon, Myanmar",Yangon International Airport (VYYY),29.61,25.92,35.4,25.98,86.1,0.0,0,214.0,8.72,10.19,1010.05,163.0,7.7,5382.0,4,9.47,3.2,50.04,94.44,30.15
2019-07-05,"Yangon, Myanmar",Yangon International Airport (VYYY),30.15,27.0,35.51,27.2,80.4,19.83,0,221.0,9.23,12.03,1008.85,205.0,5.8,2690.0,8,8.51,-1.2,47.18,85.42,29.33
2019-07-06,"Yangon, Myanmar",Yangon International Airport (VYYY),29.33,25.51,34.42,26.72,80.0,6.73,0,181.0,6.65,10.48,1004.46,265.0,7.5,4592.0,7,8.91,-4.39,26.57,87.49,29.35
2019-07-07,"Yangon, Myanmar",Yangon International Airport (VYYY),29.35,25.59,34.56,27.34,85.7,13.16,0,227.0,9.94,12.33,1007.1,229.0,8.0,6065.0,8,8.97,2.64,39.73,89.77,29.65
2019-07-08,"Yangon, Myanmar",Yangon International Airport (VYYY),29.65,25.94,34.4,26.49,75.0,0.0,0,259.0,10.58,11.39,1005.29,171.0,6.3,6570.0,4,8.46,-1.81,19.9,89.77,30.39
2019-07-09,"Yangon, Myanmar",Yangon International Airport (VYYY),30.39,26.31,34.74,26.78,90.2,11.32,0,215.0,5.83,7.83,,182.0,5.9,4124.0,8,8.43,3.61,24.48,78.39,31.37
2019-07-10,"Yangon, Myanmar",Yangon International Airport (VYYY),31.37,28.04,36.95,30.42,,18.5,0,218.0,10.73,11.8,1007.47,241.0,5.1,3657.0,8,8.9,-1.43,29.82,69.55,30.43
2019-07-11,"Yangon, Myanmar",Yangon International Airport (VYYY),30.43,27.58,35.38,27.75,89.2,6.76,0,134.0,11.18,14.32,1009.41,225.0,6.0,7777.0,7,7.79,1.94,36.58,76.31,30.36
2019-07-12,"Yangon, Myanmar",Yangon International Airport (VYYY),30.36,25.58,35.75,27.79,85.1,25.51,0,233.0,6.82,7.5,1001.68,196.0,4.4,3873.0,8,10.18,-7.73,50.77,81.99,31.62
2019-07-13,"Yangon, Myanmar",Yangon International Airport (VYYY),31.62,28.1,36.06,28.59,85.0,2.85,0,169.0,7.7,19.32,1010.55,225.0,7.2,8186.0,7,7.96,8.87,35.12,78.1,29.06
2019-07-14,"Yangon, Myanmar",Yangon International Airport (VYYY),29.06,26.38,33.5,27.07,79.3,6.61,0,170.0,9.26,10.42,1008.7,281.0,6.7,5672.0,7,7.13,-1.85,34.97,71.55,30.37
2019-07-15,"Yangon, Myanmar",Yangon International Airport (VYYY),30.37,26.49,36.04,29.26,81.2,19.78,0,213.0,10.24,14.49,1008.88,227.0,5.9,2208.0,8,9.55,0.18,29.23,91.33,29.24
2019-07-16,"Yangon, Myanmar",Yangon International Airport (VYYY),29.24,25.19,34.59,25.02,82.6,0.0,0,244.0,5.48,6.78,1005.3,110.0,6.9,6693.0,4,9.4,-3.58,26.39,80.01,31.1
2019-07-17,"Yangon, Myanmar",Yangon International Airport (VYYY),31.1,27.88,35.42,28.45,84.3,12.87,0,256.0,7.14,8.91,1007.33,267.0,5.8,5671.0,8,7.53,2.03,32.65,74.37,31.34
2019-07-18,"Yangon, Myanmar",Yangon International Airport (VYYY),31.34,27.78,36.7,26.97,82.7,12.5,0,227.0,7.9,11.33,1010.12,352.0,6.3,3014.0,8,8.92,2.78,25.36,80.11,29.16
2019-07-19,"Yangon, Myanmar",Yangon International Airport (VYYY),29.16,25.67,33.34,25.89,83.1,0.0,0,272.0,9.78,15.43,1007.32,286.0,7.6,8982.0,4,7.66,-2.79,25.36,54.6,30.29
2019-07-20,"Yangon, Myanmar",Yangon International Airport (VYYY),30.29,26.3,35.06,28.7,81.1,1.09,0,267.0,9.44,12.93,1010.06,225.0,4.1,5575.0,7,8.75,2.73,13.58,52.84,31.34
2019-07-21,"Yangon, Myanmar",Yangon International Airport (VYYY),31.34,27.26,36.99,27.1,80.1,4.56,0,195.0,6.82,8.05,1011.89,257.0,7.2,7337.0,7,9.74,1.83,5.65,50.79,30.42
2019-07-22,"Yangon, Myanmar",Yangon International Airport (VYYY),30.42,27.51,34.74,27.58,81.7,0.0,0,238.0,10.41,19.5,1006.76,267.0,3.9,6634.0,1,7.23,-5.13,5.65,31.01,30.69
2019-07-23,"Yangon, Myanmar",Yangon International Airport (VYYY),30.69,28.03,36.53,27.72,79.1,16.78,0,264.0,9.88,9.99,1001.46,357.0,6.7,4937.0,8,8.5,-5.3,21.34,47.79,28.94
2019-07-24,"Yangon, Myanmar",Yangon International Airport (VYYY),28.94,25.43,33.12,25.38,79.4,0.56,0,257.0,9.1,11.32,1007.91,284.0,8.0,5050.0,7,7.69,6.45,17.34,35.48,29.32
2019-07-25,"Yangon, Myanmar",Yangon International Airport (VYYY),29.32,24.72,33.99,25.85,79.9,18.42,0,230.0,8.01,10.93,1012.7,284.0,7.1,3262.0,8,9.28,4.79,35.75,41.4,28.86
2019-07-26,"Yangon, Myanmar",Yangon International Airport (VYYY),28.86,24.78,34.31,,84.8,0.0,0,351.0,7.0,15.33,1006.73,168.0,4.8,8387.0,3,9.53,-5.98,18.98,41.4,30.29
2019-07-27,"Yangon, Myanmar",Yangon International Airport (VYYY),30.29,26.67,35.07,27.19,82.9,0.0,0,314.0,,13.64,1010.27,233.0,6.1,8537.0,4,8.4,3.55,18.42,40.32,29.21
2019-07-28,"Yangon, Myanmar",Yangon International Airport (VYYY),29.21,24.71,34.6,26.36,79.9,,0,289.0,5.96,9.03,1011.27,340.0,6.2,5339.0,8,9.89,1.0,11.05,46.8,28.88
2019-07-29,"Yangon, Myanmar",Yangon International Airport (VYYY),28.88,24.85,34.56,24.87,73.1,14.92,0,292.0,8.8,11.53,1007.99,185.0,5.7,4666.0,8,9.71,-3.28,25.96,61.72,30.58
2019-07-30,"Yangon, Myanmar",Yangon International Airport (VYYY),30.58,26.7,35.28,27.45,85.3,0.0,0,239.0,8.73,9.12,1006.36,166.0,5.3,7764.0,3,8.58,-1.63,25.96,44.94,30.48
2019-07-31,"Yangon, Myanmar",Yangon International Airport (VYYY),30.48,26.31,35.51,27.52,73.7,13.55,0,178.0,7.2,11.01,1010.29,439.0,4.6,5987.0,8,9.2,3.93,28.47,57.93,29.48
2019-08-01,"Yangon, Myanmar",Yangon International Airport (VYYY),29.48,25.39,34.57,25.61,75.1,0.0,0,235.0,8.41,8.95,1008.56,341.0,5.2,5129.0,3,9.18,-1.72,13.55,39.52,29.18
2019-08-02,"Yangon, Myanmar",Yangon International Airport (VYYY),29.18,25.49,34.85,25.77,85.3,0.0,0,289.0,6.49,9.13,1010.46,220.0,5.9,7569.0,3,9.36,1.89,13.55,39.52,28.7
2019-08-03,"Yangon, Myanmar",Yangon International Airport (VYYY),28.7,25.0,33.73,25.79,79.5,8.34,0,244.0,6.36,9.92,1009.0,277.0,4.7,5031.0,7,8.73,-1.46,8.34,47.85,29.65
2019-08-04,"Yangon, Myanmar",Yangon International Airport (VYYY),29.65,26.04,33.8,24.36,79.8,0.0,0,170.0,8.91,11.42,1009.99,175.0,4.9,6630.0,3,7.77,0.99,8.34,36.8,29.21
2019-08-05,"Yangon, Myanmar",Yangon International Airport (VYYY),29.21,26.22,33.22,27.4,78.1,0.0,0,176.0,8.31,8.5,1008.31,176.0,2.6,6902.0,1,7.0,-1.68,8.34,21.89,29.68
2019-08-06,"Yangon, Myanmar",Yangon International Airport (VYYY),29.68,26.29,34.31,27.62,77.1,0.0,0,219.0,7.54,11.84,1009.42,335.0,3.2,6624.0,1,8.02,1.11,0.0,21.89,30.39
2019-08-07,"Yangon, Myanmar",Yangon International Airport (VYYY),30.39,27.29,33.82,27.27,80.8,0.0,0,245.0,7.02,9.87,1007.34,380.0,4.4,7522.0,3,6.53,-2.08,0.0,8.34,29.51
2019-08-08,"Yangon, Myanmar",Yangon International Airport (VYYY),29.51,24.16,33.85,27.04,78.8,0.0,0,259.0,10.23,12.48,1008.0,294.0,5.5,6752.0,3,9.69,0.66,0.0,8.34,30.47
2019-08-09,"Yangon, Myanmar",Yangon International Airport (VYYY),30.47,26.38,34.73,27.93,72.3,31.14,0,262.0,8.22,8.31,1005.51,306.0,3.1,5278.0,25,8.35,-2.49,31.14,39.48,29.86
2019-08-10,"Yangon, Myanmar",Yangon International Airport (VYYY),29.86,26.0,35.89,24.9,75.3,0.0,0,210.0,5.51,12.18,1008.56,79.0,3.8,6018.0,1,9.89,3.05,31.14,31.14,30.64
2019-08-11,"Yangon, Myanmar",Yangon International Airport (VYYY),30.64,27.43,35.43,28.28,79.8,0.0,0,346.0,6.28,15.59,1008.59,226.0,4.9,6858.0,3,8.0,0.03,31.14,31.14,29.97
2019-08-12,"Yangon, Myanmar",Yangon International Airport (VYYY),29.97,26.3,34.91,26.18,70.7,15.17,0,189.0,8.92,13.48,1012.44,367.0,4.0,6507.0,8,8.6,3.85,15.17,46.31,28.51
2019-08-13,"Yangon, Myanmar",Yangon International Airport (VYYY),28.51,25.36,32.17,25.99,82.9,28.49,0,298.0,7.29,10.05,1012.26,447.0,2.9,4940.0,8,6.8,-0.17,43.66,74.8,29.53
2019-08-14,"Yangon, Myanmar",Yangon International Airport (VYYY),29.53,25.83,33.82,28.19,77.9,,0,313.0,10.34,12.44,1007.77,362.0,5.2,8401.0,3,7.99,-4.5,43.66,74.8,31.24
2019-08-15,"Yangon, Myanmar",Yangon International Airport (VYYY),31.24,27.83,37.13,29.4,82.0,0.0,0,239.0,10.43,14.41,1012.55,294.0,4.1,6970.0,3,9.3,4.79,28.49,74.8,31.26
2019-08-16,"Yangon, Myanmar",Yangon International Airport (VYYY),31.26,27.75,36.08,26.8,76.4,0.0,0,243.0,7.21,7.67,1005.7,402.0,4.5,7560.0,3,8.33,-6.85,0.0,43.66,27.43
2019-08-17,"Yangon, Myanmar",Yangon International Airport (VYYY),27.43,22.81,33.32,23.97,73.1,0.0,0,253.0,,6.62,1006.98,339.0,2.4,7281.0,1,10.51,1.28,0.0,43.66,29.85
2019-08-18,"Yangon, Myanmar",Yangon International Airport (VYYY),29.85,26.24,34.57,27.64,71.5,1.62,0,254.0,8.05,13.64,1005.06,335.0,3.1,7330.0,7,8.33,-1.91,1.62,45.27,28.27
2019-08-19,"Yangon, Myanmar",Yangon International Airport (VYYY),28.27,25.06,33.77,24.67,72.9,0.0,0,244.0,8.4,11.44,1006.74,320.0,,8103.0,1,8.71,1.68,1.62,30.11,28.99
2019-08-20,"Yangon, Myanmar",Yangon International Airport (VYYY),28.99,24.72,33.52,27.94,80.8,0.0,0,224.0,8.98,10.75,1010.84,413.0,5.0,9840.0,3,8.8,4.1,1.62,1.62,29.24
2019-08-21,"Yangon, Myanmar",Yangon International Airport (VYYY),29.24,25.16,32.9,24.84,87.7,18.63,0,288.0,6.79,8.64,1008.73,388.0,2.0,5642.0,8,7.74,-2.12,18.63,20.24,30.41
2019-08-22,"Yangon, Myanmar",Yangon International Airport (VYYY),30.41,25.86,35.11,27.3,78.4,0.0,0,225.0,7.8,17.15,1005.63,325.0,3.5,7697.0,1,9.24,-3.1,18.63,20.24,29.68
2019-08-23,"Yangon, Myanmar",Yangon International Airport (VYYY),29.68,26.72,34.36,27.11,75.9,14.66,0,223.0,4.72,16.34,1007.01,649.0,5.7,5538.0,8,7.64,1.38,33.29,34.9,27.85
2019-08-24,"Yangon, Myanmar",Yangon International Airport (VYYY),27.85,23.97,32.35,26.04,73.9,13.06,0,163.0,8.68,9.0,1009.17,450.0,3.4,5863.0,8,8.38,2.15,27.72,47.97,29.26
2019-08-25,"Yangon, Myanmar",Yangon International Airport (VYYY),29.26,26.53,34.08,25.38,76.9,0.0,0,235.0,8.08,9.84,1007.56,476.0,4.2,9005.0,3,7.55,-1.61,27.72,46.35,30.16
2019-08-26,"Yangon, Myanmar",Yangon International Airport (VYYY),30.16,26.35,34.81,26.25,75.4,0.0,0,245.0,10.21,18.17,1011.02,,4.0,8441.0,3,8.47,3.46,13.06,46.35,29.34
2019-08-27,"Yangon, Myanmar",Yangon International Airport (VYYY),29.34,25.42,32.81,29.21,67.5,8.83,0,136.0,5.82,8.33,1010.66,413.0,1.8,7704.0,7,7.39,-0.35,8.83,55.18,30.33
2019-08-28,"Yangon, Myanmar",Yangon International Airport (VYYY),30.33,25.55,33.86,27.51,81.6,0.0,0,202.0,7.81,9.01,1010.81,261.0,4.7,7960.0,3,8.31,0.15,8.83,36.56,30.36
2019-08-29,"Yangon, Myanmar",Yangon International Airport (VYYY),30.36,25.55,35.34,27.61,78.3,0.0,0,208.0,11.2,12.06,1004.78,332.0,5.0,10188.0,3,9.79,-6.02,8.83,36.56,29.04
2019-08-30,"Yangon, Myanmar",Yangon International Airport (VYYY),29.04,23.8,33.97,24.14,78.1,0.0,0,162.0,10.09,12.18,1005.03,452.0,2.1,8613.0,1,10.17,0.24,0.0,21.9,28.2
2019-08-31,"Yangon, Myanmar",Yangon International Airport (VYYY),28.2,24.6,33.11,27.31,73.0,1.45,0,220.0,7.23,14.3,1008.07,364.0,5.0,9167.0,7,8.51,3.05,1.45,10.29,29.82
2019-09-01,"Yangon, Myanmar",Yangon International Airport (VYYY),29.82,25.72,34.06,27.17,71.2,0.0,0,272.0,2.12,5.75,1011.1,435.0,3.7,8335.0,1,8.34,3.03,1.45,10.29,29.41
2019-09-02,"Yangon, Myanmar",Yangon International Airport (VYYY),29.41,24.71,34.15,27.27,71.2,0.0,0,127.0,6.97,9.24,1009.1,251.0,2.1,9227.0,1,9.43,-2.01,1.45,10.29,29.63
2019-09-03,"Yangon, Myanmar",Yangon International Airport (VYYY),29.63,25.86,34.53,27.77,72.2,0.0,0,195.0,8.12,16.7,1008.93,327.0,3.8,9208.0,1,8.66,-0.17,0.0,1.45,29.72
2019-09-04,"Yangon, Myanmar",Yangon International Airport (VYYY),29.72,25.68,34.12,26.11,79.5,0.0,0,158.0,8.57,9.91,1008.46,319.0,2.5,9037.0,1,8.44,-0.47,0.0,1.45,30.1
2019-09-05,"Yangon, Myanmar",Yangon International Airport (VYYY),30.1,26.49,34.55,28.02,70.8,0.0,0,200.0,8.25,8.48,1008.93,389.0,3.6,9233.0,1,8.06,0.46,0.0,1.45,29.98
2019-09-06,"Yangon, Myanmar",Yangon International Airport (VYYY),29.98,26.22,34.86,26.61,75.7,0.0,0,142.0,7.25,7.95,1009.07,437.0,1.8,9207.0,1,8.64,0.15,0.0,1.45,29.22
2019-09-07,"Yangon, Myanmar",Yangon International Airport (VYYY),29.22,25.44,34.31,25.87,68.2,0.0,0,243.0,7.39,10.61,1009.46,379.0,0.8,9748.0,1,8.86,0.38,0.0,0.0,29.24
2019-09-08,"Yangon, Myanmar",Yangon International Airport (VYYY),29.24,25.95,34.77,25.97,74.8,0.0,0,179.0,9.02,10.84,1005.71,410.0,2.7,8429.0,1,8.82,-3.75,0.0,0.0,28.28
2019-09-09,"Yangon, Myanmar",Yangon International Airport (VYYY),28.28,24.08,32.57,24.44,73.9,0.0,0,217.0,3.78,5.98,1007.61,397.0,1.0,9133.0,1,8.49,1.91,0.0,0.0,29.71
2019-09-10,"Yangon, Myanmar",Yangon International Airport (VYYY),29.71,25.93,34.58,26.89,71.6,0.0,0,224.0,7.1,7.6,1008.81,465.0,3.9,9176.0,1,8.65,1.2,0.0,0.0,28.73
2019-09-11,"Yangon, Myanmar",Yangon International Airport (VYYY),28.73,25.21,32.42,25.74,65.1,0.0,0,279.0,8.75,13.52,1011.39,405.0,3.6,9999.0,1,7.21,2.58,0.0,0.0,28.3
2019-09-12,"Yangon, Myanmar",Yangon International Airport (VYYY),28.3,24.53,33.58,24.44,73.3,0.0,0,203.0,5.7,9.78,,453.0,4.3,11071.0,3,9.05,-6.76,0.0,0.0,28.82
2019-09-13,"Yangon, Myanmar",Yangon International Airport (VYYY),28.82,25.27,31.76,23.72,68.7,0.0,0,257.0,7.91,20.85,1013.24,544.0,2.6,8535.0,1,6.49,8.61,0.0,0.0,29.95
2019-09-14,"Yangon, Myanmar",Yangon International Airport (VYYY),29.95,25.5,34.12,25.52,85.8,0.0,0,254.0,11.63,13.51,1008.44,330.0,2.9,9024.0,1,8.62,-4.8,0.0,0.0,29.39
2019-09-15,"Yangon, Myanmar",Yangon International Airport (VYYY),29.39,26.53,33.98,26.6,74.3,0.0,0,237.0,10.68,13.74,1009.86,417.0,3.5,9870.0,1,7.45,1.42,0.0,0.0,29.84
2019-09-16,"Yangon, Myanmar",Yangon International Airport (VYYY),29.84,25.05,34.95,26.15,68.6,0.0,0,164.0,5.0,5.51,1008.44,653.0,2.5,9810.0,1,9.9,-1.42,0.0,0.0,27.82
2019-09-17,"Yangon, Myanmar",Yangon International Airport (VYYY),27.82,24.38,32.96,25.86,76.3,0.0,0,232.0,7.45,11.27,1011.14,500.0,1.4,10717.0,1,8.58,2.7,0.0,0.0,28.18
2019-09-18,"Yangon, Myanmar",Yangon International Airport (VYYY),28.18,24.7,33.42,25.65,71.4,0.0,0,176.0,11.38,14.45,1010.46,480.0,2.0,8948.0,1,8.72,-0.68,0.0,0.0,29.54
2019-09-19,"Yangon, Myanmar",Yangon International Airport (VYYY),29.54,25.75,33.43,27.36,67.3,0.0,0,192.0,8.78,11.0,1008.82,553.0,0.9,8398.0,1,7.68,-1.64,0.0,0.0,27.66
2019-09-20,"Yangon, Myanmar",Yangon International Airport (VYYY),27.66,23.87,32.27,23.98,66.4,0.0,0,190.0,6.84,10.04,1005.47,640.0,2.2,10556.0,1,8.4,-3.35,0.0,0.0,30.48
2019-09-21,"Yangon, Myanmar",Yangon International Airport (VYYY),30.48,26.19,36.1,27.75,63.9,0.0,0,243.0,7.69,9.46,1005.64,628.0,4.1,9839.0,3,9.9,0.17,0.0,0.0,29.45
2019-09-22,"Yangon, Myanmar",Yangon International Airport (VYYY),29.45,25.66,33.09,25.27,79.7,0.0,0,174.0,9.79,,1011.81,332.0,0.7,10299.0,1,7.44,6.17,0.0,0.0,27.63
2019-09-23,"Yangon, Myanmar",Yangon International Airport (VYYY),27.63,24.79,32.12,24.82,67.9,0.0,0,223.0,3.87,8.26,1008.86,480.0,4.5,11778.0,3,7.33,-2.95,0.0,0.0,28.36
2019-09-24,"Yangon, Myanmar",Yangon International Airport (VYYY),28.36,24.72,33.32,27.24,75.8,0.0,0,264.0,8.59,9.79,1009.48,489.0,1.3,9650.0,1,8.6,0.62,0.0,0.0,27.04
2019-09-25,"Yangon, Myanmar",Yangon International Airport (VYYY),27.04,23.54,31.83,22.87,74.9,1.24,0,165.0,9.09,11.99,1008.56,402.0,2.6,8332.0,7,8.29,-0.92,1.24,1.24,27.95
2019-09-26,"Yangon, Myanmar",Yangon International Airport (VYYY),27.95,24.23,33.37,25.01,66.2,0.0,0,187.0,10.31,16.94,1009.02,460.0,1.6,10355.0,1,9.14,0.46,1.24,1.24,27.44
2019-09-27,"Yangon, Myanmar",Yangon International Airport (VYYY),27.44,23.39,31.64,25.9,68.5,0.0,0,138.0,8.58,,1013.78,339.0,1.4,10816.0,1,8.25,4.76,1.24,1.24,27.6
2019-09-28,"Yangon, Myanmar",Yangon International Airport (VYYY),27.6,24.33,33.01,22.27,66.1,0.0,0,190.0,6.93,8.43,1011.9,571.0,2.4,9269.0,1,8.67,-1.88,0.0,1.24,28.43
2019-09-29,"Yangon, Myanmar",Yangon International Airport (VYYY),28.43,24.52,33.04,26.61,70.2,0.0,0,167.0,7.83,8.67,1006.29,440.0,2.6,9819.0,1,8.52,-5.61,0.0,1.24,27.85
2019-09-30,"Yangon, Myanmar",Yangon International Airport (VYYY),27.85,23.66,31.84,24.02,71.0,0.0,0,186.0,8.83,13.03,1007.48,294.0,1.1,9380.0,1,8.17,1.18,0.0,1.24,27.7
2019-10-01,"Yangon, Myanmar",Yangon International Airport (VYYY),27.7,23.26,32.29,24.66,63.0,0.0,0,165.0,6.29,6.54,1007.3,361.0,3.2,9771.0,1,9.03,-0.18,0.0,1.24,27.24
2019-10-02,"Yangon, Myanmar",Yangon International Airport (VYYY),27.24,23.88,31.89,24.82,65.0,0.0,0,230.0,8.15,10.5,1011.09,610.0,2.9,11497.0,1,8.02,3.79,0.0,0.0,28.71
2019-10-03,"Yangon, Myanmar",Yangon International Airport (VYYY),28.71,24.3,33.06,24.64,75.8,0.0,0,238.0,5.06,10.51,1010.82,469.0,2.5,9889.0,1,8.76,-0.26,0.0,0.0,26.6
2019-10-04,"Yangon, Myanmar",Yangon International Airport (VYYY),26.6,23.03,31.97,23.57,63.3,0.0,0,205.0,13.71,15.53,1008.75,393.0,5.1,9911.0,3,8.95,-2.08,0.0,0.0,28.98
2019-10-05,"Yangon, Myanmar",Yangon International Airport (VYYY),28.98,24.99,32.54,25.44,68.4,0.0,0,158.0,8.77,10.79,1013.51,536.0,1.7,9649.0,1,7.55,4.76,0.0,0.0,26.6
2019-10-06,"Yangon, Myanmar",Yangon International Airport (VYYY),26.6,22.16,32.22,23.17,66.6,0.0,0,147.0,5.3,5.53,1008.83,518.0,2.0,10438.0,1,10.06,-4.68,0.0,0.0,27.16
2019-10-07,"Yangon, Myanmar",Yangon International Airport (VYYY),27.16,22.69,32.55,24.53,74.5,0.0,0,,7.83,8.25,1007.33,519.0,1.4,9637.0,1,9.85,-1.5,0.0,0.0,28.29
2019-10-08,"Yangon, Myanmar",Yangon International Airport (VYYY),28.29,24.17,33.0,25.33,77.5,0.0,0,221.0,5.15,7.12,1010.7,454.0,1.0,,1,8.83,3.37,0.0,0.0,27.18
2019-10-09,"Yangon, Myanmar",Yangon International Airport (VYYY),27.18,23.07,32.36,23.84,67.4,0.0,0,212.0,10.18,11.55,1014.04,440.0,2.9,10381.0,1,9.29,3.34,0.0,0.0,28.39
2019-10-10,"Yangon, Myanmar",Yangon International Airport (VYYY),28.39,25.02,32.81,25.37,74.3,0.0,0,147.0,7.89,15.63,1011.1,467.0,2.7,9586.0,1,7.79,-2.94,0.0,0.0,27.31
2019-10-11,"Yangon, Myanmar",Yangon International Airport (VYYY),27.31,23.81,32.19,24.68,73.4,0.0,0,252.0,6.93,10.5,1012.61,373.0,2.0,10802.0,1,8.38,1.52,0.0,0.0,27.9
2019-10-12,"Yangon, Myanmar",Yangon International Airport (VYYY),27.9,24.06,31.54,24.29,74.2,0.0,0,157.0,6.49,8.97,1012.38,548.0,3.7,10961.0,1,7.48,-0.23,0.0,0.0,28.45
2019-10-13,"Yangon, Myanmar",Yangon International Airport (VYYY),28.45,24.82,32.65,26.51,77.3,0.0,0,214.0,6.25,9.18,1009.36,402.0,1.6,9536.0,1,7.83,-3.02,0.0,0.0,26.92
2019-10-14,"Yangon, Myanmar",Yangon International Airport (VYYY),26.92,22.41,32.08,24.05,74.6,0.0,0,238.0,2.54,4.31,1010.79,500.0,2.0,9139.0,1,9.67,1.42,0.0,0.0,27.19
2019-10-15,"Yangon, Myanmar",Yangon International Airport (VYYY),27.19,23.37,32.29,24.25,77.5,0.0,0,328.0,7.91,17.43,1010.28,421.0,0.9,9050.0,1,8.92,-0.5,0.0,0.0,26.44
2019-10-16,"Yangon, Myanmar",Yangon International Airport (VYYY),26.44,22.15,30.82,24.36,74.5,0.0,0,186.0,9.79,12.51,1010.95,475.0,1.2,9817.0,1,8.67,0.67,0.0,0.0,25.82
2019-10-17,"Yangon, Myanmar",Yangon International Airport (VYYY),25.82,22.56,30.31,23.39,78.3,0.0,0,286.0,3.68,11.81,1010.79,445.0,3.0,9547.0,1,7.76,-0.16,0.0,0.0,27.19
2019-10-18,"Yangon, Myanmar",Yangon International Airport (VYYY),27.19,22.73,31.14,23.53,67.8,0.0,0,205.0,6.5,7.73,1015.39,334.0,2.9,9509.0,1,8.42,4.59,0.0,0.0,25.71
2019-10-19,"Yangon, Myanmar",Yangon International Airport (VYYY),25.71,21.83,30.76,23.44,74.7,0.0,0,224.0,7.01,7.49,1008.99,397.0,0.7,10560.0,1,8.93,-6.4,0.0,0.0,25.65
2019-10-20,"Yangon, Myanmar",Yangon International Airport (VYYY),25.65,22.08,31.22,22.22,70.9,46.97,0,202.0,5.85,8.71,1008.77,483.0,3.1,3386.0,25,9.15,-0.22,46.97,46.97,27.41
2019-10-21,"Yangon, Myanmar",Yangon International Airport (VYYY),27.41,23.98,32.64,22.88,66.8,0.0,0,192.0,4.67,7.66,1008.14,532.0,2.0,11313.0,1,8.66,-0.63,46.97,46.97,28.59
2019-10-22,"Yangon, Myanmar",Yangon International Airport (VYYY),28.59,24.95,32.48,25.9,82.5,0.0,0,175.0,6.06,6.09,1011.12,417.0,0.2,9581.0,1,7.53,2.98,46.97,46.97,27.2
2019-10-23,"Yangon, Myanmar",Yangon International Airport (VYYY),27.2,23.02,31.33,25.11,68.6,0.0,0,177.0,6.88,8.78,1012.58,461.0,1.2,10690.0,1,8.31,1.46,0.0,46.97,27.11
2019-10-24,"Yangon, Myanmar",Yangon International Airport (VYYY),27.11,23.08,32.22,24.55,72.4,0.0,0,169.0,5.65,9.44,1010.46,518.0,2.9,10232.0,1,9.14,-2.12,0.0,46.97,28.42
2019-10-25,"Yangon, Myanmar",Yangon International Airport (VYYY),28.42,24.61,33.7,24.46,72.9,0.0,0,225.0,8.77,9.11,1008.76,463.0,3.5,10061.0,1,9.1,-1.7,0.0,46.97,25.82
2019-10-26,"Yangon, Myanmar",Yangon International Airport (VYYY),25.82,22.54,30.72,23.27,68.4,0.0,0,250.0,10.4,,1007.23,456.0,3.0,9045.0,1,8.18,-1.53,0.0,46.97,28.33
2019-10-27,"Yangon, Myanmar",Yangon International Airport (VYYY),28.33,24.79,32.85,25.99,90.7,0.0,0,192.0,8.48,11.11,1011.45,575.0,1.6,10508.0,1,8.06,4.22,0.0,0.0,25.94
2019-10-28,"Yangon, Myanmar",Yangon International Airport (VYYY),25.94,21.74,30.18,23.51,79.4,0.0,0,209.0,8.26,12.86,1012.61,367.0,2.9,10305.0,1,8.44,1.16,0.0,0.0,28.22
2019-10-29,"Yangon, Myanmar",Yangon International Airport (VYYY),28.22,23.79,32.65,24.88,76.5,0.0,0,143.0,10.22,11.07,1007.66,,0.4,10505.0,1,8.86,-4.95,0.0,0.0,26.5
2019-10-30,"Yangon, Myanmar",Yangon International Airport (VYYY),26.5,23.06,31.03,23.63,84.5,0.0,0,286.0,4.87,8.94,1010.69,431.0,4.0,8723.0,1,7.97,3.03,0.0,0.0,26.93
2019-10-31,"Yangon, Myanmar",Yangon International Airport (VYYY),26.93,22.87,31.76,22.67,76.4,0.0,0,253.0,5.79,9.99,1009.98,473.0,2.4,9513.0,1,8.89,-0.72,0.0,0.0,27.47
2019-11-01,"Yangon, Myanmar",Yangon International Airport (VYYY),27.47,23.08,33.32,24.39,77.0,0.0,0,183.0,8.42,11.77,1012.35,503.0,0.9,11158.0,1,10.24,2.38,0.0,0.0,27.24
2019-11-02,"Yangon, Myanmar",Yangon International Airport (VYYY),27.24,23.43,31.93,23.85,80.2,0.0,0,231.0,4.91,6.93,1011.51,415.0,2.6,9519.0,1,8.5,-0.84,0.0,0.0,26.9
2019-11-03,"Yangon, Myanmar",Yangon International Airport (VYYY),26.9,24.03,31.74,23.55,73.3,0.0,0,200.0,5.18,,1013.96,502.0,1.9,10914.0,1,7.71,2.45,0.0,0.0,26.91
2019-11-04,"Yangon, Myanmar",Yangon International Airport (VYYY),26.91,23.12,31.89,23.36,87.4,0.0,0,241.0,11.33,15.95,1007.31,553.0,4.0,10501.0,3,8.77,-6.65,0.0,0.0,26.67
2019-11-05,"Yangon, Myanmar",Yangon International Airport (VYYY),26.67,22.74,30.74,23.68,72.8,0.0,0,182.0,7.48,8.98,1012.22,470.0,4.7,9069.0,3,8.0,4.92,0.0,0.0,27.58
2019-11-06,"Yangon, Myanmar",Yangon International Airport (VYYY),27.58,24.6,31.56,24.11,76.2,24.96,0,183.0,7.31,8.05,1012.27,512.0,0.7,7949.0,8,6.96,0.04,24.96,24.96,27.49
2019-11-07,"Yangon, Myanmar",Yangon International Airport (VYYY),27.49,23.49,31.27,24.74,71.5,0.0,0,145.0,11.45,12.13,1013.58,586.0,1.9,9394.0,1,7.78,1.32,24.96,24.96,24.43
2019-11-08,"Yangon, Myanmar",Yangon International Airport (VYYY),24.43,21.51,29.2,23.03,80.5,0.0,0,152.0,9.65,9.89,1011.23,577.0,4.9,9952.0,3,7.69,-2.35,24.96,24.96,26.69
2019-11-09,"Yangon, Myanmar",Yangon International Airport (VYYY),26.69,23.93,31.16,23.58,79.5,0.0,0,171.0,7.6,15.91,1014.21,430.0,1.1,11601.0,1,7.23,2.98,0.0,24.96,28.2
2019-11-10,"Yangon, Myanmar",Yangon International Airport (VYYY),28.2,24.76,33.45,27.1,78.2,0.0,0,107.0,6.37,12.93,1010.79,545.0,1.2,9846.0,1,8.68,-3.42,0.0,24.96,24.66
2019-11-11,"Yangon, Myanmar",Yangon International Airport (VYYY),24.66,21.52,30.14,21.79,69.4,0.0,0,251.0,8.1,9.89,1009.89,443.0,2.4,10559.0,1,8.61,-0.9,0.0,24.96,24.1
2019-11-12,"Yangon, Myanmar",Yangon International Airport (VYYY),24.1,21.39,29.0,20.31,81.2,0.0,0,219.0,6.04,6.74,1010.26,412.0,2.7,9019.0,1,7.61,0.37,0.0,24.96,27.73
2019-11-13,"Yangon, Myanmar",Yangon International Airport (VYYY),27.73,22.84,32.44,23.42,,0.0,0,138.0,8.69,8.72,1010.56,526.0,2.0,11405.0,1,9.6,0.3,0.0,0.0,25.28
2019-11-14,"Yangon, Myanmar",Yangon International Airport (VYYY),25.28,20.66,29.44,21.95,81.2,0.0,0,252.0,8.66,11.79,1009.53,449.0,2.5,9786.0,1,8.78,-1.03,0.0,0.0,26.15
2019-11-15,"Yangon, Myanmar",Yangon International Airport (VYYY),26.15,21.17,31.14,23.65,74.9,0.0,0,,6.51,10.69,1012.93,492.0,0.9,11255.0,1,9.98,3.4,0.0,0.0,26.28
2019-11-16,"Yangon, Myanmar",Yangon International Airport (VYYY),26.28,23.04,30.46,24.67,63.0,0.0,0,235.0,7.39,8.64,1009.84,488.0,1.8,11305.0,1,7.42,-3.09,0.0,0.0,24.49
2019-11-17,"Yangon, Myanmar",Yangon International Airport (VYYY),24.49,19.88,28.82,22.57,81.3,46.1,0,174.0,7.62,8.38,1012.29,432.0,3.0,5199.0,25,8.94,2.46,46.1,46.1,24.48
2019-11-18,"Yangon, Myanmar",Yangon International Airport (VYYY),24.48,21.01,30.21,19.85,80.5,0.0,0,114.0,3.08,4.5,1010.89,470.0,3.9,10134.0,1,9.2,-1.41,46.1,46.1,23.73
2019-11-19,"Yangon, Myanmar",Yangon International Airport (VYYY),23.73,20.58,28.32,21.22,85.0,0.0,0,168.0,6.95,7.66,1013.53,504.0,4.3,10017.0,3,7.74,2.64,46.1,46.1,25.7
2019-11-20,"Yangon, Myanmar",Yangon International Airport (VYYY),25.7,22.14,30.95,23.85,74.3,0.0,0,205.0,6.54,11.24,1015.25,522.0,0.3,11558.0,1,8.82,1.72,0.0,46.1,25.48
2019-11-21,"Yangon, Myanmar",Yangon International Airport (VYYY),25.48,22.3,29.96,24.76,69.1,0.0,0,182.0,8.61,9.49,1013.55,449.0,2.7,8857.0,1,7.66,-1.7,0.0,46.1,24.26
2019-11-22,"Yangon, Myanmar",Yangon International Airport (VYYY),24.26,19.9,27.27,20.49,83.0,0.0,0,202.0,6.22,7.34,1009.51,424.0,1.4,10021.0,1,7.37,-4.04,0.0,46.1,25.93
2019-11-23,"Yangon, Myanmar",Yangon International Airport (VYYY),25.93,22.64,31.58,24.91,84.0,0.0,0,257.0,8.2,11.48,1009.61,443.0,4.2,10317.0,3,8.93,0.1,0.0,46.1,25.81
2019-11-24,"Yangon, Myanmar",Yangon International Airport (VYYY),25.81,21.45,30.41,21.6,85.8,0.0,0,220.0,6.77,6.96,1010.38,528.0,4.5,10502.0,3,8.97,0.77,0.0,0.0,24.68
2019-11-25,"Yangon, Myanmar",Yangon International Airport (VYYY),24.68,21.46,30.27,22.07,82.8,0.0,0,145.0,5.94,8.35,1010.9,527.0,1.8,11512.0,1,8.81,0.52,0.0,0.0,25.54
2019-11-26,"Yangon, Myanmar",Yangon International Airport (VYYY),25.54,22.46,29.35,22.11,68.5,0.0,0,253.0,9.17,15.11,1009.21,557.0,1.3,10446.0,1,6.88,-1.68,0.0,0.0,24.54
2019-11-27,"Yangon, Myanmar",Yangon International Airport (VYYY),24.54,21.2,29.13,21.06,79.5,0.0,0,225.0,10.25,11.11,1012.21,381.0,0.5,9414.0,1,7.92,3.0,0.0,0.0,26.91
2019-11-28,"Yangon, Myanmar",Yangon International Airport (VYYY),26.91,23.24,32.13,23.81,82.8,0.0,0,221.0,9.78,12.86,1010.26,332.0,1.6,10408.0,1,8.89,-1.95,0.0,0.0,25.35
2019-11-29,"Yangon, Myanmar",Yangon International Airport (VYYY),25.35,22.12,30.86,23.91,84.1,0.0,0,189.0,8.44,11.3,1017.39,557.0,1.0,11873.0,1,8.74,7.13,0.0,0.0,23.77
2019-11-30,"Yangon, Myanmar",Yangon International Airport (VYYY),23.77,20.07,27.81,21.02,84.1,0.0,0,236.0,8.62,14.8,1010.05,430.0,2.6,10288.0,1,7.74,-7.33,0.0,0.0,24.96
2019-12-01,"Yangon, Myanmar",Yangon International Airport (VYYY),24.96,21.68,29.52,22.49,79.4,0.0,0,306.0,6.49,10.72,1009.85,495.0,1.4,11338.0,1,7.84,-0.21,0.0,0.0,25.22
2019-12-02,"Yangon, Myanmar",Yangon International Airport (VYYY),25.22,21.2,31.01,23.1,77.8,0.0,0,188.0,5.6,6.78,1011.38,566.0,1.6,10231.0,1,9.81,1.54,0.0,0.0,24.84
2019-12-03,"Yangon, Myanmar",Yangon International Airport (VYYY),24.84,21.06,28.42,21.76,75.7,0.0,0,227.0,9.2,9.24,1013.04,392.0,3.1,10885.0,1,7.36,1.65,0.0,0.0,24.62
2019-12-04,"Yangon, Myanmar",Yangon International Airport (VYYY),24.62,21.17,28.57,22.56,77.9,0.0,0,221.0,3.41,4.04,1014.49,363.0,1.2,8060.0,1,7.4,1.45,0.0,0.0,27.84
2019-12-05,"Yangon, Myanmar",Yangon International Airport (VYYY),27.84,24.18,32.34,23.93,76.1,0.0,0,281.0,9.44,16.89,1012.33,548.0,1.3,11190.0,1,8.16,-2.15,0.0,0.0,24.75
2019-12-06,"Yangon, Myanmar",Yangon International Airport (VYYY),24.75,20.7,29.51,20.79,75.6,0.0,0,277.0,8.69,9.67,1009.59,428.0,1.3,10262.0,1,8.8,-2.74,0.0,0.0,24.46
2019-12-07,"Yangon, Myanmar",Yangon International Airport (VYYY),24.46,20.64,30.33,20.23,81.5,0.0,0,125.0,3.56,9.23,1012.19,600.0,2.5,9382.0,1,9.7,2.59,0.0,0.0,24.41
2019-12-08,"Yangon, Myanmar",Yangon International Airport (VYYY),24.41,20.97,29.19,20.33,74.4,0.0,0,188.0,8.45,9.9,1014.21,409.0,3.2,9018.0,1,8.22,2.03,0.0,0.0,23.23
2019-12-09,"Yangon, Myanmar",Yangon International Airport (VYYY),23.23,20.08,27.57,21.07,80.0,15.43,0,181.0,9.95,11.95,1012.35,464.0,0.5,9153.0,8,7.49,-1.86,15.43,15.43,24.48
2019-12-10,"Yangon, Myanmar",Yangon International Airport (VYYY),24.48,20.03,29.52,22.57,84.4,0.0,0,225.0,8.64,18.09,1011.37,569.0,2.0,10111.0,1,9.49,-0.98,15.43,15.43,25.24
2019-12-11,"Yangon, Myanmar",Yangon International Airport (VYYY),25.24,21.08,30.51,22.86,85.5,0.0,0,322.0,9.83,10.72,1011.75,471.0,1.6,9484.0,1,9.43,0.37,15.43,15.43,24.04
2019-12-12,"Yangon, Myanmar",Yangon International Airport (VYYY),24.04,19.15,29.97,20.7,73.1,0.0,0,257.0,7.67,10.14,1013.79,484.0,1.1,10854.0,1,10.83,2.05,0.0,15.43,23.72
2019-12-13,"Yangon, Myanmar",Yangon International Airport (VYYY),23.72,19.54,28.05,18.68,69.6,0.0,0,217.0,9.41,10.34,1011.36,373.0,3.9,10279.0,1,8.5,-2.43,0.0,15.43,24.49
2019-12-14,"Yangon, Myanmar",Yangon International Airport (VYYY),24.49,20.16,30.3,21.37,80.8,0.0,0,98.0,7.99,9.21,1012.37,548.0,4.1,9254.0,3,10.14,1.01,0.0,15.43,25.38
2019-12-15,"Yangon, Myanmar",Yangon International Airport (VYYY),25.38,21.24,30.25,22.72,80.7,0.0,0,183.0,9.19,10.59,1012.29,430.0,1.8,7414.0,1,9.01,-0.08,0.0,15.43,24.2
2019-12-16,"Yangon, Myanmar",Yangon International Airport (VYYY),24.2,20.86,28.35,20.42,83.9,0.0,0,262.0,6.7,10.25,1013.96,411.0,4.7,9864.0,3,7.5,1.67,0.0,0.0,26.12
2019-12-17,"Yangon, Myanmar",Yangon International Airport (VYYY),26.12,21.13,31.69,22.1,72.1,17.1,0,227.0,7.72,12.82,1013.48,450.0,1.9,8282.0,8,10.56,-0.48,17.1,17.1,24.34
2019-12-18,"Yangon, Myanmar",Yangon International Airport (VYYY),24.34,19.94,29.09,22.16,84.4,0.0,0,246.0,2.92,4.23,1012.17,396.0,3.4,10436.0,1,9.15,-1.31,17.1,17.1,24.75
2019-12-19,"Yangon, Myanmar",Yangon International Airport (VYYY),24.75,21.04,29.72,22.04,77.3,0.0,0,203.0,9.28,9.68,1017.41,392.0,2.4,9871.0,1,8.68,5.25,17.1,17.1,22.94
2019-12-20,"Yangon, Myanmar",Yangon International Airport (VYYY),22.94,18.66,27.65,22.12,73.8,0.0,0,188.0,8.64,12.7,1014.34,476.0,2.2,10867.0,1,8.99,-3.07,0.0,17.1,24.29
2019-12-21,"Yangon, Myanmar",Yangon International Airport (VYYY),24.29,20.65,28.93,20.61,76.1,0.0,0,177.0,,9.98,1010.63,393.0,1.7,9559.0,1,8.28,-3.71,0.0,17.1,25.37
2019-12-22,"Yangon, Myanmar",Yangon International Airport (VYYY),25.37,21.06,29.8,22.5,76.5,0.0,0,183.0,10.14,16.3,1011.24,527.0,3.0,9830.0,1,8.74,0.62,0.0,17.1,23.43
2019-12-23,"Yangon, Myanmar",Yangon International Airport (VYYY),23.43,19.61,28.58,20.64,83.5,0.0,0,317.0,7.2,12.56,1010.64,458.0,2.0,11700.0,1,8.97,-0.6,0.0,17.1,23.74
2019-12-24,"Yangon, Myanmar",Yangon International Airport (VYYY),23.74,20.85,29.38,21.25,82.8,0.0,0,238.0,11.24,13.82,1013.91,526.0,2.0,10182.0,1,8.53,3.27,0.0,0.0,23.13
2019-12-25,"Yangon, Myanmar",Yangon International Airport (VYYY),23.13,19.77,28.06,20.62,76.0,0.0,0,330.0,7.73,8.32,1014.57,432.0,2.3,10209.0,1,8.29,0.65,0.0,0.0,24.6
2019-12-26,"Yangon, Myanmar",Yangon International Airport (VYYY),24.6,20.79,29.44,21.12,78.0,0.0,0,279.0,5.16,9.17,1012.78,428.0,2.4,9391.0,1,8.66,-1.79,0.0,0.0,25.79
2019-12-27,"Yangon, Myanmar",Yangon International Airport (VYYY),25.79,21.7,31.53,23.61,74.5,0.0,0,205.0,6.93,9.93,1009.32,312.0,3.0,10449.0,1,9.83,-3.46,0.0,0.0,24.48
2019-12-28,"Yangon, Myanmar",Yangon International Airport (VYYY),24.48,20.3,29.24,23.14,78.7,0.0,0,234.0,9.73,11.51,1013.69,536.0,,9302.0,1,8.93,4.36,0.0,0.0,25.79
2019-12-29,"Yangon, Myanmar",Yangon International Airport (VYYY),25.79,22.42,29.77,22.12,77.6,0.0,0,248.0,8.45,9.67,1010.95,520.0,2.2,8551.0,1,7.35,-2.73,0.0,0.0,23.44
2019-12-30,"Yangon, Myanmar",Yangon International Airport (VYYY),23.44,20.95,27.27,19.61,78.7,24.31,0,177.0,4.45,7.84,1011.15,564.0,3.2,7441.0,8,6.31,0.2,24.31,24.31,25.35
2019-12-31,"Yangon, Myanmar",Yangon International Airport (VYYY),25.35,22.61,29.39,23.04,,0.0,0,136.0,7.96,9.03,1010.82,433.0,2.6,9883.0,1,6.78,-0.33,24.31,24.31,23.72
2020-01-01,"Yangon, Myanmar",Yangon International Airport (VYYY),23.72,20.09,28.21,21.4,79.8,0.0,0,127.0,5.94,10.65,1006.6,559.0,1.4,10136.0,1,8.12,-4.22,24.31,24.31,24.64
2020-01-02,"Yangon, Myanmar",Yangon International Airport (VYYY),24.64,20.54,29.99,23.4,81.3,0.0,0,225.0,9.66,10.43,1011.02,504.0,0.9,9013.0,1,9.44,4.42,0.0,24.31,24.46
2020-01-03,"Yangon, Myanmar",Yangon International Airport (VYYY),24.46,21.18,28.67,21.8,67.6,0.0,0,272.0,6.74,8.21,,505.0,2.5,10616.0,1,7.49,-1.84,0.0,24.31,24.76
2020-01-04,"Yangon, Myanmar",Yangon International Airport (VYYY),24.76,20.76,30.29,21.69,77.4,0.0,0,166.0,8.09,10.89,1012.49,287.0,1.6,10767.0,1,9.53,3.32,0.0,24.31,25.21
2020-01-05,"Yangon, Myanmar",Yangon International Airport (VYYY),25.21,20.43,30.13,,79.1,0.0,0,234.0,5.19,7.1,1011.82,425.0,2.5,11222.0,1,9.7,-0.68,0.0,24.31,25.0
2020-01-06,"Yangon, Myanmar",Yangon International Airport (VYYY),25.0,21.09,30.02,21.67,85.1,0.0,0,220.0,10.68,14.48,1011.18,459.0,2.7,11007.0,1,8.93,-0.63,0.0,0.0,23.87
2020-01-07,"Yangon, Myanmar",Yangon International Airport (VYYY),23.87,18.83,29.37,20.06,73.8,0.0,0,215.0,11.23,15.42,1013.24,475.0,2.3,10209.0,1,10.54,2.06,0.0,0.0,23.56
2020-01-08,"Yangon, Myanmar",Yangon International Airport (VYYY),23.56,18.71,28.34,21.21,82.6,0.0,0,179.0,6.49,7.58,1010.07,463.0,3.1,11441.0,1,9.63,-3.17,0.0,0.0,25.28
2020-01-09,"Yangon, Myanmar",Yangon International Airport (VYYY),25.28,22.23,29.75,22.96,74.5,0.0,0,158.0,7.73,13.92,1012.72,563.0,2.6,11101.0,1,7.53,2.64,0.0,0.0,21.91
2020-01-10,"Yangon, Myanmar",Yangon International Airport (VYYY),21.91,18.6,27.73,18.76,72.9,0.0,0,239.0,9.4,15.39,1011.83,,0.6,7998.0,1,9.13,-0.89,0.0,0.0,22.62
2020-01-11,"Yangon, Myanmar",Yangon International Airport (VYYY),22.62,18.32,26.63,19.9,74.7,0.0,0,229.0,7.94,8.33,1013.94,395.0,3.4,8860.0,1,8.31,2.11,0.0,0.0,24.13
2020-01-12,"Yangon, Myanmar",Yangon International Airport (VYYY),24.13,20.15,30.33,20.38,85.6,0.0,0,231.0,6.24,6.59,1013.68,507.0,1.5,9737.0,1,10.18,-0.26,0.0,0.0,24.35
2020-01-13,"Yangon, Myanmar",Yangon International Airport (VYYY),24.35,20.95,29.67,20.86,77.3,0.0,0,188.0,9.14,9.23,1015.15,441.0,1.4,9607.0,1,8.73,1.47,0.0,0.0,22.5
2020-01-14,"Yangon, Myanmar",Yangon International Airport (VYYY),22.5,18.86,27.67,19.18,78.2,0.0,0,227.0,7.35,8.01,1016.6,462.0,2.2,10381.0,1,8.81,1.45,0.0,0.0,24.63
2020-01-15,"Yangon, Myanmar",Yangon International Airport (VYYY),24.63,20.44,30.05,19.84,82.1,0.0,0,162.0,8.45,11.81,1013.36,567.0,2.2,10660.0,1,9.62,-3.24,0.0,0.0,24.58
2020-01-16,"Yangon, Myanmar",Yangon International Airport (VYYY),24.58,21.33,27.34,22.32,74.0,0.0,0,195.0,7.27,8.14,1013.51,454.0,2.5,10719.0,1,6.02,0.15,0.0,0.0,23.64
2020-01-17,"Yangon, Myanmar",Yangon International Airport (VYYY),23.64,19.65,28.33,20.3,77.0,1.35,0,237.0,,10.9,1010.92,506.0,2.8,9719.0,7,8.68,-2.6,1.35,1.35,24.09
2020-01-18,"Yangon, Myanmar",Yangon International Airport (VYYY),24.09,19.11,30.16,20.98,76.8,0.0,0,188.0,8.77,10.12,1011.35,417.0,3.3,10065.0,1,11.05,0.44,1.35,1.35,25.12
2020-01-19,"Yangon, Myanmar",Yangon International Airport (VYYY),25.12,21.3,30.08,21.21,78.1,15.3,0,214.0,7.67,11.62,1010.02,616.0,3.1,7452.0,8,8.78,-1.34,16.65,16.65,23.48
2020-01-20,"Yangon, Myanmar",Yangon International Airport (VYYY),23.48,19.89,26.91,21.35,74.4,0.0,0,235.0,6.6,8.04,1012.93,405.0,1.7,9729.0,1,7.03,2.91,15.3,16.65,25.03
2020-01-21,"Yangon, Myanmar",Yangon International Airport (VYYY),25.03,21.03,30.42,22.05,90.4,7.81,0,139.0,1.67,,1014.24,,0.5,7933.0,7,9.39,1.31,23.11,24.46,24.55
2020-01-22,"Yangon, Myanmar",Yangon International Airport (VYYY),24.55,20.11,30.32,20.44,78.1,0.0,0,100.0,7.45,9.51,1010.5,413.0,1.4,10355.0,1,10.21,-3.74,7.81,24.46,24.04
2020-01-23,"Yangon, Myanmar",Yangon International Airport (VYYY),24.04,19.14,29.89,23.09,70.3,0.0,0,178.0,6.53,13.23,1009.63,496.0,0.0,10355.0,1,10.75,-0.87,7.81,24.46,23.72
2020-01-24,"Yangon, Myanmar",Yangon International Airport (VYYY),23.72,20.36,29.04,20.7,82.9,0.0,0,72.0,8.13,10.7,1010.91,478.0,3.9,9101.0,1,8.68,1.28,0.0,23.11,24.95
2020-01-25,"Yangon, Myanmar",Yangon International Airport (VYYY),24.95,22.33,30.44,22.72,73.6,0.0,0,203.0,6.21,7.54,1016.14,326.0,1.0,9937.0,1,8.1,5.23,0.0,23.11,25.42
2020-01-26,"Yangon, Myanmar",Yangon International Airport (VYYY),25.42,21.55,29.82,20.85,78.5,0.0,0,192.0,7.61,8.32,1013.78,425.0,1.4,8978.0,1,8.27,-2.36,0.0,7.81,24.33
2020-01-27,"Yangon, Myanmar",Yangon International Airport (VYYY),24.33,21.0,30.1,21.5,78.4,0.0,0,153.0,,15.45,1010.05,571.0,1.9,8722.0,1,9.1,-3.73,0.0,7.81,22.53
2020-01-28,"Yangon, Myanmar",Yangon International Airport (VYYY),22.53,18.95,27.13,20.21,76.9,0.0,0,179.0,7.62,7.64,1012.18,518.0,1.3,9622.0,1,8.18,2.13,0.0,0.0,23.5
2020-01-29,"Yangon, Myanmar",Yangon International Airport (VYYY),23.5,19.62,28.46,19.06,82.5,0.0,0,236.0,7.35,9.0,1011.42,457.0,3.7,9244.0,1,8.84,-0.76,0.0,0.0,26.28
2020-01-30,"Yangon, Myanmar",Yangon International Airport (VYYY),26.28,23.18,31.08,23.64,78.4,0.0,0,275.0,9.81,17.08,1009.51,568.0,4.0,11171.0,3,7.9,-1.91,0.0,0.0,25.86
2020-01-31,"Yangon, Myanmar",Yangon International Airport (VYYY),25.86,22.98,29.51,22.52,72.5,0.0,0,215.0,5.46,10.13,1014.97,484.0,1.8,9446.0,1,6.53,5.46,0.0,0.0,25.62
2020-02-01,"Yangon, Myanmar",Yangon International Airport (VYYY),25.62,22.32,30.88,22.0,76.7,0.0,0,214.0,11.83,18.2,1010.28,476.0,3.2,9574.0,1,8.56,-4.69,0.0,0.0,24.99
2020-02-02,"Yangon, Myanmar",Yangon International Airport (VYYY),24.99,20.76,30.05,22.71,79.4,0.0,0,214.0,9.42,12.6,1013.94,568.0,1.1,10137.0,1,9.29,3.66,0.0,0.0,24.3
2020-02-03,"Yangon, Myanmar",Yangon International Airport (VYYY),24.3,20.24,28.94,19.68,80.5,0.0,0,135.0,8.12,8.33,1014.39,474.0,2.1,9659.0,1,8.7,0.46,0.0,0.0,22.6
2020-02-04,"Yangon, Myanmar",Yangon International Airport (VYYY),22.6,18.5,27.34,18.44,83.6,0.0,0,128.0,9.87,14.12,1014.03,432.0,2.9,11382.0,1,8.83,-0.36,0.0,0.0,25.3
2020-02-05,"Yangon, Myanmar",Yangon International Airport (VYYY),25.3,21.01,29.77,21.55,85.6,0.0,0,256.0,5.77,9.39,1017.96,573.0,3.2,12055.0,1,8.76,3.93,0.0,0.0,24.32
2020-02-06,"Yangon, Myanmar",Yangon International Airport (VYYY),24.32,20.8,27.94,22.35,75.2,0.0,0,133.0,9.83,9.94,1010.29,407.0,3.6,11568.0,1,7.14,-7.67,0.0,0.0,23.75
2020-02-07,"Yangon, Myanmar",Yangon International Airport (VYYY),23.75,19.45,28.06,20.58,86.2,0.0,0,160.0,5.51,6.17,1014.3,509.0,1.5,10532.0,1,8.61,4.01,0.0,0.0,25.07
2020-02-08,"Yangon, Myanmar",Yangon International Airport (VYYY),25.07,21.62,30.79,21.85,73.4,0.0,0,211.0,4.71,7.59,1012.38,409.0,3.0,9697.0,1,9.17,-1.91,0.0,0.0,22.73
2020-02-09,"Yangon, Myanmar",Yangon International Airport (VYYY),22.73,19.15,27.23,,80.2,0.0,0,132.0,7.35,9.8,1014.12,551.0,1.6,9390.0,1,8.08,1.74,0.0,0.0,22.9
2020-02-10,"Yangon, Myanmar",Yangon International Airport (VYYY),22.9,19.31,27.84,20.19,78.6,12.43,0,242.0,6.52,9.12,1014.17,592.0,2.2,7511.0,8,8.53,0.04,12.43,12.43,24.96
2020-02-11,"Yangon, Myanmar",Yangon International Airport (VYYY),24.96,20.95,29.39,22.46,73.1,0.0,0,205.0,9.73,13.55,1014.15,457.0,2.5,10352.0,1,8.45,-0.02,12.43,12.43,24.8
2020-02-12,"Yangon, Myanmar",Yangon International Airport (VYYY),24.8,21.59,28.97,23.49,74.3,0.0,0,207.0,9.67,21.32,1011.31,529.0,3.0,11125.0,1,7.39,-2.83,12.43,12.43,25.3
2020-02-13,"Yangon, Myanmar",Yangon International Airport (VYYY),25.3,21.63,30.85,21.77,72.9,0.0,0,163.0,6.82,12.43,1010.23,439.0,1.8,9093.0,1,9.22,-1.09,0.0,12.43,23.57
2020-02-14,"Yangon, Myanmar",Yangon International Airport (VYYY),23.57,20.11,28.0,18.96,85.7,0.0,0,139.0,10.55,14.4,1016.42,487.0,4.4,10360.0,3,7.89,6.2,0.0,12.43,24.88
2020-02-15,"Yangon, Myanmar",Yangon International Airport (VYYY),24.88,20.92,28.64,24.79,74.5,0.0,0,148.0,5.66,7.83,1013.31,530.0,2.5,10105.0,1,7.72,-3.11,0.0,12.43,25.94
2020-02-16,"Yangon, Myanmar",Yangon International Airport (VYYY),25.94,22.33,30.06,21.35,77.1,0.0,0,139.0,11.65,14.52,1015.48,454.0,2.1,10074.0,1,7.73,2.17,0.0,12.43,24.05
2020-02-17,"Yangon, Myanmar",Yangon International Airport (VYYY),24.05,20.09,29.84,21.98,82.0,0.0,0,132.0,8.07,10.71,1013.8,456.0,1.4,10020.0,1,9.75,-1.69,0.0,0.0,24.35
2020-02-18,"Yangon, Myanmar",Yangon International Airport (VYYY),24.35,19.89,29.05,22.35,79.2,0.0,0,246.0,7.18,12.29,1011.46,437.0,0.5,11875.0,1,9.17,-2.34,0.0,0.0,26.37
2020-02-19,"Yangon, Myanmar",Yangon International Airport (VYYY),26.37,22.7,31.72,23.06,,0.0,0,206.0,9.03,12.87,1013.4,445.0,2.2,10215.0,1,9.02,1.94,0.0,0.0,23.29
2020-02-20,"Yangon, Myanmar",Yangon International Airport (VYYY),23.29,17.74,27.42,20.34,78.0,0.0,0,216.0,6.6,7.74,1010.01,489.0,2.6,9329.0,1,9.69,-3.39,0.0,0.0,27.36
2020-02-21,"Yangon, Myanmar",Yangon International Airport (VYYY),27.36,24.15,31.06,24.87,77.7,0.0,0,230.0,7.59,8.06,1010.44,388.0,5.0,10518.0,3,6.9,0.43,0.0,0.0,26.92
2020-02-22,"Yangon, Myanmar",Yangon International Airport (VYYY),26.92,22.97,31.77,23.25,75.9,0.0,0,255.0,6.69,7.5,1012.19,452.0,0.0,8600.0,1,8.8,1.75,0.0,0.0,24.67
2020-02-23,"Yangon, Myanmar",Yangon International Airport (VYYY),24.67,20.9,30.01,21.3,76.8,0.0,0,155.0,8.32,11.16,1013.59,322.0,0.9,10800.0,1,9.11,1.4,0.0,0.0,24.86
2020-02-24,"Yangon, Myanmar",Yangon International Airport (VYYY),24.86,22.03,29.79,21.36,79.4,0.0,0,168.0,5.52,7.95,1010.78,499.0,2.3,9462.0,1,7.76,-2.81,0.0,0.0,26.23
2020-02-25,"Yangon, Myanmar",Yangon International Airport (VYYY),26.23,22.5,31.21,22.9,79.8,0.0,0,150.0,5.71,7.08,1013.68,394.0,2.3,9771.0,1,8.71,2.9,0.0,0.0,24.66
2020-02-26,"Yangon, Myanmar",Yangon International Airport (VYYY),24.66,21.01,29.45,21.06,72.6,0.0,0,240.0,7.32,8.32,1014.01,458.0,1.8,10369.0,1,8.44,0.33,0.0,0.0,24.57
2020-02-27,"Yangon, Myanmar",Yangon International Airport (VYYY),24.57,20.5,29.03,20.38,82.5,0.0,0,280.0,10.85,11.11,1009.73,444.0,4.2,10327.0,3,8.53,-4.28,0.0,0.0,25.89
2020-02-28,"Yangon, Myanmar",Yangon International Airport (VYYY),25.89,22.93,29.76,22.94,75.9,0.0,0,186.0,6.78,13.4,1011.94,574.0,1.9,10584.0,1,6.83,2.21,0.0,0.0,23.94
2020-02-29,"Yangon, Myanmar",Yangon International Airport (VYYY),23.94,19.87,34.84,20.02,75.8,0.0,0,192.0,5.2,34.980000000000004,1009.35,505.0,3.2,8645.0,1,7.97,-2.59,0.0,0.0,24.54
2020-03-01,"Yangon, Myanmar",Yangon International Airport (VYYY),24.54,21.35,28.55,21.69,79.4,0.0,0,259.0,9.52,13.51,1012.14,520.0,2.2,9202.0,1,7.2,2.79,0.0,0.0,26.13
2020-03-02,"Yangon, Myanmar",Yangon International Airport (VYYY),26.13,21.8,30.21,24.84,73.8,0.0,0,172.0,7.1,8.23,1014.48,430.0,,10557.0,1,8.41,2.34,0.0,0.0,24.28
2020-03-03,"Yangon, Myanmar",Yangon International Airport (VYYY),24.28,20.76,30.99,,76.5,0.0,0,259.0,4.97,6.05,1011.61,542.0,0.0,10202.0,1,10.23,-2.87,0.0,0.0,24.79
2020-03-04,"Yangon, Myanmar",Yangon International Airport (VYYY),24.79,20.89,30.24,22.54,77.0,0.0,0,256.0,8.63,12.1,1012.41,603.0,0.9,8736.0,1,9.34,0.81,0.0,0.0,24.78
2020-03-05,"Yangon, Myanmar",Yangon International Airport (VYYY),24.78,22.17,29.43,21.0,74.7,0.0,0,244.0,8.24,8.83,1014.12,544.0,1.4,9573.0,1,7.26,1.7,0.0,0.0,25.17
2020-03-06,"Yangon, Myanmar",Yangon International Airport (VYYY),25.17,22.14,31.02,19.88,75.9,0.0,0,235.0,8.88,10.09,1008.57,415.0,1.2,10859.0,1,8.88,-5.55,0.0,0.0,26.23
2020-03-07,"Yangon, Myanmar",Yangon International Airport (VYYY),26.23,22.48,31.89,24.16,74.0,0.0,0,176.0,3.24,5.7,1011.8,365.0,1.3,10910.0,1,9.41,3.23,0.0,0.0,26.57
2020-03-08,"Yangon, Myanmar",Yangon International Airport (VYYY),26.57,22.8,31.51,23.93,72.1,0.0,0,231.0,5.14,7.34,1014.22,463.0,3.5,10728.0,1,8.71,2.42,0.0,0.0,24.46
2020-03-09,"Yangon, Myanmar",Yangon International Airport (VYYY),24.46,20.81,27.98,21.31,74.8,0.0,0,146.0,10.41,11.81,1015.18,436.0,1.8,8983.0,1,7.17,0.96,0.0,0.0,24.9
2020-03-10,"Yangon, Myanmar",Yangon International Airport (VYYY),24.9,22.38,29.85,22.82,76.7,0.0,0,156.0,9.91,10.68,1010.88,340.0,3.3,11699.0,1,7.47,-4.3,0.0,0.0,24.84
2020-03-11,"Yangon, Myanmar",Yangon International Airport (VYYY),24.84,22.0,29.49,21.8,75.0,0.0,0,41.0,9.93,11.03,1014.89,422.0,0.9,10082.0,1,7.49,4.01,0.0,0.0,26.04
2020-03-12,"Yangon, Myanmar",Yangon International Airport (VYYY),26.04,22.01,30.63,23.0,79.6,0.0,0,211.0,5.12,6.21,1007.53,436.0,1.1,8693.0,1,8.62,-7.36,0.0,0.0,26.71
2020-03-13,"Yangon, Myanmar",Yangon International Airport (VYYY),26.71,23.39,33.19,21.2,77.3,0.0,0,203.0,6.28,9.33,1012.29,374.0,0.4,8623.0,1,9.81,4.76,0.0,0.0,23.65
2020-03-14,"Yangon, Myanmar",Yangon International Airport (VYYY),23.65,19.21,28.01,19.34,71.2,0.0,0,125.0,5.48,9.79,1010.39,470.0,1.3,9532.0,1,8.79,-1.9,0.0,0.0,26.52
2020-03-15,"Yangon, Myanmar",Yangon International Airport (VYYY),26.52,22.17,30.57,23.22,76.9,0.0,0,151.0,8.44,10.51,1010.73,497.0,3.6,11251.0,1,8.39,0.34,0.0,0.0,26.85
2020-03-16,"Yangon, Myanmar",Yangon International Airport (VYYY),26.85,22.81,31.99,22.94,85.3,0.0,0,226.0,7.91,12.92,1010.6,,1.6,8688.0,1,9.18,-0.13,0.0,0.0,26.71
2020-03-17,"Yangon, Myanmar",Yangon International Airport (VYYY),26.71,22.56,31.95,24.11,73.3,23.54,0,166.0,4.08,4.65,1012.47,453.0,1.1,6580.0,8,9.39,1.87,23.54,23.54,26.22
2020-03-18,"Yangon, Myanmar",Yangon International Airport (VYYY),26.22,23.33,30.45,22.88,81.5,0.0,0,209.0,12.62,14.96,1013.52,360.0,4.0,8725.0,1,7.12,1.05,23.54,23.54,24.94
2020-03-19,"Yangon, Myanmar",Yangon International Airport (VYYY),24.94,21.85,29.72,22.7,72.6,0.0,0,137.0,10.26,10.43,1007.32,473.0,2.4,9437.0,1,7.87,-6.2,23.54,23.54,25.7
2020-03-20,"Yangon, Myanmar",Yangon International Airport (VYYY),25.7,22.24,30.28,24.35,80.6,0.0,0,185.0,3.71,3.87,1015.29,374.0,0.6,10621.0,1,8.04,7.96,0.0,23.54,24.45
2020-03-21,"Yangon, Myanmar",Yangon International Airport (VYYY),24.45,20.77,29.47,18.98,84.4,0.0,0,225.0,9.76,9.85,1009.2,562.0,4.2,10654.0,3,8.7,-6.09,0.0,23.54,25.45
2020-03-22,"Yangon, Myanmar",Yangon International Airport (VYYY),25.45,20.58,29.44,21.18,78.1,0.0,0,164.0,6.68,7.37,1012.36,407.0,2.9,8498.0,1,8.86,3.16,0.0,23.54,25.81
2020-03-23,"Yangon, Myanmar",Yangon International Airport (VYYY),25.81,21.74,30.32,21.73,83.1,0.0,0,226.0,3.65,6.95,1010.1,560.0,3.0,8552.0,1,8.58,-2.26,0.0,23.54,24.23
2020-03-24,"Yangon, Myanmar",Yangon International Airport (VYYY),24.23,19.43,28.71,21.17,74.8,0.0,0,257.0,8.89,12.82,1012.01,,4.3,8369.0,3,9.28,1.91,0.0,0.0,27.2
2020-03-25,"Yangon, Myanmar",Yangon International Airport (VYYY),27.2,23.63,31.38,,75.5,0.0,0,183.0,7.7,12.8,1009.02,424.0,2.2,8530.0,1,7.74,-2.99,0.0,0.0,27.55
2020-03-26,"Yangon, Myanmar",Yangon International Airport (VYYY),27.55,23.19,33.2,24.01,79.7,0.0,0,210.0,7.04,7.3,1012.52,539.0,3.5,9403.0,1,10.01,3.5,0.0,0.0,27.98
2020-03-27,"Yangon, Myanmar",Yangon International Airport (VYYY),27.98,24.81,32.79,25.17,77.1,0.0,0,189.0,8.46,16.82,1010.45,503.0,3.4,8902.0,1,7.98,-2.07,0.0,0.0,24.72
2020-03-28,"Yangon, Myanmar",Yangon International Airport (VYYY),24.72,21.7,29.73,20.44,84.0,7.69,0,193.0,6.33,9.35,1008.17,501.0,,7858.0,7,8.03,-2.28,7.69,7.69,25.36
2020-03-29,"Yangon, Myanmar",Yangon International Airport (VYYY),25.36,20.72,30.77,21.86,80.6,0.0,0,174.0,4.6,10.2,1009.87,383.0,4.9,8162.0,3,10.05,1.69,7.69,7.69,26.03
2020-03-30,"Yangon, Myanmar",Yangon International Airport (VYYY),26.03,21.61,30.89,20.55,82.3,0.0,0,253.0,7.82,9.05,1013.98,386.0,3.0,8400.0,1,9.28,4.11,7.69,7.69,25.98
2020-03-31,"Yangon, Myanmar",Yangon International Airport (VYYY),25.98,22.78,31.59,24.07,71.3,0.0,0,178.0,9.41,14.42,1010.08,478.0,2.7,7177.0,1,8.82,-3.9,0.0,7.69,26.42
2020-04-01,"Yangon, Myanmar",Yangon International Airport (VYYY),26.42,22.37,31.38,22.9,89.5,7.87,0,152.0,9.95,11.97,1008.76,409.0,1.6,8254.0,7,9.01,-1.32,7.87,15.56,26.12
2020-04-02,"Yangon, Myanmar",Yangon International Airport (VYYY),26.12,22.34,31.32,22.19,77.4,0.0,0,138.0,9.16,10.7,1009.95,245.0,3.4,8281.0,1,8.98,1.2,7.87,15.56,24.4
2020-04-03,"Yangon, Myanmar",Yangon International Airport (VYYY),24.4,20.95,30.38,18.81,87.2,31.19,0,239.0,8.38,9.45,1009.65,329.0,3.9,6402.0,25,9.43,-0.3,39.06,46.75,27.0
2020-04-04,"Yangon, Myanmar",Yangon International Airport (VYYY),27.0,23.0,31.31,24.89,80.0,0.0,0,195.0,7.61,9.61,1010.33,457.0,4.3,9686.0,3,8.3,0.68,31.19,39.06,25.56
2020-04-05,"Yangon, Myanmar",Yangon International Airport (VYYY),25.56,21.63,31.06,22.77,72.4,0.0,0,161.0,3.71,8.28,1004.96,314.0,2.8,8468.0,1,9.42,-5.36,31.19,39.06,26.53
2020-04-06,"Yangon, Myanmar",Yangon International Airport (VYYY),26.53,22.88,32.11,24.19,82.7,0.0,0,259.0,12.97,14.71,1012.27,310.0,1.9,7862.0,1,9.23,7.31,0.0,39.06,26.11
2020-04-07,"Yangon, Myanmar",Yangon International Airport (VYYY),26.11,21.33,30.51,24.22,79.2,9.54,0,193.0,9.69,15.06,1008.44,554.0,3.0,7859.0,7,9.18,-3.83,9.54,48.6,26.64
2020-04-08,"Yangon, Myanmar",Yangon International Airport (VYYY),26.64,22.4,30.37,24.6,74.7,36.28,0,96.0,6.9,8.6,1009.2,341.0,,5901.0,25,7.96,0.75,45.82,77.01,26.19
2020-04-09,"Yangon, Myanmar",Yangon International Airport (VYYY),26.19,23.16,30.85,23.22,78.5,0.0,0,197.0,7.51,7.85,1011.97,358.0,4.6,9016.0,3,7.69,2.77,45.82,77.01,27.82
2020-04-10,"Yangon, Myanmar",Yangon International Airport (VYYY),27.82,23.48,31.29,25.44,89.6,0.0,0,207.0,3.81,6.84,1007.99,361.0,4.7,10223.0,3,7.8,-3.98,36.28,45.82,27.87
2020-04-11,"Yangon, Myanmar",Yangon International Airport (VYYY),27.87,23.86,32.02,25.54,75.6,0.0,0,195.0,6.96,9.64,1010.89,383.0,4.3,8105.0,3,8.16,2.9,0.0,45.82,26.76
2020-04-12,"Yangon, Myanmar",Yangon International Airport (VYYY),26.76,22.8,31.92,24.7,80.1,,0,279.0,7.59,12.18,1006.95,420.0,6.4,9095.0,4,9.12,-3.94,0.0,45.82,27.1
2020-04-13,"Yangon, Myanmar",Yangon International Airport (VYYY),27.1,22.92,31.31,23.22,78.8,13.63,0,276.0,9.13,9.84,1011.43,421.0,3.1,4849.0,8,8.39,4.48,13.63,59.45,27.76
2020-04-14,"Yangon, Myanmar",Yangon International Airport (VYYY),27.76,24.51,32.81,23.37,76.7,0.0,0,207.0,9.78,13.73,1010.26,448.0,3.4,6163.0,1,8.31,-1.18,13.63,49.91,27.36
2020-04-15,"Yangon, Myanmar",Yangon International Airport (VYYY),27.36,22.88,31.28,24.38,86.3,0.0,0,214.0,12.4,17.63,1014.66,329.0,4.5,5327.0,3,8.4,4.4,13.63,13.63,27.25
2020-04-16,"Yangon, Myanmar",Yangon International Airport (VYYY),27.25,22.79,31.81,23.23,78.0,4.92,0,285.0,7.57,8.98,1009.65,340.0,1.9,8271.0,7,9.02,-5.0,4.92,18.56,29.05
2020-04-17,"Yangon, Myanmar",Yangon International Airport (VYYY),29.05,25.47,33.61,26.61,79.5,0.0,0,187.0,6.77,7.62,1013.73,368.0,5.8,7656.0,3,8.13,4.07,4.92,18.56,27.29
2020-04-18,"Yangon, Myanmar",Yangon International Airport (VYYY),27.29,24.46,32.0,24.68,77.1,0.0,0,244.0,8.72,,1009.25,305.0,6.4,8454.0,4,7.54,-4.48,4.92,18.56,27.26
2020-04-19,"Yangon, Myanmar",Yangon International Airport (VYYY),27.26,23.75,32.01,24.62,82.4,0.0,0,246.0,7.46,9.61,1009.84,359.0,4.1,7114.0,3,8.26,0.59,0.0,18.56,29.13
2020-04-20,"Yangon, Myanmar",Yangon International Airport (VYYY),29.13,25.53,33.76,28.16,87.4,0.0,0,254.0,6.98,8.35,1014.2,464.0,2.5,7346.0,1,8.23,4.36,0.0,4.92,24.96
2020-04-21,"Yangon, Myanmar",Yangon International Airport (VYYY),24.96,20.28,28.18,21.38,83.1,0.0,0,274.0,5.95,8.69,1010.31,371.0,3.8,8476.0,1,7.9,-3.89,0.0,4.92,28.48
2020-04-22,"Yangon, Myanmar",Yangon International Airport (VYYY),28.48,24.41,33.28,24.94,84.6,0.0,0,255.0,10.26,11.61,1012.55,305.0,3.0,6536.0,1,8.87,2.23,0.0,4.92,27.75
2020-04-23,"Yangon, Myanmar",Yangon International Airport (VYYY),27.75,24.54,31.94,25.45,86.2,6.65,0,247.0,7.48,9.48,1014.25,411.0,4.9,8360.0,7,7.39,1.71,6.65,6.65,27.4
2020-04-24,"Yangon, Myanmar",Yangon International Airport (VYYY),27.4,23.19,31.45,24.51,95.1,7.7,0,228.0,2.69,4.03,1009.89,221.0,4.9,5771.0,7,8.26,-4.36,14.36,14.36,28.18
2020-04-25,"Yangon, Myanmar",Yangon International Airport (VYYY),28.18,25.2,32.89,23.66,80.3,12.36,0,252.0,5.9,7.08,1007.57,258.0,5.2,5418.0,8,7.69,-2.32,26.72,26.72,26.55
2020-04-26,"Yangon, Myanmar",Yangon International Airport (VYYY),26.55,21.74,31.91,25.08,85.1,0.0,0,231.0,6.11,8.13,1011.81,311.0,5.2,7104.0,3,10.17,4.24,20.06,26.72,28.43
2020-04-27,"Yangon, Myanmar",Yangon International Airport (VYYY),28.43,24.31,32.59,25.96,81.0,0.0,0,268.0,10.72,16.9,1005.24,328.0,5.6,7152.0,3,8.29,-6.58,12.36,26.72,27.49
2020-04-28,"Yangon, Myanmar",Yangon International Airport (VYYY),27.49,22.85,31.8,23.8,87.5,0.0,0,173.0,8.03,9.57,1011.62,362.0,5.7,6313.0,3,8.95,6.38,0.0,26.72,26.39
2020-04-29,"Yangon, Myanmar",Yangon International Airport (VYYY),26.39,22.52,30.67,23.47,83.5,4.93,0,247.0,6.68,10.73,1010.52,270.0,6.9,6866.0,7,8.15,-1.1,4.93,31.65,26.62
2020-04-30,"Yangon, Myanmar",Yangon International Airport (VYYY),26.62,22.44,31.13,23.78,81.7,0.0,0,238.0,9.01,10.49,1009.57,71.0,5.9,6406.0,3,8.69,-0.95,4.93,25.0,28.46
2020-05-01,"Yangon, Myanmar",Yangon International Airport (VYYY),28.46,23.99,32.83,24.7,76.5,0.0,0,276.0,13.9,15.06,1009.18,333.0,5.8,7248.0,3,8.85,-0.39,4.93,17.29,29.31
2020-05-02,"Yangon, Myanmar",Yangon International Airport (VYYY),29.31,24.9,35.56,27.16,100.0,0.0,0,206.0,7.89,12.92,1008.93,297.0,4.5,5000.0,3,10.66,-0.25,0.0,4.93,27.63
2020-05-03,"Yangon, Myanmar",Yangon International Airport (VYYY),27.63,23.08,33.41,23.82,88.0,0.0,0,224.0,7.37,14.91,1004.68,423.0,6.1,7966.0,4,10.32,-4.25,0.0,4.93,27.44
2020-05-04,"Yangon, Myanmar",Yangon International Airport (VYYY),27.44,23.36,32.68,22.91,82.6,0.0,0,303.0,7.83,10.77,1011.64,342.0,5.0,6514.0,3,9.32,6.95,0.0,4.93,27.31
2020-05-05,"Yangon, Myanmar",Yangon International Airport (VYYY),27.31,23.52,32.92,23.0,96.5,0.0,0,206.0,5.13,5.25,1009.78,316.0,6.9,7613.0,4,9.39,-1.86,0.0,4.93,27.64
2020-05-06,"Yangon, Myanmar",Yangon International Airport (VYYY),27.64,23.76,32.65,24.12,90.7,0.0,0,227.0,8.11,9.52,1010.89,344.0,5.7,6732.0,3,8.89,1.11,0.0,0.0,29.83
2020-05-07,"Yangon, Myanmar",Yangon International Airport (VYYY),29.83,26.03,34.15,,88.1,2.2,0,272.0,4.78,10.19,1007.87,254.0,6.0,6193.0,7,8.12,-3.02,2.2,2.2,27.7
2020-05-08,"Yangon, Myanmar",Yangon International Airport (VYYY),27.7,24.1,32.01,24.66,83.4,10.99,0,219.0,10.99,18.48,1006.47,359.0,5.6,4502.0,8,7.9,-1.4,13.18,13.18,29.46
2020-05-09,"Yangon, Myanmar",Yangon International Airport (VYYY),29.46,24.7,34.45,25.69,80.5,0.0,0,187.0,7.32,9.2,1009.55,169.0,6.0,6245.0,3,9.75,3.08,13.18,13.18,28.7
2020-05-10,"Yangon, Myanmar",Yangon International Airport (VYYY),28.7,24.96,34.95,24.87,84.9,25.66,0,196.0,8.09,12.09,1007.24,193.0,6.0,6190.0,8,9.99,-2.31,36.65,38.85,29.46
2020-05-11,"Yangon, Myanmar",Yangon International Airport (VYYY),29.46,25.74,34.62,26.77,83.0,14.36,0,231.0,10.18,10.44,1010.47,335.0,,5163.0,8,8.89,3.23,40.02,53.2,29.11
2020-05-12,"Yangon, Myanmar",Yangon International Airport (VYYY),29.11,25.51,34.78,24.5,89.6,14.96,0,219.0,8.41,11.89,1007.92,228.0,5.5,4471.0,8,9.27,-2.55,54.98,68.17,30.56
2020-05-13,"Yangon, Myanmar",Yangon International Airport (VYYY),30.56,27.04,35.5,28.06,91.1,8.2,0,216.0,5.48,7.59,1010.57,234.0,5.9,6794.0,7,8.46,2.65,37.52,76.37,30.6
2020-05-14,"Yangon, Myanmar",Yangon International Airport (VYYY),30.6,26.86,35.5,29.52,82.5,4.07,0,226.0,13.53,15.3,1008.3,234.0,6.0,5208.0,7,8.64,-2.27,27.23,78.24,28.83
2020-05-15,"Yangon, Myanmar",Yangon International Airport (VYYY),28.83,25.28,33.47,24.78,87.2,0.0,0,269.0,11.55,25.92,1010.2,176.0,4.6,5887.0,3,8.2,1.9,12.27,67.25,27.72
2020-05-16,"Yangon, Myanmar",Yangon International Airport (VYYY),27.72,23.45,31.51,25.75,84.0,24.39,0,169.0,7.44,10.71,1010.27,173.0,6.5,1950.0,8,8.07,0.07,28.46,91.64,30.12
2020-05-17,"Yangon, Myanmar",Yangon International Airport (VYYY),30.12,26.32,34.85,26.46,91.6,0.0,0,286.0,8.25,8.6,1008.24,,5.4,6491.0,3,8.53,-2.03,24.39,65.98,27.1
2020-05-18,"Yangon, Myanmar",Yangon International Airport (VYYY),27.1,23.65,32.04,25.55,79.2,0.0,0,263.0,6.91,13.28,1008.6,253.0,6.4,6069.0,4,8.39,0.36,24.39,51.63,28.73
2020-05-19,"Yangon, Myanmar",Yangon International Airport (VYYY),28.73,25.14,34.28,25.8,87.2,42.35,0,245.0,9.92,10.28,1005.06,258.0,7.7,1148.0,25,9.14,-3.54,42.35,79.02,29.49
2020-05-20,"Yangon, Myanmar",Yangon International Airport (VYYY),29.49,25.72,33.73,26.17,86.5,31.55,0,182.0,8.06,8.97,1007.47,,6.7,1848.0,25,8.01,2.41,73.9,102.36,29.63
2020-05-21,"Yangon, Myanmar",Yangon International Airport (VYYY),29.63,26.08,33.42,26.47,91.7,16.96,0,147.0,7.8,10.55,1012.19,175.0,6.3,6093.0,8,7.35,4.72,90.87,115.26,28.14
2020-05-22,"Yangon, Myanmar",Yangon International Airport (VYYY),28.14,23.73,32.57,24.45,93.9,5.38,0,186.0,14.68,17.48,1010.42,257.0,6.7,5402.0,7,8.84,-1.77,53.89,120.64,30.67
2020-05-23,"Yangon, Myanmar",Yangon International Airport (VYYY),30.67,26.46,35.02,29.67,85.1,32.67,0,196.0,4.47,7.77,1005.55,266.0,6.1,2951.0,25,8.56,-4.87,55.02,128.92,28.85
2020-05-24,"Yangon, Myanmar",Yangon International Airport (VYYY),28.85,24.77,33.82,23.23,87.6,2.2,0,204.0,9.96,17.29,1008.79,160.0,6.0,5976.0,7,9.04,3.24,40.25,131.12,27.95
2020-05-25,"Yangon, Myanmar",Yangon International Airport (VYYY),27.95,24.11,31.93,24.62,89.8,3.42,0,230.0,12.44,17.08,1008.6,,5.1,4618.0,7,7.82,-0.19,38.29,134.54,30.78
2020-05-26,"Yangon, Myanmar",Yangon International Airport (VYYY),30.78,26.08,35.31,28.06,86.6,0.0,0,231.0,11.25,16.81,1004.81,275.0,6.3,5173.0,4,9.24,-3.79,5.62,92.19,28.11
2020-05-27,"Yangon, Myanmar",Yangon International Airport (VYYY),28.11,23.85,34.54,25.08,88.1,2.3,0,231.0,7.94,12.27,1008.35,131.0,3.8,5759.0,7,10.69,3.54,5.72,62.94,28.52
2020-05-28,"Yangon, Myanmar",Yangon International Airport (VYYY),28.52,24.77,33.34,26.55,83.3,11.36,0,271.0,8.07,13.95,1007.3,176.0,6.4,6050.0,8,8.57,-1.05,13.66,57.34,29.12
2020-05-29,"Yangon, Myanmar",Yangon International Airport (VYYY),29.12,25.18,35.05,25.49,78.0,0.0,0,212.0,,9.74,,321.0,5.2,7557.0,3,9.87,3.41,13.66,51.96,26.96
2020-05-30,"Yangon, Myanmar",Yangon International Airport (VYYY),26.96,23.82,31.69,22.16,91.4,15.0,0,312.0,11.79,14.55,1005.55,179.0,7.8,4353.0,8,7.87,-5.17,26.36,34.28,30.04
2020-05-31,"Yangon, Myanmar",Yangon International Airport (VYYY),30.04,26.71,34.2,27.14,89.8,0.0,0,225.0,8.99,11.54,1010.65,187.0,8.0,6204.0,4,7.49,5.11,15.0,32.08,29.83
2020-06-01,"Yangon, Myanmar",Yangon International Airport (VYYY),29.83,25.8,34.53,27.55,84.3,0.0,0,218.0,8.53,10.49,1008.94,157.0,5.6,5617.0,3,8.73,-1.71,15.0,28.66,29.37
2020-06-02,"Yangon, Myanmar",Yangon International Airport (VYYY),29.37,25.88,34.54,26.22,84.3,32.51,0,231.0,7.28,8.74,1006.83,257.0,7.5,2664.0,25,8.66,-2.12,32.51,61.17,28.43
2020-06-03,"Yangon, Myanmar",Yangon International Airport (VYYY),28.43,24.89,32.25,23.6,91.9,36.28,0,202.0,9.82,11.8,1008.73,260.0,7.4,3764.0,25,7.36,1.9,68.79,95.15,28.85
2020-06-04,"Yangon, Myanmar",Yangon International Airport (VYYY),28.85,25.64,33.24,26.04,80.9,16.29,0,258.0,7.97,8.96,1013.06,123.0,7.1,3468.0,8,7.59,4.33,85.08,100.08,30.22
2020-06-05,"Yangon, Myanmar",Yangon International Airport (VYYY),30.22,25.75,35.52,27.39,86.9,15.6,0,156.0,9.75,11.27,1002.73,297.0,6.8,5107.0,8,9.77,-10.32,68.17,115.68,28.98
2020-06-06,"Yangon, Myanmar",Yangon International Airport (VYYY),28.98,25.1,32.98,25.44,86.4,6.14,0,277.0,9.86,14.14,1006.43,267.0,5.0,4802.0,7,7.89,3.7,38.03,106.82,30.82
2020-06-07,"Yangon, Myanmar",Yangon International Airport (VYYY),30.82,26.43,34.83,28.19,80.3,0.0,0,221.0,9.19,24.31,1008.11,101.0,6.4,5954.0,4,8.39,1.68,21.73,106.82,29.66
2020-06-08,"Yangon, Myanmar",Yangon International Airport (VYYY),29.66,25.76,34.13,26.44,82.0,26.66,0,259.0,8.2,14.35,1010.71,242.0,8.0,3801.0,8,8.38,2.6,32.79,133.48,28.79
2020-06-09,"Yangon, Myanmar",Yangon International Airport (VYYY),28.79,25.51,34.02,26.03,82.9,0.0,0,212.0,10.33,12.37,1011.75,133.0,6.1,6548.0,4,8.51,1.04,26.66,100.96,28.08
2020-06-10,"Yangon, Myanmar",Yangon International Airport (VYYY),28.08,24.1,33.98,25.12,72.1,0.0,0,219.0,12.82,13.15,1008.2,163.0,6.2,6588.0,4,9.88,-3.55,26.66,64.68,28.43
2020-06-11,"Yangon, Myanmar",Yangon International Airport (VYYY),28.43,25.12,32.93,24.36,89.3,13.62,0,278.0,9.04,9.09,1004.14,248.0,8.0,5426.0,8,7.81,-4.06,13.62,62.01,28.82
2020-06-12,"Yangon, Myanmar",Yangon International Airport (VYYY),28.82,26.01,32.3,25.92,88.0,26.03,0,205.0,10.29,16.07,1009.89,165.0,8.0,2962.0,8,6.29,5.75,39.64,72.44,29.54
2020-06-13,"Yangon, Myanmar",Yangon International Airport (VYYY),29.54,25.68,34.26,26.53,87.0,,0,218.0,9.24,11.12,1007.64,134.0,7.3,2435.0,8,8.58,-2.25,66.23,92.89,31.53
2020-06-14,"Yangon, Myanmar",Yangon International Airport (VYYY),31.53,28.07,35.3,29.53,93.7,8.86,0,296.0,11.42,18.32,1007.23,244.0,6.9,5664.0,7,7.23,-0.42,61.48,101.76,30.1
2020-06-15,"Yangon, Myanmar",Yangon International Airport (VYYY),30.1,25.73,35.15,27.47,90.2,28.42,0,248.0,4.45,6.56,1007.33,38.0,7.6,3338.0,8,9.42,0.1,63.87,103.52,30.34
2020-06-16,"Yangon, Myanmar",Yangon International Airport (VYYY),30.34,27.64,35.84,25.19,80.9,0.23,0,275.0,10.68,14.69,1009.82,,7.6,5469.0,7,8.2,2.49,37.52,103.75,29.58
2020-06-17,"Yangon, Myanmar",Yangon International Airport (VYYY),29.58,25.66,34.13,25.07,85.9,30.18,0,262.0,12.95,16.96,1003.57,182.0,7.4,3306.0,25,8.47,-6.25,58.83,133.93,29.67
2020-06-18,"Yangon, Myanmar",Yangon International Airport (VYYY),29.67,25.57,35.1,26.08,88.5,2.77,0,204.0,10.14,11.17,1007.25,244.0,8.0,5713.0,7,9.52,3.67,33.18,123.08,29.32
2020-06-19,"Yangon, Myanmar",Yangon International Airport (VYYY),29.32,26.44,34.17,26.93,99.1,0.0,0,207.0,8.05,13.37,1004.75,257.0,8.0,6900.0,4,7.73,-2.5,32.95,97.05,29.43
2020-06-20,"Yangon, Myanmar",Yangon International Airport (VYYY),29.43,25.55,34.04,25.17,97.0,5.85,0,349.0,10.95,16.22,1007.06,90.0,7.9,5804.0,7,8.49,2.32,8.62,76.31,29.42
2020-06-21,"Yangon, Myanmar",Yangon International Airport (VYYY),29.42,25.72,34.33,26.39,79.9,1.02,0,234.0,9.49,14.59,1010.45,57.0,6.8,4729.0,7,8.62,3.39,6.86,68.46,30.37
2020-06-22,"Yangon, Myanmar",Yangon International Airport (VYYY),30.37,26.68,35.87,28.58,86.1,16.26,0,322.0,4.56,8.68,1010.09,65.0,8.0,3486.0,8,9.19,-0.36,23.13,56.31,32.1
2020-06-23,"Yangon, Myanmar",Yangon International Airport (VYYY),32.1,28.72,37.5,28.92,87.0,37.79,0,323.0,6.02,9.57,1007.18,,5.5,1686.0,25,8.77,-2.91,55.07,93.86,30.99
2020-06-24,"Yangon, Myanmar",Yangon International Airport (VYYY),30.99,26.33,36.02,28.85,89.1,0.0,0,321.0,7.18,14.6,1007.18,81.0,6.7,5453.0,4,9.69,0.0,54.05,63.68,28.4
2020-06-25,"Yangon, Myanmar",Yangon International Airport (VYYY),28.4,24.49,33.44,24.81,76.8,0.0,0,340.0,8.89,18.64,1005.03,158.0,8.0,3721.0,4,8.95,-2.15,37.79,60.91,28.6
2020-06-26,"Yangon, Myanmar",Yangon International Airport (VYYY),28.6,25.19,32.82,25.34,92.1,0.0,0,227.0,11.08,16.08,1005.7,140.0,8.0,5255.0,4,7.62,0.66,0.0,60.91,28.1
2020-06-27,"Yangon, Myanmar",Yangon International Airport (VYYY),28.1,24.5,33.47,25.67,87.6,23.1,0,215.0,6.53,8.63,1009.41,187.0,6.8,2800.0,8,8.97,3.71,23.1,78.17,29.8
2020-06-28,"Yangon, Myanmar",Yangon International Airport (VYYY),29.8,26.59,34.05,26.11,87.2,10.06,0,303.0,8.9,14.75,1010.48,165.0,8.0,5614.0,8,7.46,1.07,33.16,87.21,30.2
2020-06-29,"Yangon, Myanmar",Yangon International Airport (VYYY),30.2,25.61,35.45,28.19,87.9,0.0,0,274.0,9.66,12.01,1010.2,264.0,4.6,5261.0,3,9.84,-0.28,33.16,70.95,30.1
2020-06-30,"Yangon, Myanmar",Yangon International Airport (VYYY),30.1,25.95,34.79,26.89,89.3,12.01,0,261.0,9.39,10.25,1005.46,195.0,6.4,6136.0,8,8.85,-4.73,22.07,45.17,29.28
2020-07-01,"Yangon, Myanmar",Yangon International Airport (VYYY),29.28,25.48,34.05,26.48,80.6,0.0,0,225.0,14.27,17.97,1009.16,311.0,7.7,6075.0,4,8.57,3.7,12.01,45.17,28.47
2020-07-02,"Yangon, Myanmar",Yangon International Airport (VYYY),28.47,25.0,33.19,23.73,89.3,0.99,0,221.0,9.68,13.89,1006.33,19.0,8.0,6120.0,7,8.2,-2.84,12.99,46.15,31.51
2020-07-03,"Yangon, Myanmar",Yangon International Airport (VYYY),31.51,27.16,36.78,28.05,87.3,6.88,0,198.0,7.25,10.76,1006.47,93.0,7.8,3623.0,7,9.62,0.15,7.86,53.03,30.16
2020-07-04,"Yangon, Myanmar",Yangon International Airport (VYYY),30.16,27.6,34.67,26.81,86.3,4.13,0,203.0,7.46,9.04,1011.14,,5.9,4056.0,7,7.08,4.67,11.99,34.06,29.45
2020-07-05,"Yangon, Myanmar",Yangon International Airport (VYYY),29.45,26.01,33.76,25.62,87.8,17.45,0,218.0,11.12,13.33,1004.24,223.0,7.5,2931.0,8,7.74,-6.9,28.45,41.45,29.49
2020-07-06,"Yangon, Myanmar",Yangon International Airport (VYYY),29.49,26.45,34.7,27.65,80.9,0.0,0,198.0,8.5,10.2,1011.75,185.0,7.5,8011.0,4,8.25,7.52,21.58,41.45,30.16
2020-07-07,"Yangon, Myanmar",Yangon International Airport (VYYY),30.16,25.57,35.39,27.97,78.8,0.0,0,174.0,9.97,12.46,1005.66,247.0,6.6,5864.0,4,9.82,-6.09,17.45,29.44,30.89
2020-07-08,"Yangon, Myanmar",Yangon International Airport (VYYY),30.89,27.3,35.51,29.46,82.1,15.07,0,283.0,8.78,9.11,1005.96,152.0,8.0,5101.0,8,8.21,0.3,15.07,44.51,32.0
2020-07-09,"Yangon, Myanmar",Yangon International Airport (VYYY),32.0,29.74,35.47,27.2,78.4,10.75,0,252.0,13.02,13.49,1008.94,202.0,6.0,6418.0,8,5.74,2.98,25.82,54.28,30.22
2020-07-10,"Yangon, Myanmar",Yangon International Airport (VYYY),30.22,26.05,35.09,28.17,76.8,11.27,0,308.0,8.05,8.26,1006.01,144.0,6.8,6275.0,8,9.05,-2.94,37.1,58.67,30.64
2020-07-11,"Yangon, Myanmar",Yangon International Airport (VYYY),30.64,26.44,34.18,27.96,83.3,0.0,0,238.0,7.78,10.53,1004.9,118.0,5.5,6327.0,3,7.74,-1.1,22.02,54.55,28.7
2020-07-12,"Yangon, Myanmar",Yangon International Airport (VYYY),28.7,24.31,33.24,24.6,84.6,0.0,0,259.0,9.53,9.74,1008.0,116.0,6.1,5520.0,4,8.93,3.1,11.27,37.1,28.55
2020-07-13,"Yangon, Myanmar",Yangon International Airport (VYYY),28.55,24.41,33.92,24.93,86.9,0.0,0,197.0,9.28,11.85,1005.96,247.0,6.7,7622.0,4,9.52,-2.04,0.0,37.1,30.31
2020-07-14,"Yangon, Myanmar",Yangon International Airport (VYYY),30.31,25.92,34.71,26.49,79.1,9.13,0,222.0,5.28,7.24,1005.26,343.0,6.6,6120.0,7,8.79,-0.7,9.13,46.23,29.36
2020-07-15,"Yangon, Myanmar",Yangon International Airport (VYYY),29.36,25.71,34.02,25.75,83.7,22.25,0,288.0,4.56,6.55,1007.35,190.0,8.0,5189.0,8,8.31,2.08,31.37,53.4,26.22
2020-07-16,"Yangon, Myanmar",Yangon International Airport (VYYY),26.22,22.94,30.55,24.62,82.7,0.0,0,286.0,10.06,14.64,1006.73,234.0,,6560.0,4,7.61,-0.62,31.37,42.65,30.07
2020-07-17,"Yangon, Myanmar",Yangon International Airport (VYYY),30.07,26.33,36.15,25.66,89.1,4.93,0,307.0,10.02,16.88,1008.78,245.0,5.7,,7,9.81,2.05,27.17,36.3,30.13
2020-07-18,"Yangon, Myanmar",Yangon International Airport (VYYY),30.13,25.55,35.28,26.31,73.8,0.0,0,271.0,6.38,7.28,1005.78,290.0,5.4,8140.0,3,9.73,-3.0,4.93,36.3,30.06
2020-07-19,"Yangon, Myanmar",Yangon International Airport (VYYY),30.06,25.61,34.52,27.21,75.0,5.2,0,272.0,11.52,20.87,1007.35,239.0,7.0,5963.0,7,8.92,1.57,10.13,41.5,27.95
2020-07-20,"Yangon, Myanmar",Yangon International Airport (VYYY),27.95,23.74,32.3,26.05,88.3,10.76,0,278.0,7.65,13.37,1007.22,201.0,7.8,4906.0,8,8.56,-0.13,15.96,52.26,28.39
2020-07-21,"Yangon, Myanmar",Yangon International Airport (VYYY),28.39,24.34,33.03,25.23,89.0,13.17,0,176.0,8.11,11.75,1007.25,154.0,4.8,5999.0,8,8.69,0.04,29.13,56.3,30.01
2020-07-22,"Yangon, Myanmar",Yangon International Airport (VYYY),30.01,25.75,34.4,27.93,89.0,12.82,0,190.0,8.15,11.23,1005.45,,4.9,5920.0,8,8.65,-1.8,36.75,46.88,30.77
2020-07-23,"Yangon, Myanmar",Yangon International Airport (VYYY),30.77,27.52,34.53,26.1,83.1,30.82,0,222.0,6.5,8.81,1005.5,334.0,8.0,3335.0,25,7.0,0.05,56.82,77.7,31.19
2020-07-24,"Yangon, Myanmar",Yangon International Airport (VYYY),31.19,27.09,35.0,26.87,88.2,1.7,0,259.0,12.29,14.86,1006.19,145.0,6.0,6273.0,7,7.91,0.7,45.35,74.48,30.11
2020-07-25,"Yangon, Myanmar",Yangon International Airport (VYYY),30.11,26.17,34.51,25.16,82.1,9.67,0,213.0,7.94,9.97,1004.75,142.0,4.1,4699.0,7,8.34,-1.45,42.2,84.15,29.24
2020-07-26,"Yangon, Myanmar",Yangon International Airport (VYYY),29.24,26.38,33.55,26.75,85.7,0.0,0,268.0,7.1,9.9,1007.76,216.0,6.2,6450.0,4,7.17,3.01,11.38,78.95,29.36
2020-07-27,"Yangon, Myanmar",Yangon International Airport (VYYY),29.36,27.0,33.08,25.38,90.5,7.31,0,239.0,5.94,6.36,1004.47,343.0,4.9,5822.0,7,6.08,-3.29,16.99,75.51,31.55
2020-07-28,"Yangon, Myanmar",Yangon International Airport (VYYY),31.55,27.24,34.99,28.9,84.6,4.81,0,250.0,8.35,8.51,1007.14,149.0,5.0,7050.0,7,7.75,2.67,12.12,67.14,30.25
2020-07-29,"Yangon, Myanmar",Yangon International Airport (VYYY),30.25,26.57,35.77,27.96,74.1,5.87,0,232.0,5.38,11.67,1007.35,118.0,6.2,5941.0,7,9.2,0.21,17.99,60.19,31.54
2020-07-30,"Yangon, Myanmar",Yangon International Airport (VYYY),31.54,28.79,34.22,27.95,81.9,0.0,0,253.0,7.09,8.59,1007.54,256.0,5.5,6727.0,3,5.42,0.19,10.68,29.36,29.65
2020-07-31,"Yangon, Myanmar",Yangon International Airport (VYYY),29.65,25.82,34.77,23.76,76.3,18.0,0,147.0,5.59,8.95,1010.15,319.0,4.8,4349.0,8,8.95,2.61,23.87,45.66,29.96
2020-08-01,"Yangon, Myanmar",Yangon International Airport (VYYY),29.96,26.01,35.35,27.3,79.4,0.0,0,265.0,10.68,16.42,1008.66,370.0,3.8,6805.0,1,9.33,-1.5,18.0,35.99,30.69
2020-08-02,"Yangon, Myanmar",Yangon International Airport (VYYY),30.69,27.33,34.33,26.88,75.5,0.0,0,274.0,10.59,13.0,1006.48,298.0,7.6,6990.0,4,6.99,-2.18,18.0,35.99,30.42
2020-08-03,"Yangon, Myanmar",Yangon International Airport (VYYY),30.42,27.25,35.54,27.03,78.4,0.0,0,181.0,8.67,9.87,1009.08,246.0,4.6,6663.0,3,8.29,2.59,0.0,28.68,29.08
2020-08-04,"Yangon, Myanmar",Yangon International Airport (VYYY),29.08,25.42,33.97,25.2,77.6,11.74,0,188.0,,21.68,1006.23,302.0,4.7,5597.0,8,8.54,-2.85,11.74,35.61,30.87
2020-08-05,"Yangon, Myanmar",Yangon International Airport (VYYY),30.87,27.66,36.1,27.79,82.5,0.0,0,278.0,7.17,9.14,1006.15,313.0,4.1,7856.0,3,8.44,-0.08,11.74,29.74,28.57
2020-08-06,"Yangon, Myanmar",Yangon International Airport (VYYY),28.57,25.07,32.75,26.56,80.2,0.0,0,238.0,7.7,10.41,1008.96,320.0,5.2,8118.0,3,7.68,2.81,11.74,29.74,29.03
2020-08-07,"Yangon, Myanmar",Yangon International Airport (VYYY),29.03,25.56,33.81,27.32,79.9,2.81,0,220.0,7.46,10.96,1008.5,,6.1,7280.0,7,8.25,-0.46,2.81,14.56,31.15
2020-08-08,"Yangon, Myanmar",Yangon International Airport (VYYY),31.15,27.65,36.69,28.73,78.5,18.31,0,264.0,6.78,9.58,1008.77,240.0,4.1,5164.0,8,9.04,0.26,21.12,32.87,31.19
2020-08-09,"Yangon, Myanmar",Yangon International Airport (VYYY),31.19,27.05,36.99,27.95,72.8,15.46,0,256.0,10.3,10.94,1007.8,376.0,7.2,7268.0,8,9.93,-0.97,36.58,48.32,28.45
2020-08-10,"Yangon, Myanmar",Yangon International Airport (VYYY),28.45,24.64,32.29,24.4,85.9,0.0,0,,6.79,8.58,1007.21,350.0,5.0,8035.0,3,7.65,-0.59,33.77,48.32,28.41
2020-08-11,"Yangon, Myanmar",Yangon International Airport (VYYY),28.41,24.23,33.18,26.53,72.4,8.63,0,187.0,9.04,10.29,1009.4,284.0,6.4,6373.0,7,8.95,2.19,24.08,45.2,29.3
2020-08-12,"Yangon, Myanmar",Yangon International Airport (VYYY),29.3,25.06,34.52,25.73,74.2,0.0,0,243.0,8.26,12.32,1006.12,263.0,5.7,7772.0,3,9.46,-3.28,8.63,45.2,29.81
2020-08-13,"Yangon, Myanmar",Yangon International Airport (VYYY),29.81,26.82,33.78,,82.0,20.0,0,124.0,8.39,9.44,1007.21,291.0,3.6,6622.0,8,6.96,1.09,28.63,65.21,28.82
2020-08-14,"Yangon, Myanmar",Yangon International Airport (VYYY),28.82,24.84,32.54,26.35,81.2,0.0,0,214.0,11.21,11.6,1007.47,365.0,5.0,7864.0,3,7.7,0.26,20.0,62.4,28.78
2020-08-15,"Yangon, Myanmar",Yangon International Airport (VYYY),28.78,24.61,33.88,24.81,72.7,0.0,0,213.0,5.57,8.66,1005.18,345.0,5.4,8049.0,3,9.27,-2.29,20.0,44.09,27.9
2020-08-16,"Yangon, Myanmar",Yangon International Airport (VYYY),27.9,23.84,31.92,23.88,85.9,0.0,0,247.0,6.21,7.81,1008.11,309.0,4.4,10746.0,3,8.09,2.93,0.0,28.63,29.3
2020-08-17,"Yangon, Myanmar",Yangon International Airport (VYYY),29.3,25.41,35.28,25.01,73.5,0.0,0,170.0,8.04,16.31,1012.45,325.0,5.3,7859.0,3,9.87,4.34,0.0,28.63,28.21
2020-08-18,"Yangon, Myanmar",Yangon International Airport (VYYY),28.21,25.25,32.71,24.13,70.2,0.0,0,227.0,8.18,9.1,1006.81,384.0,3.6,8941.0,1,7.46,-5.63,0.0,20.0,30.43
2020-08-19,"Yangon, Myanmar",Yangon International Airport (VYYY),30.43,27.25,35.48,25.62,76.5,0.0,0,195.0,7.32,13.32,1009.52,340.0,5.5,8604.0,3,8.24,2.71,0.0,20.0,29.69
2020-08-20,"Yangon, Myanmar",Yangon International Airport (VYYY),29.69,25.64,34.45,26.4,76.7,11.38,0,159.0,10.17,,1009.53,272.0,3.7,6769.0,8,8.81,0.01,11.38,11.38,28.54
2020-08-21,"Yangon, Myanmar",Yangon International Airport (VYYY),28.54,25.37,32.52,26.18,83.5,4.41,0,227.0,11.32,13.21,1007.11,462.0,4.4,6636.0,7,7.15,-2.41,15.79,15.79,30.35
2020-08-22,"Yangon, Myanmar",Yangon International Airport (VYYY),30.35,25.63,35.94,26.96,70.6,0.0,0,,10.56,17.72,1009.76,300.0,2.1,7458.0,1,10.31,2.65,15.79,15.79,27.7
2020-08-23,"Yangon, Myanmar",Yangon International Airport (VYYY),27.7,23.62,31.63,25.92,76.6,4.22,0,247.0,6.22,6.85,1007.99,416.0,1.5,7629.0,7,8.01,-1.77,8.63,20.0,29.04
2020-08-24,"Yangon, Myanmar",Yangon International Airport (VYYY),29.04,24.88,34.03,27.04,67.6,0.0,0,245.0,7.49,11.27,1011.68,348.0,2.7,8533.0,1,9.15,3.69,4.22,20.0,32.23
2020-08-25,"Yangon, Myanmar",Yangon International Airport (VYYY),32.23,28.03,38.07,28.26,74.3,0.0,0,187.0,5.15,7.57,1010.41,175.0,4.6,8380.0,3,10.04,-1.27,4.22,20.0,27.99
2020-08-26,"Yangon, Myanmar",Yangon International Airport (VYYY),27.99,24.58,32.35,25.48,76.9,0.0,0,230.0,8.13,8.94,1008.64,427.0,4.3,7543.0,3,7.77,-1.77,0.0,20.0,29.15
2020-08-27,"Yangon, Myanmar",Yangon International Airport (VYYY),29.15,26.06,34.7,26.67,75.7,0.0,0,255.0,7.86,9.54,1008.76,340.0,3.4,8281.0,1,8.64,0.12,0.0,8.63,28.92
2020-08-28,"Yangon, Myanmar",Yangon International Airport (VYYY),28.92,24.5,33.17,26.41,73.4,0.0,0,252.0,3.06,4.72,1010.1,375.0,5.0,8657.0,3,8.67,1.34,0.0,4.22,31.19
2020-08-29,"Yangon, Myanmar",Yangon International Airport (VYYY),31.19,27.06,35.32,27.8,77.3,0.0,0,185.0,7.0,12.82,1005.63,382.0,3.8,7149.0,1,8.26,-4.47,0.0,4.22,28.38
2020-08-30,"Yangon, Myanmar",Yangon International Airport (VYYY),28.38,24.94,33.54,25.3,73.2,0.0,0,229.0,10.67,16.01,1008.07,532.0,2.4,10051.0,1,8.6,2.43,0.0,0.0,30.32
2020-08-31,"Yangon, Myanmar",Yangon International Airport (VYYY),30.32,26.97,34.98,28.16,79.4,0.0,0,213.0,8.98,13.08,1010.1,460.0,3.0,10640.0,1,8.01,2.03,0.0,0.0,29.68
2020-09-01,"Yangon, Myanmar",Yangon International Airport (VYYY),29.68,24.54,33.89,27.23,73.9,0.0,0,126.0,5.33,7.11,1009.18,421.0,1.7,8579.0,1,9.36,-0.92,0.0,0.0,29.86
2020-09-02,"Yangon, Myanmar",Yangon International Airport (VYYY),29.86,25.94,33.34,25.97,79.0,0.0,0,114.0,7.68,8.77,1005.32,436.0,2.6,8784.0,1,7.4,-3.85,0.0,0.0,28.49
2020-09-03,"Yangon, Myanmar",Yangon International Airport (VYYY),28.49,25.1,32.33,24.23,69.4,0.0,0,175.0,7.41,8.69,1011.37,375.0,1.7,7999.0,1,7.24,6.05,0.0,0.0,28.32
2020-09-04,"Yangon, Myanmar",Yangon International Airport (VYYY),28.32,24.76,32.01,24.96,70.8,0.0,0,261.0,,4.3,1007.53,480.0,4.8,9712.0,3,7.25,-3.84,0.0,0.0,29.28
2020-09-05,"Yangon, Myanmar",Yangon International Airport (VYYY),29.28,26.28,33.23,25.4,75.4,0.0,0,209.0,10.76,12.59,1007.36,337.0,4.0,9157.0,1,6.95,-0.17,0.0,0.0,28.95
2020-09-06,"Yangon, Myanmar",Yangon International Airport (VYYY),28.95,25.49,33.2,24.47,72.8,,0,264.0,8.2,14.8,1008.96,449.0,1.3,9863.0,1,7.71,1.6,0.0,0.0,29.61
2020-09-07,"Yangon, Myanmar",Yangon International Airport (VYYY),29.61,25.89,35.2,28.92,62.3,0.0,0,277.0,8.34,12.44,1010.69,480.0,3.2,9125.0,1,9.31,1.73,0.0,0.0,28.14
2020-09-08,"Yangon, Myanmar",Yangon International Airport (VYYY),28.14,23.77,33.25,24.85,78.7,0.0,0,146.0,8.55,9.84,1006.95,352.0,3.6,8960.0,1,9.48,-3.74,0.0,0.0,30.08
2020-09-09,"Yangon, Myanmar",Yangon International Airport (VYYY),30.08,25.49,34.78,24.79,74.9,0.0,0,184.0,5.62,7.64,1008.33,609.0,3.6,9216.0,1,9.29,1.38,0.0,0.0,29.48
2020-09-10,"Yangon, Myanmar",Yangon International Airport (VYYY),29.48,26.21,34.81,26.33,66.3,0.0,0,213.0,7.94,8.85,1008.76,553.0,2.5,9198.0,1,8.6,0.43,0.0,0.0,29.67
2020-09-11,"Yangon, Myanmar",Yangon International Airport (VYYY),29.67,26.66,33.77,26.02,61.1,0.0,0,256.0,10.82,15.18,1008.89,355.0,4.0,11055.0,1,7.1,0.14,0.0,0.0,29.32
2020-09-12,"Yangon, Myanmar",Yangon International Airport (VYYY),29.32,25.56,34.2,24.43,68.5,0.0,0,223.0,8.46,18.68,1008.47,390.0,2.7,10217.0,1,8.64,-0.43,0.0,0.0,27.58
2020-09-13,"Yangon, Myanmar",Yangon International Airport (VYYY),27.58,23.8,32.94,24.11,76.5,0.0,0,156.0,7.4,8.58,1006.84,455.0,3.8,8593.0,1,9.14,-1.62,0.0,0.0,28.12
2020-09-14,"Yangon, Myanmar",Yangon International Airport (VYYY),28.12,23.85,33.31,24.9,69.3,0.0,0,151.0,2.95,14.87,1008.31,527.0,1.2,10297.0,1,9.46,1.47,0.0,0.0,27.83
2020-09-15,"Yangon, Myanmar",Yangon International Airport (VYYY),27.83,23.98,33.1,23.8,76.8,0.0,0,233.0,6.83,8.13,1009.48,513.0,2.9,11736.0,1,9.12,1.17,0.0,0.0,28.95
2020-09-16,"Yangon, Myanmar",Yangon International Airport (VYYY),28.95,25.28,33.53,25.7,75.1,0.0,0,82.0,5.87,13.24,1007.06,515.0,0.0,11126.0,1,8.25,-2.42,0.0,0.0,28.83
2020-09-17,"Yangon, Myanmar",Yangon International Airport (VYYY),28.83,25.54,33.37,26.51,76.8,0.0,0,109.0,7.99,9.95,1009.31,459.0,0.8,12192.0,1,7.83,2.25,0.0,0.0,29.06
2020-09-18,"Yangon, Myanmar",Yangon International Airport (VYYY),29.06,25.1,33.59,26.48,67.7,0.0,0,96.0,7.5,11.7,1009.98,540.0,2.7,10215.0,1,8.49,0.67,0.0,0.0,26.7
2020-09-19,"Yangon, Myanmar",Yangon International Airport (VYYY),26.7,22.52,30.48,22.73,70.8,0.0,0,158.0,,7.95,1009.32,561.0,2.8,9400.0,1,7.95,-0.66,0.0,0.0,29.1
2020-09-20,"Yangon, Myanmar",Yangon International Airport (VYYY),29.1,26.16,33.74,26.83,69.3,0.0,0,121.0,8.51,9.21,1013.31,530.0,1.4,9304.0,1,7.58,3.99,0.0,0.0,28.52
2020-09-21,"Yangon, Myanmar",Yangon International Airport (VYYY),28.52,25.11,33.06,26.41,71.8,0.0,0,182.0,7.8,9.2,1007.65,527.0,2.1,11555.0,1,7.96,-5.66,0.0,0.0,28.61
2020-09-22,"Yangon, Myanmar",Yangon International Airport (VYYY),28.61,23.82,33.72,24.73,65.3,0.0,0,188.0,9.07,9.41,1012.94,425.0,1.7,11365.0,1,9.9,5.29,0.0,0.0,27.15
2020-09-23,"Yangon, Myanmar",Yangon International Airport (VYYY),27.15,23.54,32.0,23.96,77.4,0.0,0,123.0,4.54,4.71,1011.75,600.0,1.3,10162.0,1,8.47,-1.19,0.0,0.0,27.98
2020-09-24,"Yangon, Myanmar",Yangon International Airport (VYYY),27.98,23.59,32.67,26.84,79.3,0.0,0,171.0,9.58,10.68,1012.47,327.0,1.0,11217.0,1,9.08,0.71,0.0,0.0,28.12
2020-09-25,"Yangon, Myanmar",Yangon International Airport (VYYY),28.12,23.59,32.95,24.06,78.7,0.0,0,200.0,9.25,13.54,1008.84,549.0,2.6,9488.0,1,9.35,-3.63,0.0,0.0,29.04
2020-09-26,"Yangon, Myanmar",Yangon International Airport (VYYY),29.04,25.45,33.55,25.04,66.0,0.0,0,234.0,8.32,9.87,1010.12,537.0,0.3,10209.0,1,8.1,1.28,0.0,0.0,28.13
2020-09-27,"Yangon, Myanmar",Yangon International Airport (VYYY),28.13,23.82,33.79,24.34,76.7,0.0,0,169.0,8.21,8.62,1012.19,502.0,3.0,9130.0,1,9.96,2.07,0.0,0.0,29.23
2020-09-28,"Yangon, Myanmar",Yangon International Airport (VYYY),29.23,24.83,34.42,26.43,73.9,0.0,0,229.0,8.57,11.81,1007.07,597.0,2.7,9715.0,1,9.6,-5.12,0.0,0.0,27.54
2020-09-29,"Yangon, Myanmar",Yangon International Airport (VYYY),27.54,23.92,32.01,25.99,74.6,0.0,0,153.0,8.37,12.37,1010.59,539.0,,9469.0,1,8.09,3.52,0.0,0.0,28.81
2020-09-30,"Yangon, Myanmar",Yangon International Airport (VYYY),28.81,25.39,33.49,24.83,72.7,0.0,0,250.0,6.88,10.68,1008.85,381.0,1.3,10022.0,1,8.1,-1.74,0.0,0.0,27.33
2020-10-01,"Yangon, Myanmar",Yangon International Airport (VYYY),27.33,23.49,32.58,25.07,70.2,0.0,0,178.0,11.8,13.08,1010.41,398.0,3.6,9749.0,1,9.08,1.56,0.0,0.0,27.53
2020-10-02,"Yangon, Myanmar",Yangon International Airport (VYYY),27.53,22.9,32.01,27.04,69.8,0.0,0,145.0,6.3,6.59,1007.63,642.0,4.3,9648.0,3,9.11,-2.78,0.0,0.0,27.18
2020-10-03,"Yangon, Myanmar",Yangon International Airport (VYYY),27.18,23.11,32.23,23.03,71.7,0.0,0,194.0,9.23,13.78,1006.04,569.0,2.0,9447.0,1,9.12,-1.6,0.0,0.0,28.23
2020-10-04,"Yangon, Myanmar",Yangon International Airport (VYYY),28.23,23.96,32.87,24.89,74.2,0.0,0,304.0,6.79,10.05,1010.67,411.0,0.7,11531.0,1,8.9,4.63,0.0,0.0,27.33
2020-10-05,"Yangon, Myanmar",Yangon International Airport (VYYY),27.33,22.94,32.48,22.87,81.2,0.0,0,284.0,8.63,11.89,1006.8,551.0,0.6,9320.0,1,9.54,-3.87,0.0,0.0,27.62
2020-10-06,"Yangon, Myanmar",Yangon International Airport (VYYY),27.62,22.8,32.89,25.69,,0.0,0,221.0,6.36,9.41,1011.46,443.0,1.2,10204.0,1,10.08,4.65,0.0,0.0,26.74
2020-10-07,"Yangon, Myanmar",Yangon International Airport (VYYY),26.74,23.19,31.31,21.42,64.5,0.0,0,210.0,8.91,12.95,1002.92,521.0,3.8,10587.0,1,8.11,-8.54,0.0,0.0,28.38
2020-10-08,"Yangon, Myanmar",Yangon International Airport (VYYY),28.38,25.08,33.84,24.83,71.3,0.0,0,281.0,8.29,9.56,1006.83,308.0,,10129.0,1,8.76,3.91,0.0,0.0,27.99
2020-10-09,"Yangon, Myanmar",Yangon International Airport (VYYY),27.99,24.74,33.14,24.31,74.0,0.0,0,149.0,6.51,7.14,1011.9,557.0,2.4,8106.0,1,8.4,5.07,0.0,0.0,26.09
2020-10-10,"Yangon, Myanmar",Yangon International Airport (VYYY),26.09,21.89,30.4,24.43,70.1,0.0,0,188.0,7.26,12.12,1009.35,414.0,3.0,9352.0,1,8.51,-2.55,0.0,0.0,27.73
2020-10-11,"Yangon, Myanmar",Yangon International Airport (VYYY),27.73,23.73,32.77,25.37,75.0,0.0,0,188.0,10.67,11.8,1010.99,516.0,2.7,10798.0,1,9.04,1.64,0.0,0.0,27.62
2020-10-12,"Yangon, Myanmar",Yangon International Airport (VYYY),27.62,23.75,33.19,23.81,65.1,0.0,0,87.0,6.9,9.25,1010.38,497.0,1.9,9673.0,1,9.44,-0.61,0.0,0.0,26.12
2020-10-13,"Yangon, Myanmar",Yangon International Airport (VYYY),26.12,22.81,30.61,22.81,73.7,0.0,0,252.0,8.67,12.83,1010.91,373.0,4.4,9283.0,3,7.79,0.54,0.0,0.0,28.6
2020-10-14,"Yangon, Myanmar",Yangon International Airport (VYYY),28.6,25.75,33.25,27.06,80.0,0.0,0,169.0,6.18,8.98,1008.52,362.0,1.6,10676.0,1,7.5,-2.39,0.0,0.0,27.31
2020-10-15,"Yangon, Myanmar",Yangon International Airport (VYYY),27.31,23.86,32.68,23.48,72.7,0.0,0,234.0,8.62,16.04,1011.04,536.0,2.7,10969.0,1,8.82,2.52,0.0,0.0,27.7
2020-10-16,"Yangon, Myanmar",Yangon International Airport (VYYY),27.7,24.15,32.59,25.18,73.5,0.0,0,210.0,6.21,8.22,1009.63,528.0,0.8,10277.0,1,8.45,-1.41,0.0,0.0,25.67
2020-10-17,"Yangon, Myanmar",Yangon International Airport (VYYY),25.67,21.02,31.03,22.17,76.9,0.0,0,210.0,6.9,15.28,1014.79,542.0,2.7,9955.0,1,10.01,5.15,0.0,0.0,28.45
2020-10-18,"Yangon, Myanmar",Yangon International Airport (VYYY),28.45,25.02,34.13,27.12,67.1,0.0,0,191.0,4.26,6.21,1012.17,485.0,1.7,10352.0,1,9.1,-2.61,0.0,0.0,27.07
2020-10-19,"Yangon, Myanmar",Yangon International Airport (VYYY),27.07,23.19,31.7,23.61,82.2,0.0,0,165.0,10.81,14.04,1007.19,581.0,3.0,9566.0,1,8.5,-4.98,0.0,0.0,25.86
2020-10-20,"Yangon, Myanmar",Yangon International Airport (VYYY),25.86,22.01,31.37,22.34,68.6,0.0,0,208.0,6.11,7.42,1009.7,436.0,3.3,10169.0,1,9.36,2.51,0.0,0.0,26.26
2020-10-21,"Yangon, Myanmar",Yangon International Airport (VYYY),26.26,23.76,30.18,23.08,73.2,0.0,0,204.0,8.08,9.19,1009.14,505.0,4.0,9537.0,3,6.42,-0.56,0.0,0.0,26.95
2020-10-22,"Yangon, Myanmar",Yangon International Airport (VYYY),26.95,23.62,32.2,24.58,71.2,0.0,0,172.0,7.04,,1006.32,576.0,1.2,8706.0,1,8.58,-2.82,0.0,0.0,26.45
2020-10-23,"Yangon, Myanmar",Yangon International Airport (VYYY),26.45,23.13,31.44,23.81,76.2,0.0,0,290.0,6.39,15.19,1009.46,355.0,3.3,10913.0,1,8.31,3.13,0.0,0.0,26.58
2020-10-24,"Yangon, Myanmar",Yangon International Airport (VYYY),26.58,22.94,31.82,23.13,75.9,0.0,0,147.0,9.26,11.79,1011.09,660.0,0.0,9988.0,1,8.88,1.64,0.0,0.0,26.59
2020-10-25,"Yangon, Myanmar",Yangon International Airport (VYYY),26.59,22.4,32.16,25.31,83.7,0.0,0,222.0,6.79,7.57,1011.2,492.0,1.7,9796.0,1,9.76,0.11,0.0,0.0,26.02
2020-10-26,"Yangon, Myanmar",Yangon International Airport (VYYY),26.02,22.83,30.88,23.96,67.1,0.0,0,202.0,6.1,7.53,1010.14,496.0,3.1,9663.0,1,8.04,-1.06,0.0,0.0,27.0
2020-10-27,"Yangon, Myanmar",Yangon International Airport (VYYY),27.0,24.73,31.8,22.74,68.6,0.0,0,302.0,,17.61,1014.55,450.0,0.8,10644.0,1,7.07,4.41,0.0,0.0,26.2
2020-10-28,"Yangon, Myanmar",Yangon International Airport (VYYY),26.2,22.36,31.63,22.09,85.0,0.0,0,258.0,8.58,9.79,1012.89,495.0,0.7,9956.0,1,9.27,-1.66,0.0,0.0,27.3
2020-10-29,"Yangon, Myanmar",Yangon International Airport (VYYY),27.3,22.87,32.78,25.22,72.0,0.0,0,184.0,6.48,10.57,1010.41,426.0,0.0,9983.0,1,9.91,-2.48,0.0,0.0,26.29
2020-10-30,"Yangon, Myanmar",Yangon International Airport (VYYY),26.29,22.9,30.13,,76.9,0.0,0,253.0,5.25,7.93,1013.7,527.0,1.7,9459.0,1,7.23,3.29,0.0,0.0,27.04
2020-10-31,"Yangon, Myanmar",Yangon International Airport (VYYY),27.04,23.95,31.14,24.75,77.5,0.0,0,165.0,11.78,12.15,1015.07,391.0,2.0,10409.0,1,7.19,1.36,0.0,0.0,28.17
2020-11-01,"Yangon, Myanmar",Yangon International Airport (VYYY),28.17,24.9,32.51,24.22,79.7,0.0,0,255.0,9.06,9.31,1011.97,583.0,2.3,9893.0,1,7.62,-3.1,0.0,0.0,24.26
2020-11-02,"Yangon, Myanmar",Yangon International Airport (VYYY),24.26,20.13,29.27,21.11,68.7,0.0,0,204.0,8.56,9.31,1012.58,386.0,2.4,9490.0,1,9.14,0.62,0.0,0.0,25.86
2020-11-03,"Yangon, Myanmar",Yangon International Airport (VYYY),25.86,22.69,30.1,23.87,73.5,0.0,0,180.0,6.26,9.26,1011.51,516.0,,8067.0,1,7.41,-1.07,0.0,0.0,26.06
2020-11-04,"Yangon, Myanmar",Yangon International Airport (VYYY),26.06,22.37,32.22,24.21,81.4,0.0,0,185.0,9.45,11.75,1010.94,549.0,,11660.0,1,9.86,-0.57,0.0,0.0,27.17
2020-11-05,"Yangon, Myanmar",Yangon International Airport (VYYY),27.17,22.51,31.41,24.78,80.0,0.0,0,179.0,5.87,9.41,1009.73,553.0,3.2,10139.0,1,8.9,-1.21,0.0,0.0,26.28
2020-11-06,"Yangon, Myanmar",Yangon International Airport (VYYY),26.28,22.26,32.39,,69.7,0.0,0,187.0,7.95,8.17,1010.06,312.0,1.6,9301.0,1,10.13,0.33,0.0,0.0,26.34
2020-11-07,"Yangon, Myanmar",Yangon International Airport (VYYY),26.34,21.79,31.06,24.14,80.9,0.0,0,271.0,10.34,10.55,1011.42,368.0,1.8,9471.0,1,9.27,1.36,0.0,0.0,25.6
2020-11-08,"Yangon, Myanmar",Yangon International Airport (VYYY),25.6,20.68,30.36,22.07,71.4,0.0,0,192.0,7.06,7.93,1011.05,580.0,1.7,11716.0,1,9.67,-0.37,0.0,0.0,26.23
2020-11-09,"Yangon, Myanmar",Yangon International Airport (VYYY),26.23,22.41,31.06,23.46,78.5,0.0,0,131.0,11.14,11.99,1014.92,479.0,4.9,11218.0,3,8.64,3.87,0.0,0.0,27.4
2020-11-10,"Yangon, Myanmar",Yangon International Airport (VYYY),27.4,23.42,31.98,23.65,72.6,0.0,0,253.0,11.06,12.73,1013.2,477.0,1.1,10217.0,1,8.57,-1.72,0.0,0.0,24.96
2020-11-11,"Yangon, Myanmar",Yangon International Airport (VYYY),24.96,20.58,30.04,21.22,69.4,0.0,0,251.0,7.62,7.86,1009.23,441.0,2.4,10225.0,1,9.46,-3.97,0.0,0.0,26.34
2020-11-12,"Yangon, Myanmar",Yangon International Airport (VYYY),26.34,23.03,30.24,22.7,75.3,0.0,0,239.0,9.7,12.41,1008.62,500.0,3.4,8134.0,1,7.22,-0.61,0.0,0.0,27.46
2020-11-13,"Yangon, Myanmar",Yangon International Airport (VYYY),27.46,23.31,31.82,22.21,79.7,0.0,0,235.0,6.95,8.02,1008.35,562.0,2.8,9974.0,1,8.51,-0.27,0.0,0.0,26.2
2020-11-14,"Yangon, Myanmar",Yangon International Airport (VYYY),26.2,23.0,30.58,22.6,76.8,0.0,0,164.0,7.38,11.76,1007.6,412.0,1.8,9667.0,1,7.58,-0.75,0.0,0.0,26.13
2020-11-15,"Yangon, Myanmar",Yangon International Airport (VYYY),26.13,22.41,30.46,24.15,74.8,0.0,0,217.0,8.5,12.14,1011.8,525.0,1.8,9838.0,1,8.04,4.21,0.0,0.0,25.59
2020-11-16,"Yangon, Myanmar",Yangon International Airport (VYYY),25.59,21.7,30.97,23.43,72.9,0.0,0,271.0,8.91,10.46,1012.11,593.0,2.7,10454.0,1,9.27,0.31,0.0,0.0,26.23
2020-11-17,"Yangon, Myanmar",Yangon International Airport (VYYY),26.23,23.03,30.88,21.65,82.9,0.0,0,239.0,9.19,9.91,1011.14,481.0,2.1,10051.0,1,7.84,-0.97,0.0,0.0,24.19
2020-11-18,"Yangon, Myanmar",Yangon International Airport (VYYY),24.19,20.06,29.03,20.22,80.8,0.0,0,146.0,8.89,9.99,1013.66,402.0,3.0,9986.0,1,8.97,2.52,0.0,0.0,27.6
2020-11-19,"Yangon, Myanmar",Yangon International Airport (VYYY),27.6,22.81,31.77,25.81,80.3,0.0,0,120.0,7.68,9.56,1014.26,410.0,1.6,8419.0,1,8.95,0.6,0.0,0.0,24.64
2020-11-20,"Yangon, Myanmar",Yangon International Airport (VYYY),24.64,21.15,29.82,22.56,73.6,9.64,0,199.0,7.15,12.54,1006.83,567.0,2.7,8699.0,7,8.67,-7.43,9.64,9.64,24.35
2020-11-21,"Yangon, Myanmar",Yangon International Airport (VYYY),24.35,21.48,29.57,19.33,74.1,0.0,0,183.0,6.84,7.62,1012.17,480.0,1.5,8734.0,1,8.09,5.34,9.64,9.64,24.92
2020-11-22,"Yangon, Myanmar",Yangon International Airport (VYYY),24.92,21.07,29.4,20.21,72.9,0.0,0,212.0,6.83,8.66,1010.56,438.0,3.5,10951.0,1,8.32,-1.61,9.64,9.64,24.79
2020-11-23,"Yangon, Myanmar",Yangon International Airport (VYYY),24.79,21.39,30.13,20.93,72.5,0.0,0,165.0,3.31,6.91,1011.43,349.0,2.5,10104.0,1,8.74,0.86,0.0,9.64,25.45
2020-11-24,"Yangon, Myanmar",Yangon International Airport (VYYY),25.45,21.24,30.62,22.35,78.4,0.0,0,183.0,3.77,4.42,1012.33,399.0,2.2,10817.0,1,9.38,0.9,0.0,9.64,24.43
2020-11-25,"Yangon, Myanmar",Yangon International Airport (VYYY),24.43,20.38,29.39,21.13,73.4,0.0,0,153.0,2.95,5.69,1010.43,582.0,3.8,9709.0,1,9.01,-1.9,0.0,9.64,25.06
2020-11-26,"Yangon, Myanmar",Yangon International Airport (VYYY),25.06,21.45,29.52,21.47,75.7,0.0,0,281.0,7.45,11.2,1011.9,421.0,1.6,11486.0,1,8.07,1.48,0.0,9.64,25.6
2020-11-27,"Yangon, Myanmar",Yangon International Airport (VYYY),25.6,21.72,31.14,21.91,76.9,0.0,0,188.0,8.53,10.03,1009.82,356.0,1.6,10267.0,1,9.42,-2.09,0.0,0.0,24.91
2020-11-28,"Yangon, Myanmar",Yangon International Airport (VYYY),24.91,21.07,29.32,23.48,85.2,0.0,0,244.0,10.1,13.51,1011.01,523.0,5.5,10985.0,3,8.25,1.19,0.0,0.0,26.41
2020-11-29,"Yangon, Myanmar",Yangon International Airport (VYYY),26.41,22.78,32.68,22.85,83.8,0.0,0,173.0,3.0,6.78,1012.54,461.0,1.7,9856.0,1,9.9,1.53,0.0,0.0,25.83
2020-11-30,"Yangon, Myanmar",Yangon International Airport (VYYY),25.83,22.13,31.37,21.93,71.7,0.0,0,149.0,8.09,9.04,1014.13,589.0,3.3,8494.0,1,9.24,1.59,0.0,0.0,25.61
2020-12-01,"Yangon, Myanmar",Yangon International Airport (VYYY),25.61,21.21,30.07,23.18,79.4,0.0,0,270.0,11.04,21.61,1012.5,511.0,2.7,10767.0,1,8.86,-1.63,0.0,0.0,24.22
2020-12-02,"Yangon, Myanmar",Yangon International Airport (VYYY),24.22,20.1,28.84,20.87,74.1,0.0,0,118.0,10.44,15.59,1011.03,455.0,3.1,10534.0,1,8.74,-1.47,0.0,0.0,23.84
2020-12-03,"Yangon, Myanmar",Yangon International Airport (VYYY),23.84,20.27,28.72,20.04,84.3,6.24,0,182.0,8.16,9.74,1012.25,488.0,0.2,9436.0,7,8.45,1.22,6.24,6.24,27.21
2020-12-04,"Yangon, Myanmar",Yangon International Airport (VYYY),27.21,23.97,32.38,24.32,71.9,0.0,0,205.0,6.66,7.13,1011.89,468.0,3.5,9964.0,1,8.41,-0.36,6.24,6.24,26.2
2020-12-05,"Yangon, Myanmar",Yangon International Airport (VYYY),26.2,22.03,30.39,24.14,81.1,0.0,0,155.0,11.41,16.34,1008.66,455.0,1.7,10969.0,1,8.36,-3.23,6.24,6.24,25.92
2020-12-06,"Yangon, Myanmar",Yangon International Airport (VYYY),25.92,22.46,31.23,24.59,79.9,0.0,0,178.0,12.12,16.39,1011.46,556.0,0.5,10447.0,1,8.77,2.79,0.0,6.24,25.78
2020-12-07,"Yangon, Myanmar",Yangon International Airport (VYYY),25.78,21.26,30.04,21.74,79.3,0.0,0,232.0,7.14,12.94,1011.94,496.0,3.1,10326.0,1,8.78,0.48,0.0,6.24,24.37
2020-12-08,"Yangon, Myanmar",Yangon International Airport (VYYY),24.37,21.45,28.66,20.09,80.7,0.0,0,218.0,8.51,16.74,1011.54,396.0,1.1,11488.0,1,7.2,-0.41,0.0,6.24,25.41
2020-12-09,"Yangon, Myanmar",Yangon International Airport (VYYY),25.41,22.01,30.56,22.63,84.1,0.0,0,189.0,8.47,9.11,1015.5,558.0,3.7,9800.0,1,8.55,3.96,0.0,6.24,25.73
2020-12-10,"Yangon, Myanmar",Yangon International Airport (VYYY),25.73,22.24,30.94,23.57,79.4,0.0,0,248.0,9.07,9.86,1008.93,522.0,2.0,11017.0,1,8.7,-6.57,0.0,0.0,23.66
2020-12-11,"Yangon, Myanmar",Yangon International Airport (VYYY),23.66,19.09,29.29,20.83,72.9,0.0,0,213.0,4.89,7.08,1012.47,538.0,4.7,10914.0,3,10.19,3.54,0.0,0.0,24.22
2020-12-12,"Yangon, Myanmar",Yangon International Airport (VYYY),24.22,19.94,29.74,20.79,80.6,0.0,0,232.0,6.45,9.81,1015.79,550.0,1.3,10571.0,1,9.8,3.32,0.0,0.0,24.56
2020-12-13,"Yangon, Myanmar",Yangon International Airport (VYYY),24.56,20.35,29.51,20.72,81.5,0.0,0,203.0,4.55,15.38,1007.07,411.0,1.8,10333.0,1,9.16,-8.72,0.0,0.0,24.66
2020-12-14,"Yangon, Myanmar",Yangon International Airport (VYYY),24.66,21.07,29.63,24.5,79.7,0.0,0,283.0,11.75,12.02,1012.51,378.0,1.3,9696.0,1,8.56,5.45,0.0,0.0,23.69
2020-12-15,"Yangon, Myanmar",Yangon International Airport (VYYY),23.69,19.84,28.88,22.21,85.1,0.0,0,208.0,6.47,10.69,1010.07,557.0,3.4,9710.0,1,9.04,-2.44,0.0,0.0,24.39
2020-12-16,"Yangon, Myanmar",Yangon International Airport (VYYY),24.39,20.55,28.86,22.21,82.2,0.0,0,208.0,7.95,11.21,1010.47,468.0,3.5,8928.0,1,8.3,0.39,0.0,0.0,25.85
2020-12-17,"Yangon, Myanmar",Yangon International Airport (VYYY),25.85,22.02,29.94,22.22,72.1,0.0,0,125.0,6.7,8.45,1012.09,475.0,0.9,10119.0,1,7.91,1.63,0.0,0.0,26.21
2020-12-18,"Yangon, Myanmar",Yangon International Airport (VYYY),26.21,22.1,30.96,22.53,76.1,0.0,0,274.0,8.61,11.5,1015.2,591.0,2.4,10870.0,1,8.86,3.11,0.0,0.0,25.54
2020-12-19,"Yangon, Myanmar",Yangon International Airport (VYYY),25.54,21.78,30.66,20.04,83.2,0.0,0,218.0,2.67,2.71,1015.8,459.0,2.9,9473.0,1,8.88,0.59,0.0,0.0,23.85
2020-12-20,"Yangon, Myanmar",Yangon International Airport (VYYY),23.85,21.05,28.22,19.45,75.3,0.0,0,199.0,7.64,9.68,1010.61,468.0,2.9,10348.0,1,7.17,-5.19,0.0,0.0,24.76
2020-12-21,"Yangon, Myanmar",Yangon International Airport (VYYY),24.76,21.53,28.72,21.44,82.5,0.0,0,259.0,10.26,15.22,1017.25,612.0,2.4,10815.0,1,7.19,6.65,0.0,0.0,24.36
2020-12-22,"Yangon, Myanmar",Yangon International Airport (VYYY),24.36,20.38,28.79,22.21,78.6,0.0,0,291.0,3.24,5.18,1011.89,391.0,3.3,9554.0,1,8.42,-5.36,0.0,0.0,23.53
2020-12-23,"Yangon, Myanmar",Yangon International Airport (VYYY),23.53,20.04,28.01,20.39,77.9,0.0,0,193.0,7.73,12.81,1011.33,478.0,4.2,10636.0,3,7.97,-0.56,0.0,0.0,23.79
2020-12-24,"Yangon, Myanmar",Yangon International Airport (VYYY),23.79,20.8,28.24,20.13,79.3,0.0,0,230.0,4.91,5.54,1009.94,384.0,1.3,11301.0,1,7.44,-1.39,0.0,0.0,23.29
2020-12-25,"Yangon, Myanmar",Yangon International Airport (VYYY),23.29,20.07,28.47,20.17,92.9,0.0,0,211.0,6.67,,1012.75,660.0,1.7,9907.0,1,8.4,2.81,0.0,0.0,23.69
2020-12-26,"Yangon, Myanmar",Yangon International Airport (VYYY),23.69,19.92,29.52,20.8,76.5,0.0,0,233.0,8.15,18.48,1009.99,628.0,,10211.0,1,9.6,-2.75,0.0,0.0,23.28
2020-12-27,"Yangon, Myanmar",Yangon International Airport (VYYY),23.28,20.22,28.44,20.81,75.2,0.0,0,248.0,10.6,20.21,1011.16,452.0,3.7,10177.0,1,8.22,1.16,0.0,0.0,23.74
2020-12-28,"Yangon, Myanmar",Yangon International Airport (VYYY),23.74,19.56,28.14,20.17,75.5,0.0,0,265.0,10.14,10.37,1010.43,467.0,0.7,9433.0,1,8.58,-0.73,0.0,0.0,24.99
2020-12-29,"Yangon, Myanmar",Yangon International Airport (VYYY),24.99,21.36,29.49,20.44,77.3,0.0,0,99.0,6.69,7.76,1010.42,658.0,0.0,9713.0,1,8.13,-0.0,0.0,0.0,25.71
2020-12-30,"Yangon, Myanmar",Yangon International Airport (VYYY),25.71,21.51,30.94,23.48,81.6,0.0,0,222.0,10.88,12.99,1014.93,504.0,1.5,7881.0,1,9.44,4.51,0.0,0.0,24.67
2020-12-31,"Yangon, Myanmar",Yangon International Airport (VYYY),24.67,21.05,29.39,20.78,78.8,0.0,0,111.0,5.09,8.68,1013.61,481.0,2.8,8692.0,1,8.34,-1.33,0.0,0.0,24.86
2021-01-01,"Yangon, Myanmar",Yangon International Airport (VYYY),24.86,22.05,29.41,21.57,72.7,0.0,0,140.0,5.04,10.8,1014.92,466.0,3.0,9572.0,1,7.35,1.31,0.0,0.0,22.96
2021-01-02,"Yangon, Myanmar",Yangon International Airport (VYYY),22.96,19.33,26.62,20.15,79.8,0.0,0,233.0,7.14,8.72,1011.22,542.0,4.0,9009.0,1,7.3,-3.7,0.0,0.0,24.23
2021-01-03,"Yangon, Myanmar",Yangon International Airport (VYYY),24.23,20.26,27.7,20.98,78.5,0.0,0,186.0,6.17,7.26,1015.58,477.0,1.8,9997.0,1,7.44,4.37,0.0,0.0,26.36
2021-01-04,"Yangon, Myanmar",Yangon International Airport (VYYY),26.36,22.6,30.61,22.36,75.8,0.0,0,212.0,7.29,7.85,1013.5,471.0,2.4,8650.0,1,8.01,-2.09,0.0,0.0,24.86
2021-01-05,"Yangon, Myanmar",Yangon International Airport (VYYY),24.86,21.56,29.56,22.98,86.1,0.0,0,196.0,9.26,12.57,1004.28,389.0,0.7,10299.0,1,7.99,-9.22,0.0,0.0,22.17
2021-01-06,"Yangon, Myanmar",Yangon International Airport (VYYY),22.17,18.6,27.31,18.73,78.5,0.0,0,203.0,10.05,11.13,1012.2,474.0,2.3,9794.0,1,8.71,7.92,0.0,0.0,23.42
2021-01-07,"Yangon, Myanmar",Yangon International Airport (VYYY),23.42,20.11,29.04,20.75,74.5,0.0,0,208.0,4.54,8.7,1014.54,467.0,1.6,10730.0,1,8.92,2.34,0.0,0.0,23.83
2021-01-08,"Yangon, Myanmar",Yangon International Airport (VYYY),23.83,20.06,28.12,20.02,71.6,0.0,0,143.0,10.76,12.91,1009.75,352.0,1.5,11279.0,1,8.06,-4.79,0.0,0.0,22.36
2021-01-09,"Yangon, Myanmar",Yangon International Airport (VYYY),22.36,18.35,27.16,20.38,72.0,0.0,0,241.0,5.7,10.05,1011.26,436.0,1.7,9155.0,1,8.81,1.5,0.0,0.0,23.92
2021-01-10,"Yangon, Myanmar",Yangon International Airport (VYYY),23.92,19.74,26.64,19.56,68.7,0.0,0,203.0,8.44,9.69,1013.1,445.0,0.9,9800.0,1,6.9,1.84,0.0,0.0,23.27
2021-01-11,"Yangon, Myanmar",Yangon International Airport (VYYY),23.27,18.98,27.02,20.86,69.8,0.0,0,220.0,8.07,14.22,1010.65,498.0,1.2,9169.0,1,8.04,-2.45,0.0,0.0,24.52
2021-01-12,"Yangon, Myanmar",Yangon International Airport (VYYY),24.52,21.06,29.62,21.58,87.0,0.0,0,137.0,9.32,13.5,1018.35,631.0,2.4,10310.0,1,8.56,7.7,0.0,0.0,23.84
2021-01-13,"Yangon, Myanmar",Yangon International Airport (VYYY),23.84,20.51,29.27,22.86,85.3,7.74,0,209.0,9.39,11.7,1013.79,413.0,0.6,8681.0,7,8.76,-4.56,7.74,7.74,23.51
2021-01-14,"Yangon, Myanmar",Yangon International Airport (VYYY),23.51,19.77,26.76,20.15,74.6,0.0,0,222.0,6.43,6.73,1013.4,487.0,2.2,10335.0,1,6.99,-0.38,7.74,7.74,24.73
2021-01-15,"Yangon, Myanmar",Yangon International Airport (VYYY),24.73,19.81,29.69,20.78,79.0,0.0,0,262.0,9.87,10.77,1010.0,455.0,5.2,,3,9.88,-3.4,7.74,7.74,23.98
2021-01-16,"Yangon, Myanmar",Yangon International Airport (VYYY),23.98,19.65,28.36,20.59,69.6,0.0,0,145.0,9.17,9.63,1014.58,500.0,2.6,10811.0,1,8.71,4.58,0.0,7.74,24.93
2021-01-17,"Yangon, Myanmar",Yangon International Airport (VYYY),24.93,21.13,28.97,22.84,71.0,0.0,0,164.0,7.02,11.59,1013.15,426.0,3.4,10711.0,1,7.84,-1.42,0.0,7.74,24.19
2021-01-18,"Yangon, Myanmar",Yangon International Airport (VYYY),24.19,21.07,29.13,20.96,75.6,0.0,0,206.0,8.17,8.83,1014.1,532.0,2.8,12191.0,1,8.06,0.95,0.0,7.74,24.4
2021-01-19,"Yangon, Myanmar",Yangon International Airport (VYYY),24.4,20.04,27.54,21.26,82.0,0.0,0,14.0,7.29,7.5,1014.71,469.0,1.0,10388.0,1,7.5,0.6,0.0,7.74,24.52
2021-01-20,"Yangon, Myanmar",Yangon International Airport (VYYY),24.52,20.17,29.0,22.17,71.2,0.0,0,276.0,8.15,9.81,1015.39,462.0,1.1,10996.0,1,8.83,0.68,0.0,0.0,24.99
2021-01-21,"Yangon, Myanmar",Yangon International Airport (VYYY),24.99,20.82,29.88,22.58,75.8,0.0,0,70.0,5.91,10.72,1012.38,364.0,4.1,10084.0,3,9.07,-3.01,0.0,0.0,23.34
2021-01-22,"Yangon, Myanmar",Yangon International Airport (VYYY),23.34,20.18,27.35,19.23,72.7,0.0,0,190.0,7.53,,1014.28,465.0,2.4,11401.0,1,7.17,1.9,0.0,0.0,22.85
2021-01-23,"Yangon, Myanmar",Yangon International Airport (VYYY),22.85,19.31,26.34,20.21,81.3,0.0,0,184.0,5.02,6.9,1010.92,379.0,2.4,9659.0,1,7.03,-3.36,0.0,0.0,22.45
2021-01-24,"Yangon, Myanmar",Yangon International Airport (VYYY),22.45,18.41,26.32,21.35,73.3,0.0,0,216.0,7.68,7.71,1010.57,396.0,1.8,9979.0,1,7.91,-0.36,0.0,0.0,23.87
2021-01-25,"Yangon, Myanmar",Yangon International Airport (VYYY),23.87,19.98,28.24,21.8,80.6,0.0,0,185.0,3.99,5.85,1012.75,375.0,3.1,10664.0,1,8.27,2.19,0.0,0.0,25.23
2021-01-26,"Yangon, Myanmar",Yangon International Airport (VYYY),25.23,22.09,31.16,22.66,72.0,0.0,0,213.0,11.98,13.78,1012.72,545.0,3.9,10589.0,1,9.07,-0.04,0.0,0.0,26.19
2021-01-27,"Yangon, Myanmar",Yangon International Airport (VYYY),26.19,23.19,30.56,22.86,80.5,0.0,0,242.0,9.51,13.32,1013.14,492.0,1.6,12099.0,1,7.37,0.43,0.0,0.0,25.6
2021-01-28,"Yangon, Myanmar",Yangon International Airport (VYYY),25.6,21.63,30.17,22.14,73.5,0.0,0,206.0,4.4,8.13,1014.06,417.0,1.5,11842.0,1,8.54,0.91,0.0,0.0,23.89
2021-01-29,"Yangon, Myanmar",Yangon International Airport (VYYY),23.89,21.04,28.54,20.62,77.0,0.0,0,269.0,5.28,10.74,1013.48,440.0,2.3,10328.0,1,7.5,-0.58,0.0,0.0,25.33
2021-01-30,"Yangon, Myanmar",Yangon International Airport (VYYY),25.33,20.88,28.75,21.97,75.0,0.0,0,232.0,5.87,5.96,1012.83,516.0,4.3,9792.0,3,7.86,-0.65,0.0,0.0,23.98
2021-01-31,"Yangon, Myanmar",Yangon International Airport (VYYY),23.98,19.9,28.18,21.73,72.2,0.0,0,177.0,11.89,12.7,1013.43,527.0,2.3,9724.0,1,8.28,0.6,0.0,0.0,23.46
2021-02-01,"Yangon, Myanmar",Yangon International Airport (VYYY),23.46,19.66,28.36,20.92,85.4,0.0,0,210.0,3.63,9.3,1011.12,484.0,1.0,9541.0,1,8.69,-2.31,0.0,0.0,24.74
2021-02-02,"Yangon, Myanmar",Yangon International Airport (VYYY),24.74,20.67,29.29,21.78,67.3,0.0,0,187.0,6.88,8.84,1014.05,433.0,0.8,8937.0,1,8.62,2.93,0.0,0.0,24.36
2021-02-03,"Yangon, Myanmar",Yangon International Airport (VYYY),24.36,20.46,30.19,19.71,77.2,0.0,0,223.0,6.21,8.04,1014.82,549.0,4.1,10444.0,3,9.72,0.77,0.0,0.0,25.43
2021-02-04,"Yangon, Myanmar",Yangon International Airport (VYYY),25.43,22.48,31.04,22.24,76.5,0.0,0,164.0,6.73,18.42,1013.64,518.0,1.7,10504.0,1,8.56,-1.18,0.0,0.0,22.48
2021-02-05,"Yangon, Myanmar",Yangon International Airport (VYYY),22.48,18.31,27.54,19.96,78.4,0.0,0,210.0,6.27,6.52,1013.05,382.0,2.2,10380.0,1,9.23,-0.59,0.0,0.0,24.61
2021-02-06,"Yangon, Myanmar",Yangon International Airport (VYYY),24.61,20.93,29.21,21.5,80.7,0.0,0,209.0,8.96,12.27,1012.15,361.0,2.4,8492.0,1,8.28,-0.9,0.0,0.0,24.6
2021-02-07,"Yangon, Myanmar",Yangon International Airport (VYYY),24.6,22.4,30.01,21.7,70.9,0.0,0,205.0,9.01,11.62,1012.84,281.0,3.6,8574.0,1,7.62,0.69,0.0,0.0,23.93
2021-02-08,"Yangon, Myanmar",Yangon International Airport (VYYY),23.93,20.62,28.91,20.21,79.7,0.0,0,213.0,7.51,9.52,1009.06,557.0,1.7,10362.0,1,8.29,-3.78,0.0,0.0,23.64
2021-02-09,"Yangon, Myanmar",Yangon International Airport (VYYY),23.64,20.43,28.2,19.41,80.4,0.0,0,183.0,11.6,17.84,1011.49,501.0,1.2,10429.0,1,7.77,2.43,0.0,0.0,23.73
2021-02-10,"Yangon, Myanmar",Yangon International Airport (VYYY),23.73,20.39,29.53,20.7,75.8,0.0,0,214.0,9.16,20.28,1015.11,400.0,2.1,10608.0,1,9.13,3.61,0.0,0.0,23.31
2021-02-11,"Yangon, Myanmar",Yangon International Airport (VYYY),23.31,19.23,27.93,18.87,76.5,0.0,0,204.0,7.06,8.92,1013.15,436.0,2.3,9470.0,1,8.7,-1.95,0.0,0.0,23.32
2021-02-12,"Yangon, Myanmar",Yangon International Airport (VYYY),23.32,18.96,27.74,20.06,80.4,0.0,0,160.0,6.48,7.41,1012.78,421.0,2.0,12489.0,1,8.78,-0.37,0.0,0.0,24.11
2021-02-13,"Yangon, Myanmar",Yangon International Airport (VYYY),24.11,20.32,28.15,24.39,79.7,0.0,0,193.0,6.92,10.62,1012.1,538.0,1.8,9569.0,1,7.83,-0.68,0.0,0.0,25.63
2021-02-14,"Yangon, Myanmar",Yangon International Airport (VYYY),25.63,22.37,29.73,21.22,73.9,0.0,0,161.0,9.33,9.52,1012.95,433.0,2.2,9877.0,1,7.36,0.85,0.0,0.0,25.78
2021-02-15,"Yangon, Myanmar",Yangon International Airport (VYYY),25.78,21.93,31.55,22.97,81.8,24.69,0,274.0,4.35,5.58,1010.6,500.0,2.5,7901.0,8,9.62,-2.35,24.69,24.69,25.05
2021-02-16,"Yangon, Myanmar",Yangon International Airport (VYYY),25.05,21.65,30.72,21.41,75.4,0.0,0,221.0,4.93,8.04,1011.2,660.0,1.5,8522.0,1,9.07,0.61,24.69,24.69,24.82
2021-02-17,"Yangon, Myanmar",Yangon International Airport (VYYY),24.82,20.84,29.14,21.7,84.2,0.0,0,251.0,8.78,9.18,1015.4,477.0,1.1,8264.0,1,8.3,4.2,24.69,24.69,25.31
2021-02-18,"Yangon, Myanmar",Yangon International Airport (VYYY),25.31,21.37,28.56,22.77,82.1,0.0,0,255.0,7.45,9.91,1014.06,494.0,0.9,,1,7.2,-1.34,0.0,24.69,25.15
2021-02-19,"Yangon, Myanmar",Yangon International Airport (VYYY),25.15,20.73,30.9,22.73,82.5,0.0,0,240.0,5.3,13.75,1014.04,395.0,4.6,11362.0,3,10.17,-0.02,0.0,24.69,25.01
2021-02-20,"Yangon, Myanmar",Yangon International Airport (VYYY),25.01,20.26,30.51,22.42,72.4,0.0,0,253.0,7.25,10.85,1014.41,329.0,0.7,10762.0,1,10.25,0.37,0.0,24.69,25.04
2021-02-21,"Yangon, Myanmar",Yangon International Airport (VYYY),25.04,21.24,30.92,22.87,86.5,0.0,0,196.0,6.05,6.22,1012.74,497.0,1.3,9590.0,1,9.68,-1.67,0.0,24.69,24.84
2021-02-22,"Yangon, Myanmar",Yangon International Airport (VYYY),24.84,21.26,29.45,20.88,71.8,0.0,0,258.0,6.96,12.87,1012.97,537.0,2.3,10544.0,1,8.19,0.23,0.0,0.0,23.93
2021-02-23,"Yangon, Myanmar",Yangon International Airport (VYYY),23.93,20.45,29.01,20.78,82.8,32.0,0,205.0,7.1,12.67,1014.78,490.0,0.6,4661.0,25,8.55,1.81,32.0,32.0,26.08
2021-02-24,"Yangon, Myanmar",Yangon International Airport (VYYY),26.08,22.51,30.43,23.87,80.6,0.0,0,251.0,8.54,9.01,1012.75,468.0,1.2,,1,7.92,-2.03,32.0,32.0,24.63
2021-02-25,"Yangon, Myanmar",Yangon International Airport (VYYY),24.63,19.64,30.11,20.31,80.6,0.0,0,141.0,9.67,14.7,1013.75,503.0,2.1,11003.0,1,10.48,1.0,32.0,32.0,25.61
2021-02-26,"Yangon, Myanmar",Yangon International Airport (VYYY),25.61,21.81,29.93,21.81,74.7,0.0,0,214.0,9.0,13.11,1012.85,481.0,1.8,9830.0,1,8.13,-0.9,0.0,32.0,25.25
2021-02-27,"Yangon, Myanmar",Yangon International Airport (VYYY),25.25,21.54,30.15,22.42,73.0,0.0,0,221.0,6.65,7.66,1015.12,,4.0,9389.0,1,8.61,2.27,0.0,32.0,25.66
2021-02-28,"Yangon, Myanmar",Yangon International Airport (VYYY),25.66,22.12,30.4,21.55,70.2,0.0,0,226.0,5.64,9.42,1011.54,329.0,2.2,9536.0,1,8.28,-3.58,0.0,32.0,24.8
2021-03-01,"Yangon, Myanmar",Yangon International Airport (VYYY),24.8,19.96,29.48,23.07,69.3,0.0,0,167.0,10.54,12.48,1011.07,382.0,3.6,9916.0,1,9.53,-0.47,0.0,32.0,23.65
2021-03-02,"Yangon, Myanmar",Yangon International Airport (VYYY),23.65,19.99,27.59,22.74,81.1,0.0,0,133.0,6.8,9.35,1012.48,435.0,2.0,10032.0,1,7.6,1.41,0.0,0.0,25.64
2021-03-03,"Yangon, Myanmar",Yangon International Airport (VYYY),25.64,22.12,30.76,22.22,73.5,0.0,0,172.0,5.33,6.2,1009.74,467.0,4.3,10471.0,3,8.63,-2.74,0.0,0.0,24.6
2021-03-04,"Yangon, Myanmar",Yangon International Airport (VYYY),24.6,21.56,29.16,22.54,77.2,0.0,0,112.0,8.7,11.06,1008.35,488.0,2.2,9492.0,1,7.6,-1.39,0.0,0.0,23.9
2021-03-05,"Yangon, Myanmar",Yangon International Airport (VYYY),23.9,19.9,29.12,20.87,80.1,0.0,0,130.0,8.76,9.55,1014.09,384.0,1.9,9861.0,1,9.22,5.73,0.0,0.0,26.53
2021-03-06,"Yangon, Myanmar",Yangon International Airport (VYYY),26.53,22.28,32.59,24.85,63.9,0.0,0,288.0,9.34,13.79,1016.5,,2.7,9748.0,1,10.32,2.41,0.0,0.0,24.56
2021-03-07,"Yangon, Myanmar",Yangon International Airport (VYYY),24.56,20.42,29.01,21.35,77.6,0.0,0,232.0,8.34,9.29,1009.49,572.0,0.5,9563.0,1,8.59,-7.01,0.0,0.0,25.58
2021-03-08,"Yangon, Myanmar",Yangon International Airport (VYYY),25.58,22.0,29.77,21.37,77.9,0.0,0,240.0,3.86,7.32,1011.74,439.0,1.1,9244.0,1,7.77,2.26,0.0,0.0,26.52
2021-03-09,"Yangon, Myanmar",Yangon International Airport (VYYY),26.52,23.45,31.12,23.29,71.8,0.0,0,207.0,7.56,9.69,1013.09,424.0,3.0,8912.0,1,7.67,1.35,0.0,0.0,24.97
2021-03-10,"Yangon, Myanmar",Yangon International Airport (VYYY),24.97,20.57,30.1,21.26,76.4,0.0,0,275.0,8.41,9.11,1016.57,519.0,3.1,10562.0,1,9.53,3.48,0.0,0.0,26.04
2021-03-11,"Yangon, Myanmar",Yangon International Airport (VYYY),26.04,22.31,30.68,23.1,73.5,0.0,0,184.0,10.77,13.6,1009.87,508.0,2.3,9436.0,1,8.37,-6.71,0.0,0.0,26.12
2021-03-12,"Yangon, Myanmar",Yangon International Airport (VYYY),26.12,22.57,31.12,23.13,71.9,0.0,0,255.0,8.19,8.95,1011.31,385.0,1.1,8981.0,1,8.55,1.44,0.0,0.0,26.11
2021-03-13,"Yangon, Myanmar",Yangon International Airport (VYYY),26.11,22.18,30.73,23.56,75.8,0.0,0,210.0,5.01,5.21,1010.74,560.0,3.0,9217.0,1,8.55,-0.57,0.0,0.0,25.28
2021-03-14,"Yangon, Myanmar",Yangon International Airport (VYYY),25.28,21.75,29.88,23.35,83.6,0.0,0,129.0,7.39,14.52,1013.79,554.0,3.6,9375.0,1,8.13,3.06,0.0,0.0,25.4
2021-03-15,"Yangon, Myanmar",Yangon International Airport (VYYY),25.4,21.15,30.89,24.02,75.7,0.0,0,174.0,4.83,10.55,1012.57,461.0,2.5,11650.0,1,9.74,-1.22,0.0,0.0,26.74
2021-03-16,"Yangon, Myanmar",Yangon International Airport (VYYY),26.74,22.43,32.3,23.29,74.9,0.0,0,184.0,8.96,12.04,1008.35,449.0,0.6,10958.0,1,9.87,-4.23,0.0,0.0,26.32
2021-03-17,"Yangon, Myanmar",Yangon International Airport (VYYY),26.32,23.23,31.59,23.11,80.8,0.0,0,265.0,6.38,,1010.78,371.0,2.0,8351.0,1,8.37,2.43,0.0,0.0,25.29
2021-03-18,"Yangon, Myanmar",Yangon International Airport (VYYY),25.29,22.74,29.87,21.69,78.0,0.0,0,120.0,4.23,4.58,1010.74,279.0,2.4,10124.0,1,7.13,-0.05,0.0,0.0,24.74
2021-03-19,"Yangon, Myanmar",Yangon International Airport (VYYY),24.74,22.17,29.35,22.46,81.1,0.0,0,199.0,11.53,13.62,1011.92,374.0,4.8,9877.0,3,7.18,1.18,0.0,0.0,24.95
2021-03-20,"Yangon, Myanmar",Yangon International Airport (VYYY),24.95,21.83,29.68,22.69,73.1,0.0,0,203.0,11.67,16.3,1013.79,430.0,3.4,10326.0,1,7.86,1.87,0.0,0.0,25.22
2021-03-21,"Yangon, Myanmar",Yangon International Airport (VYYY),25.22,21.59,30.16,20.45,76.4,0.0,0,187.0,9.0,12.12,1007.81,478.0,2.3,9911.0,1,8.57,-5.98,0.0,0.0,26.63
2021-03-22,"Yangon, Myanmar",Yangon International Airport (VYYY),26.63,22.64,31.56,24.7,76.0,0.0,0,278.0,9.32,14.09,1010.1,418.0,0.5,9258.0,1,8.93,2.3,0.0,0.0,26.97
2021-03-23,"Yangon, Myanmar",Yangon International Airport (VYYY),26.97,22.87,31.88,23.5,76.4,0.0,0,258.0,7.02,11.21,1007.77,365.0,3.9,9939.0,1,9.01,-2.33,0.0,0.0,25.82
2021-03-24,"Yangon, Myanmar",Yangon International Airport (VYYY),25.82,22.34,30.01,23.1,73.2,0.0,0,154.0,6.22,6.51,1010.97,379.0,1.0,9979.0,1,7.67,3.2,0.0,0.0,25.37
2021-03-25,"Yangon, Myanmar",Yangon International Airport (VYYY),25.37,21.37,30.12,22.93,75.4,0.0,0,232.0,10.72,18.04,1012.19,312.0,3.5,9492.0,1,8.76,1.21,0.0,0.0,25.85
2021-03-26,"Yangon, Myanmar",Yangon International Airport (VYYY),25.85,22.04,30.58,22.8,81.9,0.0,0,183.0,6.81,11.32,1015.23,385.0,2.6,8686.0,1,8.53,3.04,0.0,0.0,26.44
2021-03-27,"Yangon, Myanmar",Yangon International Airport (VYYY),26.44,22.59,32.5,22.45,79.6,0.0,0,161.0,9.34,10.26,1007.1,483.0,4.3,8016.0,3,9.91,-8.13,0.0,0.0,27.18
2021-03-28,"Yangon, Myanmar",Yangon International Airport (VYYY),27.18,23.43,32.18,25.2,84.3,7.04,0,207.0,5.22,8.56,1011.52,379.0,4.0,8485.0,7,8.76,4.42,7.04,7.04,25.62
2021-03-29,"Yangon, Myanmar",Yangon International Airport (VYYY),25.62,21.94,31.45,23.13,80.7,0.0,0,170.0,7.23,8.38,1015.45,613.0,3.7,9820.0,1,9.51,3.94,7.04,7.04,26.15
2021-03-30,"Yangon, Myanmar",Yangon International Airport (VYYY),26.15,22.33,30.57,22.56,84.0,0.0,0,272.0,6.39,9.86,1014.5,389.0,2.6,10362.0,1,8.24,-0.96,7.04,7.04,27.9
2021-03-31,"Yangon, Myanmar",Yangon International Airport (VYYY),27.9,24.16,33.35,26.08,81.1,40.73,0,208.0,8.66,10.1,1011.94,469.0,5.0,4833.0,25,9.19,-2.55,40.73,47.77,26.43
2021-04-01,"Yangon, Myanmar",Yangon International Airport (VYYY),26.43,23.27,31.45,23.87,76.6,0.0,0,131.0,10.25,18.69,1015.6,238.0,1.7,7403.0,1,8.18,3.66,40.73,47.77,25.4
2021-04-02,"Yangon, Myanmar",Yangon International Airport (VYYY),25.4,22.45,30.14,22.98,72.7,3.59,0,258.0,10.03,10.18,1010.09,421.0,4.2,7845.0,7,7.69,-5.51,44.32,51.35,26.89
2021-04-03,"Yangon, Myanmar",Yangon International Airport (VYYY),26.89,22.74,31.24,26.0,75.5,0.0,0,234.0,5.63,7.68,1010.05,432.0,3.6,8275.0,1,8.49,-0.04,3.59,51.35,27.47
2021-04-04,"Yangon, Myanmar",Yangon International Airport (VYYY),27.47,22.78,32.28,24.66,86.3,0.0,0,284.0,8.27,8.67,1010.5,329.0,2.9,6931.0,1,9.5,0.45,3.59,44.32,25.85
2021-04-05,"Yangon, Myanmar",Yangon International Airport (VYYY),25.85,21.62,30.39,22.79,72.9,0.0,0,222.0,8.71,10.66,1009.77,471.0,3.1,8784.0,1,8.78,-0.73,0.0,44.32,26.78
2021-04-06,"Yangon, Myanmar",Yangon International Airport (VYYY),26.78,23.27,31.21,23.11,79.5,0.0,0,276.0,5.37,8.84,1007.79,364.0,4.3,7881.0,3,7.94,-1.98,0.0,44.32,24.03
2021-04-07,"Yangon, Myanmar",Yangon International Airport (VYYY),24.03,20.19,27.86,19.61,83.4,0.0,0,191.0,5.29,9.43,1012.11,338.0,3.3,9125.0,1,7.67,4.32,0.0,3.59,26.8
2021-04-08,"Yangon, Myanmar",Yangon International Airport (VYYY),26.8,23.18,32.04,24.33,83.4,0.0,0,164.0,6.79,9.34,1011.23,364.0,1.2,8307.0,1,8.86,-0.88,0.0,3.59,25.06
2021-04-09,"Yangon, Myanmar",Yangon International Airport (VYYY),25.06,20.85,30.27,22.6,,7.56,0,238.0,7.42,8.36,1011.98,398.0,3.9,7867.0,7,9.42,0.75,7.56,7.56,26.55
2021-04-10,"Yangon, Myanmar",Yangon International Airport (VYYY),26.55,22.31,31.67,23.32,81.8,0.74,0,187.0,6.25,8.2,1012.65,417.0,3.5,8111.0,7,9.36,0.67,8.3,8.3,26.42
2021-04-11,"Yangon, Myanmar",Yangon International Airport (VYYY),26.42,22.3,31.48,23.95,86.6,0.0,0,239.0,10.48,14.64,1009.99,338.0,3.5,6745.0,1,9.18,-2.66,8.3,8.3,27.31
2021-04-12,"Yangon, Myanmar",Yangon International Airport (VYYY),27.31,23.43,33.19,25.49,62.1,0.0,0,248.0,7.35,8.66,1008.84,340.0,6.0,8847.0,3,9.76,-1.15,0.74,8.3,26.9
2021-04-13,"Yangon, Myanmar",Yangon International Airport (VYYY),26.9,22.4,31.73,23.13,80.8,0.0,0,263.0,10.94,12.54,1009.08,304.0,5.7,7217.0,3,9.32,0.24,0.0,8.3,27.09
2021-04-14,"Yangon, Myanmar",Yangon International Airport (VYYY),27.09,23.34,31.86,24.34,79.9,0.0,0,173.0,6.92,7.61,1009.5,195.0,6.7,7808.0,4,8.52,0.42,0.0,8.3,27.11
2021-04-15,"Yangon, Myanmar",Yangon International Airport (VYYY),27.11,23.47,31.47,24.93,79.3,28.51,0,200.0,10.3,10.75,1009.35,296.0,4.4,4353.0,8,8.0,-0.15,28.51,36.81,28.96
2021-04-16,"Yangon, Myanmar",Yangon International Airport (VYYY),28.96,25.68,33.4,24.64,81.8,0.0,0,275.0,12.83,15.34,1009.75,275.0,4.3,7553.0,3,7.73,0.4,28.51,29.25,26.48
2021-04-17,"Yangon, Myanmar",Yangon International Airport (VYYY),26.48,22.95,30.76,22.72,95.1,20.55,0,205.0,10.58,13.41,1011.9,309.0,5.1,6717.0,8,7.81,2.15,49.06,49.06,30.32
2021-04-18,"Yangon, Myanmar",Yangon International Airport (VYYY),30.32,27.1,35.63,27.38,63.2,0.0,0,349.0,11.08,13.52,1013.44,380.0,5.1,7364.0,3,8.53,1.53,20.55,49.06,28.24
2021-04-19,"Yangon, Myanmar",Yangon International Airport (VYYY),28.24,23.87,32.83,23.39,84.0,24.04,0,220.0,13.14,17.0,1007.03,211.0,5.5,5200.0,8,8.97,-6.41,44.59,73.1,27.78
2021-04-20,"Yangon, Myanmar",Yangon International Airport (VYYY),27.78,23.37,32.38,23.9,82.5,0.0,0,199.0,7.61,8.78,1007.62,393.0,5.7,5517.0,3,9.0,0.59,24.04,73.1,27.6
2021-04-21,"Yangon, Myanmar",Yangon International Airport (VYYY),27.6,24.29,32.84,25.76,83.2,0.0,0,279.0,8.62,10.41,1009.2,304.0,3.4,8208.0,1,8.55,1.58,24.04,73.1,29.13
2021-04-22,"Yangon, Myanmar",Yangon International Airport (VYYY),29.13,25.61,33.17,25.66,92.6,3.48,0,178.0,8.52,10.11,1010.68,179.0,5.4,6821.0,7,7.56,1.47,3.48,48.07,26.89
2021-04-23,"Yangon, Myanmar",Yangon International Airport (VYYY),26.89,22.48,32.27,23.51,77.7,0.0,0,207.0,6.02,10.06,1007.86,281.0,7.2,7276.0,4,9.79,-2.81,3.48,48.07,28.74
2021-04-24,"Yangon, Myanmar",Yangon International Airport (VYYY),28.74,25.48,33.69,25.27,74.4,0.0,0,234.0,6.63,8.1,1009.46,289.0,6.0,7595.0,3,8.21,1.6,3.48,27.52,27.32
2021-04-25,"Yangon, Myanmar",Yangon International Airport (VYYY),27.32,23.24,32.53,25.52,85.3,0.0,0,276.0,9.87,14.13,1009.2,459.0,5.3,5423.0,3,9.29,-0.26,0.0,27.52,28.92
2021-04-26,"Yangon, Myanmar",Yangon International Airport (VYYY),28.92,23.12,33.59,26.46,77.0,12.34,0,240.0,7.5,8.94,1008.63,189.0,3.9,6179.0,8,10.46,-0.58,12.34,15.82,27.99
2021-04-27,"Yangon, Myanmar",Yangon International Airport (VYYY),27.99,23.79,33.55,24.48,91.2,23.2,0,198.0,8.53,14.18,1010.99,238.0,3.1,5912.0,8,9.76,2.37,35.54,39.02,28.05
2021-04-28,"Yangon, Myanmar",Yangon International Airport (VYYY),28.05,24.02,32.92,26.23,78.6,0.0,0,294.0,4.69,5.14,1008.73,222.0,5.9,6266.0,3,8.9,-2.27,35.54,39.02,28.02
2021-04-29,"Yangon, Myanmar",Yangon International Airport (VYYY),28.02,24.01,33.14,25.14,79.9,9.4,0,168.0,8.3,11.87,1010.35,326.0,5.3,5794.0,7,9.14,1.62,32.6,44.95,26.44
2021-04-30,"Yangon, Myanmar",Yangon International Airport (VYYY),26.44,22.18,30.52,24.49,86.2,0.0,0,243.0,10.37,14.29,1009.51,358.0,6.0,6980.0,3,8.33,-0.84,9.4,44.95,29.03
2021-05-01,"Yangon, Myanmar",Yangon International Airport (VYYY),29.03,25.78,34.04,27.02,,0.0,0,254.0,5.86,6.43,1012.44,151.0,4.2,6309.0,3,8.26,2.93,9.4,44.95,27.4
2021-05-02,"Yangon, Myanmar",Yangon International Airport (VYYY),27.4,23.43,31.83,24.69,86.3,0.0,0,255.0,12.49,14.56,1012.13,276.0,5.1,5758.0,3,8.39,-0.31,0.0,44.95,28.69
2021-05-03,"Yangon, Myanmar",Yangon International Airport (VYYY),28.69,24.66,33.63,24.32,87.9,0.0,0,227.0,7.42,10.5,1010.79,127.0,5.3,6287.0,3,8.97,-1.34,0.0,32.6,28.89
2021-05-04,"Yangon, Myanmar",Yangon International Airport (VYYY),28.89,25.0,33.17,25.01,74.4,18.09,0,166.0,10.46,14.23,1012.19,172.0,4.4,3632.0,8,8.17,1.4,18.09,27.5,29.37
2021-05-05,"Yangon, Myanmar",Yangon International Airport (VYYY),29.37,25.81,35.11,25.42,86.5,14.63,0,265.0,8.88,11.44,1009.62,157.0,4.6,6337.0,8,9.29,-2.57,32.72,42.12,28.76
2021-05-06,"Yangon, Myanmar",Yangon International Airport (VYYY),28.76,24.73,33.7,26.92,80.5,14.35,0,243.0,10.31,15.67,1008.85,278.0,5.6,4911.0,8,8.97,-0.77,47.07,47.07,28.19
2021-05-07,"Yangon, Myanmar",Yangon International Airport (VYYY),28.19,23.86,34.38,25.12,84.7,0.0,0,226.0,9.5,11.47,1009.26,242.0,5.6,8439.0,3,10.52,0.41,28.98,47.07,28.28
2021-05-08,"Yangon, Myanmar",Yangon International Airport (VYYY),28.28,24.09,32.63,24.36,83.7,0.0,0,302.0,8.23,10.99,1003.71,251.0,7.3,8019.0,4,8.54,-5.55,14.35,47.07,28.82
2021-05-09,"Yangon, Myanmar",Yangon International Airport (VYYY),28.82,24.9,34.01,26.75,83.2,0.0,0,163.0,9.75,10.04,1006.3,200.0,5.8,5954.0,3,9.11,2.59,0.0,47.07,28.87
2021-05-10,"Yangon, Myanmar",Yangon International Airport (VYYY),28.87,25.07,34.56,24.05,85.8,0.0,0,264.0,7.53,8.7,1008.58,46.0,6.0,6780.0,4,9.49,2.28,0.0,47.07,27.02
2021-05-11,"Yangon, Myanmar",Yangon International Airport (VYYY),27.02,22.47,32.74,21.91,83.3,0.0,0,200.0,9.34,9.39,1010.64,409.0,7.1,5924.0,4,10.27,2.06,0.0,28.98,26.69
2021-05-12,"Yangon, Myanmar",Yangon International Airport (VYYY),26.69,23.45,31.03,24.11,77.3,8.68,0,260.0,7.88,8.5,1009.94,321.0,4.8,5487.0,7,7.58,-0.7,8.68,23.03,27.48
2021-05-13,"Yangon, Myanmar",Yangon International Airport (VYYY),27.48,23.73,31.6,25.36,78.3,24.27,0,212.0,7.43,9.16,1012.29,325.0,7.9,4619.0,8,7.87,2.35,32.95,32.95,29.35
2021-05-14,"Yangon, Myanmar",Yangon International Airport (VYYY),29.35,25.41,35.3,24.88,92.2,0.0,0,248.0,9.58,9.72,1006.18,306.0,7.3,8001.0,4,9.89,-6.11,32.95,32.95,28.87
2021-05-15,"Yangon, Myanmar",Yangon International Airport (VYYY),28.87,25.04,32.63,25.85,99.1,0.0,0,224.0,8.23,10.31,1008.03,278.0,6.4,4809.0,4,7.59,1.85,24.27,32.95,30.26
2021-05-16,"Yangon, Myanmar",Yangon International Airport (VYYY),30.26,26.86,35.44,27.75,83.5,4.82,0,192.0,6.89,9.72,1010.25,207.0,7.6,8763.0,7,8.57,2.22,4.82,37.77,27.38
2021-05-17,"Yangon, Myanmar",Yangon International Airport (VYYY),27.38,22.85,32.95,23.01,83.4,27.21,0,221.0,7.17,8.49,1009.31,247.0,7.3,3810.0,8,10.1,-0.94,32.03,64.98,29.77
2021-05-18,"Yangon, Myanmar",Yangon International Airport (VYYY),29.77,26.91,34.49,25.31,84.2,0.0,0,207.0,10.36,14.64,1010.48,245.0,6.8,7098.0,4,7.58,1.17,32.03,64.98,28.17
2021-05-19,"Yangon, Myanmar",Yangon International Airport (VYYY),28.17,24.22,31.42,24.06,83.5,9.85,0,267.0,7.45,12.03,1008.58,318.0,6.1,5841.0,7,7.19,-1.9,37.06,66.15,30.35
2021-05-20,"Yangon, Myanmar",Yangon International Airport (VYYY),30.35,26.92,35.03,28.8,82.5,5.21,0,226.0,8.67,10.0,1007.16,389.0,5.6,6505.0,7,8.12,-1.41,15.06,47.09,31.25
2021-05-21,"Yangon, Myanmar",Yangon International Airport (VYYY),31.25,28.1,35.21,29.52,78.2,4.36,0,203.0,5.83,6.66,1005.92,194.0,7.6,5704.0,7,7.11,-1.25,19.42,51.45,27.86
2021-05-22,"Yangon, Myanmar",Yangon International Airport (VYYY),27.86,23.08,33.11,23.77,82.1,9.85,0,186.0,8.9,11.56,1006.77,149.0,5.5,4404.0,7,10.03,0.85,19.42,61.3,29.16
2021-05-23,"Yangon, Myanmar",Yangon International Airport (VYYY),29.16,25.36,33.86,26.25,90.0,3.71,0,192.0,8.87,10.04,1010.63,236.0,5.6,6534.0,7,8.5,3.86,17.93,60.2,31.55
2021-05-24,"Yangon, Myanmar",Yangon International Airport (VYYY),31.55,28.01,36.11,29.65,93.4,0.0,0,267.0,12.52,12.74,1008.17,253.0,5.5,5640.0,3,8.1,-2.46,13.56,32.99,30.36
2021-05-25,"Yangon, Myanmar",Yangon International Airport (VYYY),30.36,26.34,34.71,28.07,80.7,0.0,0,247.0,6.84,7.36,1013.09,177.0,7.3,6625.0,4,8.37,4.92,3.71,32.99,30.43
2021-05-26,"Yangon, Myanmar",Yangon International Airport (VYYY),30.43,26.27,33.06,28.19,89.0,0.0,0,295.0,6.1,8.29,1012.77,206.0,6.3,6415.0,4,6.79,-0.32,0.0,23.14,28.63
2021-05-27,"Yangon, Myanmar",Yangon International Airport (VYYY),28.63,24.62,33.65,25.28,85.1,36.63,0,180.0,7.92,16.91,1006.56,196.0,6.9,1259.0,25,9.03,-6.22,36.63,54.55,30.5
2021-05-28,"Yangon, Myanmar",Yangon International Airport (VYYY),30.5,25.68,35.5,26.23,91.0,21.93,0,230.0,7.95,16.19,1013.25,111.0,6.7,3590.0,8,9.82,6.69,58.55,72.12,32.15
2021-05-29,"Yangon, Myanmar",Yangon International Airport (VYYY),32.15,27.59,36.58,29.94,79.8,19.23,0,253.0,11.45,14.29,1005.44,193.0,5.2,3901.0,8,8.99,-7.81,77.78,81.5,28.64
2021-05-30,"Yangon, Myanmar",Yangon International Airport (VYYY),28.64,24.11,33.21,23.69,79.7,41.9,0,262.0,8.44,11.14,1006.56,137.0,5.9,813.0,25,9.1,1.12,83.05,119.68,30.29
2021-05-31,"Yangon, Myanmar",Yangon International Airport (VYYY),30.29,26.36,35.02,24.73,90.5,0.0,0,281.0,8.08,13.98,1010.07,137.0,8.0,6445.0,4,8.67,3.51,61.13,119.68,29.95
2021-06-01,"Yangon, Myanmar",Yangon International Airport (VYYY),29.95,26.1,35.15,27.22,82.4,17.83,0,327.0,9.61,9.94,1007.44,181.0,6.3,3387.0,8,9.05,-2.64,59.73,137.51,30.1
2021-06-02,"Yangon, Myanmar",Yangon International Airport (VYYY),30.1,26.32,35.58,28.62,89.4,7.26,0,223.0,7.04,11.21,1005.88,139.0,6.8,4736.0,7,9.25,-1.56,25.09,144.77,28.91
2021-06-03,"Yangon, Myanmar",Yangon International Airport (VYYY),28.91,24.9,33.31,24.79,80.9,0.0,0,202.0,5.26,8.77,1009.29,178.0,6.6,6812.0,4,8.41,3.41,25.09,108.14,29.02
2021-06-04,"Yangon, Myanmar",Yangon International Airport (VYYY),29.02,24.78,33.01,24.15,85.0,0.0,0,242.0,9.47,12.94,1008.74,95.0,6.7,5702.0,4,8.23,-0.55,7.26,86.22,30.06
2021-06-05,"Yangon, Myanmar",Yangon International Airport (VYYY),30.06,25.86,34.6,26.18,88.8,15.66,0,215.0,8.78,13.59,1004.58,,6.5,4763.0,8,8.74,-4.16,15.66,82.65,27.95
2021-06-06,"Yangon, Myanmar",Yangon International Airport (VYYY),27.95,23.86,33.06,25.6,93.8,12.35,0,232.0,8.25,13.58,1006.77,227.0,6.9,5466.0,8,9.2,2.19,28.01,53.1,28.42
2021-06-07,"Yangon, Myanmar",Yangon International Airport (VYYY),28.42,25.15,33.56,26.44,84.2,0.0,0,182.0,9.54,13.24,1008.42,202.0,6.9,6352.0,4,8.42,1.65,28.01,53.1,28.42
2021-06-08,"Yangon, Myanmar",Yangon International Airport (VYYY),28.42,24.88,32.77,27.68,78.8,32.85,0,226.0,5.42,6.19,1009.69,185.0,8.0,2987.0,25,7.9,1.26,45.2,68.12,30.31
2021-06-09,"Yangon, Myanmar",Yangon International Airport (VYYY),30.31,26.76,35.39,27.56,85.6,7.45,0,260.0,7.24,8.76,1014.84,45.0,4.7,5372.0,7,8.64,5.15,40.29,68.31,30.12
2021-06-10,"Yangon, Myanmar",Yangon International Airport (VYYY),30.12,25.95,34.55,27.01,96.8,38.16,0,318.0,8.85,9.52,1006.93,92.0,7.7,1387.0,25,8.6,-7.91,78.45,106.46,28.98
2021-06-11,"Yangon, Myanmar",Yangon International Airport (VYYY),28.98,24.8,32.9,26.1,86.1,0.0,0,263.0,8.61,13.9,1006.46,266.0,6.3,4969.0,4,8.11,-0.47,45.6,106.46,30.13
2021-06-12,"Yangon, Myanmar",Yangon International Airport (VYYY),30.13,25.59,35.54,27.28,81.4,0.0,0,236.0,11.27,19.77,1007.63,115.0,8.0,4798.0,4,9.95,1.17,38.16,90.8,31.02
2021-06-13,"Yangon, Myanmar",Yangon International Airport (VYYY),31.02,27.37,36.54,28.54,83.1,0.0,0,238.0,10.12,11.91,1006.19,85.0,7.6,6939.0,4,9.17,-1.44,0.0,78.45,29.25
2021-06-14,"Yangon, Myanmar",Yangon International Airport (VYYY),29.25,26.4,34.42,26.08,89.5,2.95,0,241.0,9.09,10.24,1010.61,144.0,8.0,6830.0,7,8.02,4.42,2.95,81.4,28.9
2021-06-15,"Yangon, Myanmar",Yangon International Airport (VYYY),28.9,24.48,34.02,25.71,83.1,0.0,0,195.0,9.88,12.71,1007.18,195.0,6.6,6657.0,4,9.55,-3.43,2.95,48.55,29.22
2021-06-16,"Yangon, Myanmar",Yangon International Airport (VYYY),29.22,25.33,35.14,27.42,91.7,20.96,0,340.0,5.02,5.42,1006.31,197.0,5.6,2126.0,8,9.8,-0.88,23.91,62.06,30.0
2021-06-17,"Yangon, Myanmar",Yangon International Airport (VYYY),30.0,25.82,34.01,26.48,93.6,0.0,0,277.0,7.37,7.61,1008.54,118.0,5.4,6714.0,3,8.19,2.23,20.96,23.91,28.28
2021-06-18,"Yangon, Myanmar",Yangon International Airport (VYYY),28.28,24.12,32.62,24.65,86.6,0.0,0,156.0,5.88,13.29,1001.71,73.0,8.0,5490.0,4,8.5,-6.83,20.96,23.91,30.55
2021-06-19,"Yangon, Myanmar",Yangon International Airport (VYYY),30.55,26.55,35.02,27.75,82.7,6.34,0,209.0,7.64,11.03,1004.99,110.0,6.7,5153.0,7,8.47,3.28,6.34,30.25,30.51
2021-06-20,"Yangon, Myanmar",Yangon International Airport (VYYY),30.51,25.92,36.8,25.44,86.3,0.0,0,313.0,8.53,9.26,1003.88,237.0,5.4,5435.0,3,10.88,-1.11,6.34,30.25,30.72
2021-06-21,"Yangon, Myanmar",Yangon International Airport (VYYY),30.72,26.58,35.86,26.19,87.3,0.0,0,336.0,4.68,8.98,1010.01,195.0,6.5,4970.0,4,9.28,6.13,6.34,27.3,30.56
2021-06-22,"Yangon, Myanmar",Yangon International Airport (VYYY),30.56,26.73,35.87,27.62,92.3,0.0,0,274.0,7.58,7.77,1008.05,342.0,6.8,6604.0,4,9.14,-1.96,0.0,27.3,30.13
2021-06-23,"Yangon, Myanmar",Yangon International Airport (VYYY),30.13,27.13,35.37,27.21,89.9,2.78,0,268.0,7.78,14.24,1008.23,264.0,5.6,6321.0,7,8.23,0.19,2.78,9.12,29.15
2021-06-24,"Yangon, Myanmar",Yangon International Airport (VYYY),29.15,24.99,34.25,26.8,79.5,0.0,0,223.0,6.89,9.03,1012.89,168.0,8.0,7139.0,4,9.26,4.66,2.78,9.12,29.99
2021-06-25,"Yangon, Myanmar",Yangon International Airport (VYYY),29.99,26.35,35.32,26.99,77.3,8.02,0,355.0,6.24,8.12,1005.17,157.0,8.0,5988.0,7,8.97,-7.72,10.8,17.14,28.92
2021-06-26,"Yangon, Myanmar",Yangon International Airport (VYYY),28.92,25.19,32.49,25.71,86.1,0.81,0,211.0,6.36,7.02,1006.12,154.0,5.4,,7,7.29,0.95,8.83,11.6,28.96
2021-06-27,"Yangon, Myanmar",Yangon International Airport (VYYY),28.96,24.97,33.91,25.88,85.0,0.0,0,329.0,6.08,8.44,1007.61,206.0,5.8,7018.0,3,8.94,1.49,8.83,11.6,30.48
2021-06-28,"Yangon, Myanmar",Yangon International Airport (VYYY),30.48,26.31,35.54,27.23,76.3,7.54,0,222.0,,10.65,1005.65,115.0,5.5,3175.0,7,9.23,-1.96,8.35,19.14,28.55
2021-06-29,"Yangon, Myanmar",Yangon International Airport (VYYY),28.55,24.04,33.46,24.23,83.8,0.0,0,220.0,9.65,19.14,1006.74,140.0,5.0,7120.0,3,9.41,1.09,7.54,19.14,28.4
2021-06-30,"Yangon, Myanmar",Yangon International Airport (VYYY),28.4,24.78,33.09,25.47,89.1,9.0,0,220.0,5.54,15.89,1007.0,251.0,5.8,2836.0,7,8.32,0.27,16.54,25.37,29.99
2021-07-01,"Yangon, Myanmar",Yangon International Airport (VYYY),29.99,26.41,33.61,25.94,81.5,0.0,0,238.0,10.2,11.85,1005.77,163.0,7.3,5406.0,4,7.2,-1.23,9.0,25.37,29.04
2021-07-02,"Yangon, Myanmar",Yangon International Airport (VYYY),29.04,25.91,33.98,26.78,86.6,2.33,0,188.0,8.35,9.36,1005.34,161.0,7.5,5208.0,7,8.07,-0.43,11.34,19.68,29.93
2021-07-03,"Yangon, Myanmar",Yangon International Airport (VYYY),29.93,27.19,35.73,26.7,87.4,0.0,0,354.0,11.18,17.6,1006.54,82.0,6.9,5911.0,4,8.54,1.2,2.33,18.87,30.15
2021-07-04,"Yangon, Myanmar",Yangon International Airport (VYYY),30.15,25.84,35.35,24.99,84.4,34.35,0,274.0,10.38,12.0,1011.44,244.0,7.1,3682.0,25,9.51,4.9,36.68,53.22,30.83
2021-07-05,"Yangon, Myanmar",Yangon International Airport (VYYY),30.83,26.22,34.11,26.88,88.4,17.21,0,267.0,10.2,12.46,1008.4,91.0,7.0,5305.0,8,7.89,-3.03,51.56,62.9,26.47
2021-07-06,"Yangon, Myanmar",Yangon International Airport (VYYY),26.47,21.38,30.14,23.14,92.8,29.35,0,193.0,10.91,17.73,1006.58,146.0,7.4,4261.0,8,8.76,-1.82,80.91,92.25,28.6
2021-07-07,"Yangon, Myanmar",Yangon International Airport (VYYY),28.6,25.79,32.68,24.68,95.0,15.17,0,191.0,10.27,13.15,1009.51,224.0,7.1,4303.0,8,6.89,2.94,61.74,98.42,30.33
2021-07-08,"Yangon, Myanmar",Yangon International Airport (VYYY),30.33,26.67,35.13,27.63,86.8,8.85,0,281.0,6.54,7.22,1006.03,218.0,8.0,5184.0,7,8.46,-3.48,53.38,107.27,29.96
2021-07-09,"Yangon, Myanmar",Yangon International Airport (VYYY),29.96,25.68,34.69,26.62,78.0,41.6,0,250.0,9.12,10.26,1009.47,135.0,5.9,500.0,25,9.0,3.44,65.62,146.54,30.53
2021-07-10,"Yangon, Myanmar",Yangon International Airport (VYYY),30.53,26.66,34.6,28.91,84.9,0.0,0,184.0,12.13,21.11,1008.63,166.0,8.0,8129.0,4,7.94,-0.84,50.45,146.54,29.31
2021-07-11,"Yangon, Myanmar",Yangon International Airport (VYYY),29.31,26.45,33.42,27.96,82.9,,0,252.0,10.07,11.53,1009.4,279.0,8.0,3041.0,8,6.98,0.77,64.98,135.57,30.9
2021-07-12,"Yangon, Myanmar",Yangon International Airport (VYYY),30.9,27.12,36.07,28.81,92.7,18.05,0,140.0,12.53,13.25,1008.72,236.0,5.0,4369.0,8,8.94,-0.68,41.43,136.4,31.77
2021-07-13,"Yangon, Myanmar",Yangon International Airport (VYYY),31.77,27.6,37.86,29.68,87.1,2.45,0,272.0,10.57,22.83,1005.62,114.0,8.0,4067.0,7,10.26,-3.1,43.87,109.5,30.84
2021-07-14,"Yangon, Myanmar",Yangon International Airport (VYYY),30.84,26.11,35.81,28.38,84.4,1.29,0,265.0,9.26,10.46,1008.15,191.0,5.7,6745.0,7,9.7,2.53,21.79,95.61,30.04
2021-07-15,"Yangon, Myanmar",Yangon International Airport (VYYY),30.04,24.5,34.78,27.47,81.2,34.19,0,286.0,9.58,10.3,1006.01,273.0,6.5,2330.0,25,10.28,-2.14,37.93,120.96,28.82
2021-07-16,"Yangon, Myanmar",Yangon International Airport (VYYY),28.82,24.6,33.96,24.89,77.4,24.32,0,,10.37,13.24,1004.55,232.0,7.0,3683.0,8,9.36,-1.46,59.8,103.67,30.71
2021-07-17,"Yangon, Myanmar",Yangon International Airport (VYYY),30.71,26.15,35.82,27.59,82.0,9.27,0,287.0,7.61,15.87,1007.22,251.0,6.0,5865.0,7,9.67,2.67,67.78,112.94,30.13
2021-07-18,"Yangon, Myanmar",Yangon International Airport (VYYY),30.13,26.35,35.13,27.78,85.9,0.0,0,247.0,9.05,16.89,1012.58,203.0,6.9,6635.0,4,8.78,5.35,33.59,89.57,31.83
2021-07-19,"Yangon, Myanmar",Yangon International Airport (VYYY),31.83,28.36,37.05,29.67,73.1,23.15,0,233.0,,9.77,1010.51,215.0,5.1,4069.0,8,8.68,-2.07,32.42,94.67,29.6
2021-07-20,"Yangon, Myanmar",Yangon International Airport (VYYY),29.6,25.8,33.51,28.09,89.7,7.22,0,195.0,12.04,16.86,1015.06,241.0,4.8,6726.0,7,7.72,4.55,30.37,99.45,30.75
2021-07-21,"Yangon, Myanmar",Yangon International Airport (VYYY),30.75,26.39,35.08,27.7,81.7,0.0,0,269.0,9.67,12.9,1006.51,246.0,3.7,6429.0,1,8.69,-8.55,30.37,98.15,30.65
2021-07-22,"Yangon, Myanmar",Yangon International Airport (VYYY),30.65,26.67,34.99,28.92,84.8,2.75,0,172.0,9.81,14.08,1003.88,330.0,6.1,7567.0,7,8.32,-2.62,9.97,66.71,28.33
2021-07-23,"Yangon, Myanmar",Yangon International Airport (VYYY),28.33,24.24,31.83,26.11,82.0,0.0,0,213.0,7.24,12.13,1007.41,137.0,5.7,5073.0,3,7.59,3.53,2.75,42.39,29.84
2021-07-24,"Yangon, Myanmar",Yangon International Airport (VYYY),29.84,25.9,34.29,28.2,82.6,11.34,0,277.0,10.84,13.15,1008.14,407.0,5.2,6387.0,8,8.38,0.73,14.09,44.46,30.3
2021-07-25,"Yangon, Myanmar",Yangon International Airport (VYYY),30.3,25.85,35.44,26.57,91.4,14.56,0,253.0,9.09,10.94,1003.97,221.0,5.5,4649.0,8,9.59,-4.17,25.9,59.03,30.21
2021-07-26,"Yangon, Myanmar",Yangon International Airport (VYYY),30.21,27.3,35.36,25.41,83.4,19.44,0,199.0,6.68,8.44,1008.29,265.0,7.4,4758.0,8,8.05,4.32,45.35,55.31,29.99
2021-07-27,"Yangon, Myanmar",Yangon International Airport (VYYY),29.99,26.02,35.06,26.75,86.1,23.06,0,276.0,8.11,8.2,1006.68,278.0,7.0,4697.0,8,9.04,-1.6,57.06,71.15,30.45
2021-07-28,"Yangon, Myanmar",Yangon International Airport (VYYY),30.45,26.83,36.52,26.86,71.8,13.2,0,276.0,8.38,11.28,1008.65,308.0,5.1,4579.0,8,9.69,1.97,55.7,84.35,29.95
2021-07-29,"Yangon, Myanmar",Yangon International Airport (VYYY),29.95,25.86,35.01,30.68,85.9,11.9,0,229.0,8.26,12.92,1009.25,325.0,7.8,5405.0,8,9.15,0.6,48.16,93.51,30.86
2021-07-30,"Yangon, Myanmar",Yangon International Airport (VYYY),30.86,27.42,35.25,29.6,91.4,6.51,0,276.0,10.58,12.41,1006.43,172.0,5.8,6516.0,7,7.84,-2.82,31.61,100.01,30.58
2021-07-31,"Yangon, Myanmar",Yangon International Airport (VYYY),30.58,26.18,34.01,29.17,77.8,18.34,0,282.0,8.09,9.06,1005.9,,6.0,5198.0,8,7.84,-0.53,36.75,107.01,29.44
2021-08-01,"Yangon, Myanmar",Yangon International Airport (VYYY),29.44,25.34,34.6,27.78,,14.22,0,263.0,9.2,15.85,1004.72,195.0,2.7,6552.0,8,9.26,-1.18,39.06,106.67,29.18
2021-08-02,"Yangon, Myanmar",Yangon International Airport (VYYY),29.18,24.84,34.55,26.88,81.6,0.0,0,217.0,7.98,13.01,1009.49,174.0,5.1,5815.0,3,9.71,4.78,32.56,87.23,31.1
2021-08-03,"Yangon, Myanmar",Yangon International Airport (VYYY),31.1,27.34,37.14,28.11,78.4,25.02,0,292.0,10.85,14.57,1005.0,394.0,3.9,3686.0,8,9.8,-4.49,39.24,89.18,31.05
2021-08-04,"Yangon, Myanmar",Yangon International Airport (VYYY),31.05,27.4,36.13,,81.1,0.0,0,253.0,5.78,6.68,1006.75,217.0,3.1,6295.0,1,8.73,1.75,25.02,75.99,31.81
2021-08-05,"Yangon, Myanmar",Yangon International Airport (VYYY),31.81,27.63,37.29,27.65,73.2,33.9,0,137.0,6.59,8.63,1009.26,299.0,4.3,5137.0,25,9.66,2.51,58.92,97.98,30.68
2021-08-06,"Yangon, Myanmar",Yangon International Airport (VYYY),30.68,27.24,35.24,27.36,78.9,6.69,0,191.0,9.5,19.55,1010.47,244.0,4.8,7593.0,7,8.0,1.21,40.58,98.16,29.48
2021-08-07,"Yangon, Myanmar",Yangon International Airport (VYYY),29.48,24.3,33.38,26.17,76.8,0.0,0,274.0,7.03,9.86,1007.97,296.0,7.4,7960.0,4,9.08,-2.5,40.58,79.82,30.28
2021-08-08,"Yangon, Myanmar",Yangon International Airport (VYYY),30.28,26.21,34.67,27.15,78.1,0.0,0,273.0,5.05,14.27,1005.93,217.0,6.5,6513.0,4,8.46,-2.04,6.69,65.6,29.92
2021-08-09,"Yangon, Myanmar",Yangon International Airport (VYYY),29.92,25.97,34.09,28.0,89.4,0.0,0,185.0,8.43,9.06,1011.91,483.0,3.2,8829.0,1,8.12,5.97,0.0,65.6,29.81
2021-08-10,"Yangon, Myanmar",Yangon International Airport (VYYY),29.81,26.19,34.76,27.96,74.7,0.0,0,234.0,8.4,10.59,1011.42,328.0,2.4,6724.0,1,8.57,-0.49,0.0,40.58,28.89
2021-08-11,"Yangon, Myanmar",Yangon International Airport (VYYY),28.89,25.87,34.03,24.84,82.0,0.0,0,296.0,8.42,10.83,1001.9,480.0,,8405.0,3,8.16,-9.51,0.0,40.58,30.53
2021-08-12,"Yangon, Myanmar",Yangon International Airport (VYYY),30.53,26.65,35.3,30.19,77.4,0.0,0,257.0,9.45,11.73,1007.79,200.0,5.8,6896.0,3,8.65,5.88,0.0,6.69,30.06
2021-08-13,"Yangon, Myanmar",Yangon International Airport (VYYY),30.06,26.67,35.02,28.02,77.2,0.0,0,194.0,6.23,10.11,1012.0,325.0,2.9,7954.0,1,8.35,4.22,0.0,0.0,29.79
2021-08-14,"Yangon, Myanmar",Yangon International Airport (VYYY),29.79,26.51,35.15,26.35,80.6,0.0,0,282.0,7.96,10.5,1006.75,282.0,4.5,8294.0,3,8.64,-5.26,0.0,0.0,31.19
2021-08-15,"Yangon, Myanmar",Yangon International Airport (VYYY),31.19,27.21,36.36,28.82,80.7,35.22,0,252.0,6.35,8.77,1006.41,520.0,5.9,5495.0,25,9.15,-0.34,35.22,35.22,32.09
2021-08-16,"Yangon, Myanmar",Yangon International Airport (VYYY),32.09,28.6,36.76,30.16,72.8,0.0,0,256.0,9.92,10.97,1008.11,459.0,2.8,5921.0,1,8.15,1.7,35.22,35.22,29.15
2021-08-17,"Yangon, Myanmar",Yangon International Airport (VYYY),29.15,25.31,34.67,27.06,79.2,0.0,0,207.0,7.36,10.17,1007.84,287.0,4.2,9011.0,3,9.36,-0.26,35.22,35.22,26.75
2021-08-18,"Yangon, Myanmar",Yangon International Airport (VYYY),26.75,23.13,30.5,24.32,78.5,0.0,0,281.0,7.26,14.64,1005.81,386.0,4.2,9027.0,3,7.37,-2.04,0.0,35.22,30.13
2021-08-19,"Yangon, Myanmar",Yangon International Airport (VYYY),30.13,25.19,35.0,26.57,71.0,15.56,0,,6.36,6.74,1010.7,484.0,4.2,8004.0,8,9.81,4.89,15.56,50.78,29.63
2021-08-20,"Yangon, Myanmar",Yangon International Airport (VYYY),29.63,25.92,34.85,26.58,87.3,12.0,0,261.0,6.41,7.94,1008.68,205.0,2.1,7610.0,8,8.92,-2.02,27.56,62.78,29.27
2021-08-21,"Yangon, Myanmar",Yangon International Airport (VYYY),29.27,25.64,34.84,26.43,78.3,10.22,0,200.0,11.16,14.95,1008.78,302.0,4.3,9100.0,8,9.19,0.1,37.78,73.0,31.77
2021-08-22,"Yangon, Myanmar",Yangon International Airport (VYYY),31.77,28.27,37.55,29.18,76.0,32.55,0,182.0,4.47,13.38,1009.2,368.0,5.0,6042.0,25,9.28,0.43,54.77,70.33,29.19
2021-08-23,"Yangon, Myanmar",Yangon International Airport (VYYY),29.19,26.26,34.42,27.57,78.9,0.0,0,228.0,8.54,9.5,1005.62,252.0,4.2,8695.0,3,8.16,-3.58,42.77,70.33,30.35
2021-08-24,"Yangon, Myanmar",Yangon International Airport (VYYY),30.35,26.18,35.72,26.95,85.7,6.49,0,172.0,9.51,13.42,1008.42,461.0,5.2,6817.0,7,9.54,2.79,39.04,76.82,30.96
2021-08-25,"Yangon, Myanmar",Yangon International Airport (VYYY),30.96,26.92,36.8,27.56,72.2,30.24,0,250.0,4.85,13.98,1007.66,483.0,1.8,5520.0,25,9.87,-0.76,36.73,107.06,28.78
2021-08-26,"Yangon, Myanmar",Yangon International Airport (VYYY),28.78,26.17,34.67,26.47,70.4,3.7,0,196.0,12.29,16.94,1007.69,325.0,4.8,9324.0,7,8.51,0.03,40.44,95.2,28.12
2021-08-27,"Yangon, Myanmar",Yangon International Airport (VYYY),28.12,24.37,33.32,24.46,81.1,12.89,0,239.0,9.1,10.49,1006.37,449.0,3.1,7222.0,8,8.94,-1.32,46.83,96.09,29.37
2021-08-28,"Yangon, Myanmar",Yangon International Airport (VYYY),29.37,24.72,33.58,26.52,70.2,0.0,0,131.0,7.92,8.1,1004.5,438.0,4.2,8300.0,3,8.86,-1.87,16.59,85.88,28.88
2021-08-29,"Yangon, Myanmar",Yangon International Airport (VYYY),28.88,24.83,33.55,26.53,76.6,0.0,0,153.0,6.49,6.88,1005.91,405.0,4.6,8140.0,3,8.72,1.41,12.89,53.32,30.76
2021-08-30,"Yangon, Myanmar",Yangon International Airport (VYYY),30.76,27.45,35.52,25.5,71.1,0.0,0,262.0,13.78,13.8,1011.15,322.0,3.4,8555.0,1,8.07,5.24,0.0,53.32,29.26
2021-08-31,"Yangon, Myanmar",Yangon International Airport (VYYY),29.26,25.76,33.71,26.24,74.2,0.0,0,206.0,10.67,11.35,1009.08,448.0,5.1,10429.0,3,7.95,-2.07,0.0,46.83,28.05
2021-09-01,"Yangon, Myanmar",Yangon International Airport (VYYY),28.05,23.86,32.07,23.01,72.7,0.0,0,168.0,9.93,11.9,1006.12,507.0,3.8,9294.0,1,8.21,-2.96,0.0,16.59,29.27
2021-09-02,"Yangon, Myanmar",Yangon International Airport (VYYY),29.27,24.78,33.82,26.59,76.9,0.0,0,188.0,7.45,13.56,1009.44,240.0,3.3,9030.0,1,9.03,3.32,0.0,12.89,29.37
2021-09-03,"Yangon, Myanmar",Yangon International Airport (VYYY),29.37,25.35,34.31,25.91,75.7,0.0,0,227.0,5.81,7.49,1011.01,545.0,3.3,7956.0,1,8.96,1.57,0.0,0.0,30.11
2021-09-04,"Yangon, Myanmar",Yangon International Airport (VYYY),30.11,26.01,35.24,26.47,75.4,11.53,0,184.0,8.69,12.44,1011.8,406.0,5.6,8481.0,8,9.24,0.79,11.53,11.53,28.49
2021-09-05,"Yangon, Myanmar",Yangon International Airport (VYYY),28.49,24.65,32.82,25.08,70.5,0.0,0,213.0,9.46,10.36,1008.11,614.0,4.3,10360.0,3,8.17,-3.7,11.53,11.53,27.26
2021-09-06,"Yangon, Myanmar",Yangon International Airport (VYYY),27.26,23.3,33.0,23.94,74.7,0.0,0,240.0,7.7,9.79,1011.96,394.0,3.5,9344.0,1,9.7,3.85,11.53,11.53,29.05
2021-09-07,"Yangon, Myanmar",Yangon International Airport (VYYY),29.05,25.87,34.77,25.62,74.2,0.0,0,157.0,6.67,8.22,1008.01,587.0,2.4,8313.0,1,8.9,-3.95,0.0,11.53,28.78
2021-09-08,"Yangon, Myanmar",Yangon International Airport (VYYY),28.78,25.39,33.41,25.41,73.0,0.0,0,243.0,6.47,15.93,1008.92,367.0,1.5,9114.0,1,8.02,0.91,0.0,11.53,29.4
2021-09-09,"Yangon, Myanmar",Yangon International Airport (VYYY),29.4,25.13,33.41,27.48,77.9,0.0,0,172.0,9.93,16.79,1006.37,424.0,4.5,10009.0,3,8.28,-2.55,0.0,11.53,28.46
2021-09-10,"Yangon, Myanmar",Yangon International Airport (VYYY),28.46,23.83,33.24,25.85,76.7,0.0,0,174.0,7.62,11.78,1006.82,510.0,3.3,9856.0,1,9.41,0.45,0.0,11.53,28.4
2021-09-11,"Yangon, Myanmar",Yangon International Airport (VYYY),28.4,25.14,33.13,25.77,75.4,0.0,0,177.0,7.17,7.23,1010.23,400.0,4.3,,3,7.98,3.42,0.0,0.0,29.02
2021-09-12,"Yangon, Myanmar",Yangon International Airport (VYYY),29.02,25.32,33.39,25.5,71.6,0.0,0,209.0,3.52,8.85,1010.47,559.0,2.3,9781.0,1,8.08,0.23,0.0,0.0,28.84
2021-09-13,"Yangon, Myanmar",Yangon International Airport (VYYY),28.84,25.98,33.6,26.53,69.3,0.0,0,278.0,11.27,11.68,1006.93,467.0,1.0,8928.0,1,7.62,-3.54,0.0,0.0,28.26
2021-09-14,"Yangon, Myanmar",Yangon International Airport (VYYY),28.26,24.42,32.93,25.46,69.9,0.0,0,175.0,7.66,8.97,1012.17,560.0,3.1,8178.0,1,8.51,5.24,0.0,0.0,30.27
2021-09-15,"Yangon, Myanmar",Yangon International Airport (VYYY),30.27,27.19,35.49,27.04,62.8,0.0,0,264.0,9.32,22.28,1010.9,511.0,2.9,10796.0,1,8.3,-1.27,0.0,0.0,28.21
2021-09-16,"Yangon, Myanmar",Yangon International Airport (VYYY),28.21,24.65,31.85,,66.0,0.0,0,165.0,7.86,11.92,1008.86,448.0,2.5,10088.0,1,7.2,-2.04,0.0,0.0,28.69
2021-09-17,"Yangon, Myanmar",Yangon International Airport (VYYY),28.69,24.49,33.3,25.49,84.9,0.0,0,256.0,7.79,13.65,1006.77,441.0,1.7,11152.0,1,8.81,-2.09,0.0,0.0,26.45
2021-09-18,"Yangon, Myanmar",Yangon International Airport (VYYY),26.45,21.56,31.05,23.1,73.9,0.0,0,188.0,6.93,7.22,1012.94,499.0,2.7,9773.0,1,9.49,6.18,0.0,0.0,30.07
2021-09-19,"Yangon, Myanmar",Yangon International Airport (VYYY),30.07,26.65,34.43,27.94,81.5,0.0,0,233.0,9.18,11.03,1005.97,472.0,0.0,10693.0,1,7.78,-6.97,0.0,0.0,28.62
2021-09-20,"Yangon, Myanmar",Yangon International Airport (VYYY),28.62,25.57,31.53,24.74,73.8,0.0,0,236.0,1.38,3.07,1009.76,521.0,1.0,10673.0,1,5.96,3.79,0.0,0.0,28.92
2021-09-21,"Yangon, Myanmar",Yangon International Airport (VYYY),28.92,25.15,34.51,25.0,76.5,0.0,0,239.0,6.97,7.21,1008.54,496.0,1.5,9835.0,1,9.36,-1.22,0.0,0.0,28.11
2021-09-22,"Yangon, Myanmar",Yangon International Airport (VYYY),28.11,24.61,33.18,25.36,67.8,0.0,0,220.0,7.68,9.61,1008.11,405.0,1.0,8822.0,1,8.58,-0.43,0.0,0.0,30.11
2021-09-23,"Yangon, Myanmar",Yangon International Airport (VYYY),30.11,26.56,35.03,28.04,64.4,0.0,0,158.0,4.87,6.09,1009.74,410.0,3.0,8787.0,1,8.47,1.64,0.0,0.0,27.14
2021-09-24,"Yangon, Myanmar",Yangon International Airport (VYYY),27.14,23.21,31.99,23.55,69.9,0.0,0,216.0,11.63,14.75,1011.01,350.0,2.9,9667.0,1,8.77,1.27,0.0,0.0,28.03
2021-09-25,"Yangon, Myanmar",Yangon International Airport (VYYY),28.03,24.42,32.4,23.69,68.7,0.0,0,285.0,7.22,7.93,1008.26,403.0,0.3,8468.0,1,7.98,-2.74,0.0,0.0,28.1
2021-09-26,"Yangon, Myanmar",Yangon International Airport (VYYY),28.1,23.48,33.06,23.48,77.9,0.0,0,218.0,7.78,10.56,1012.79,470.0,1.7,10436.0,1,9.58,4.52,0.0,0.0,28.14
2021-09-27,"Yangon, Myanmar",Yangon International Airport (VYYY),28.14,24.86,33.53,22.95,64.2,19.59,0,235.0,8.87,11.05,1011.0,453.0,1.3,9545.0,8,8.67,-1.78,19.59,19.59,30.02
2021-09-28,"Yangon, Myanmar",Yangon International Airport (VYYY),30.02,26.28,35.54,28.79,73.9,0.0,0,188.0,5.44,7.7,1013.21,444.0,0.0,10453.0,1,9.26,2.21,19.59,19.59,28.44
2021-09-29,"Yangon, Myanmar",Yangon International Airport (VYYY),28.44,25.47,34.19,24.55,68.1,0.0,0,95.0,7.56,8.88,1012.41,312.0,2.6,9289.0,1,8.72,-0.8,19.59,19.59,27.54
2021-09-30,"Yangon, Myanmar",Yangon International Airport (VYYY),27.54,24.08,32.81,23.79,81.5,0.0,0,213.0,10.58,12.53,1008.79,453.0,4.9,11358.0,3,8.73,-3.63,0.0,19.59,27.19
2021-10-01,"Yangon, Myanmar",Yangon International Airport (VYYY),27.19,22.91,31.82,21.73,79.8,0.0,0,173.0,3.07,7.19,1009.92,471.0,2.9,11109.0,1,8.91,1.13,0.0,19.59,30.63
2021-10-02,"Yangon, Myanmar",Yangon International Airport (VYYY),30.63,25.48,34.95,27.3,67.8,0.0,0,247.0,5.69,7.06,1010.0,382.0,3.2,10621.0,1,9.47,0.09,0.0,19.59,28.56
2021-10-03,"Yangon, Myanmar",Yangon International Airport (VYYY),28.56,24.35,33.69,25.84,67.2,0.0,0,219.0,9.68,10.87,1010.89,547.0,4.4,10829.0,3,9.35,0.89,0.0,19.59,29.48
2021-10-04,"Yangon, Myanmar",Yangon International Airport (VYYY),29.48,26.46,34.63,26.64,69.5,0.0,0,151.0,7.34,11.85,1013.05,617.0,0.2,9714.0,1,8.17,2.16,0.0,0.0,27.53
2021-10-05,"Yangon, Myanmar",Yangon International Airport (VYYY),27.53,24.02,32.42,24.84,62.8,0.0,0,152.0,3.54,7.37,1011.46,,0.5,9668.0,1,8.4,-1.59,0.0,0.0,27.01
2021-10-06,"Yangon, Myanmar",Yangon International Airport (VYYY),27.01,22.06,32.56,24.33,68.2,14.29,0,226.0,9.81,11.76,1010.39,459.0,3.0,8678.0,8,10.5,-1.08,14.29,14.29,27.95
2021-10-07,"Yangon, Myanmar",Yangon International Airport (VYYY),27.95,23.87,32.79,24.51,72.8,0.0,0,266.0,10.37,11.59,1009.77,392.0,3.3,11573.0,1,8.92,-0.61,14.29,14.29,27.51
2021-10-08,"Yangon, Myanmar",Yangon International Airport (VYYY),27.51,23.35,32.38,25.78,72.1,0.0,0,174.0,6.92,10.82,1010.32,556.0,3.8,9703.0,1,9.04,0.55,14.29,14.29,27.37
2021-10-09,"Yangon, Myanmar",Yangon International Airport (VYYY),27.37,22.91,31.57,23.91,62.6,19.34,0,210.0,8.82,11.96,1011.26,410.0,1.4,8655.0,8,8.66,0.93,19.34,33.63,27.51
2021-10-10,"Yangon, Myanmar",Yangon International Airport (VYYY),27.51,24.0,32.21,26.2,64.4,0.0,0,264.0,9.67,10.24,1009.12,460.0,3.2,9953.0,1,8.21,-2.14,19.34,33.63,28.64
2021-10-11,"Yangon, Myanmar",Yangon International Airport (VYYY),28.64,25.18,32.76,26.46,77.2,0.0,0,202.0,7.83,13.14,1012.13,615.0,1.3,10325.0,1,7.58,3.01,19.34,33.63,27.61
2021-10-12,"Yangon, Myanmar",Yangon International Airport (VYYY),27.61,23.27,31.92,26.35,71.0,0.0,0,262.0,6.49,10.91,1014.69,499.0,3.1,9491.0,1,8.65,2.56,0.0,33.63,27.23
2021-10-13,"Yangon, Myanmar",Yangon International Airport (VYYY),27.23,22.27,31.65,22.81,72.3,20.66,0,179.0,7.15,17.91,1009.19,554.0,,9382.0,8,9.38,-5.5,20.66,40.0,26.18
2021-10-14,"Yangon, Myanmar",Yangon International Airport (VYYY),26.18,22.36,30.93,24.02,76.1,0.0,0,122.0,8.66,18.34,1010.1,454.0,3.5,9943.0,1,8.57,0.9,20.66,40.0,25.12
2021-10-15,"Yangon, Myanmar",Yangon International Airport (VYYY),25.12,21.11,31.56,20.48,77.9,0.0,0,196.0,4.87,6.61,1009.92,595.0,0.3,11826.0,1,10.46,-0.17,20.66,40.0,27.46
2021-10-16,"Yangon, Myanmar",Yangon International Airport (VYYY),27.46,23.74,32.74,24.55,77.5,0.0,0,319.0,6.45,8.52,1008.19,622.0,,9764.0,1,9.01,-1.73,0.0,20.66,27.17
2021-10-17,"Yangon, Myanmar",Yangon International Airport (VYYY),27.17,22.7,32.85,24.55,74.2,0.0,0,148.0,5.36,7.24,1010.52,560.0,2.0,9621.0,1,10.15,2.33,0.0,20.66,27.19
2021-10-18,"Yangon, Myanmar",Yangon International Airport (VYYY),27.19,23.85,31.77,25.1,76.3,0.0,0,215.0,4.46,4.8,1005.91,468.0,3.8,9374.0,1,7.92,-4.61,0.0,20.66,26.25
2021-10-19,"Yangon, Myanmar",Yangon International Airport (VYYY),26.25,21.99,30.73,23.55,78.2,0.0,0,218.0,7.74,12.44,1009.96,419.0,0.0,10878.0,1,8.74,4.05,0.0,20.66,26.57
2021-10-20,"Yangon, Myanmar",Yangon International Airport (VYYY),26.57,22.34,31.13,25.19,69.8,0.0,0,276.0,8.45,14.0,1009.44,489.0,2.5,8643.0,1,8.79,-0.51,0.0,0.0,26.93
2021-10-21,"Yangon, Myanmar",Yangon International Airport (VYYY),26.93,23.82,31.86,23.85,69.7,0.0,0,174.0,5.07,8.26,1010.35,494.0,1.8,8470.0,1,8.04,0.91,0.0,0.0,26.83
2021-10-22,"Yangon, Myanmar",Yangon International Airport (VYYY),26.83,21.71,32.06,23.75,79.9,0.0,0,188.0,4.63,6.91,1012.42,477.0,2.4,9433.0,1,10.35,2.07,0.0,0.0,27.49
2021-10-23,"Yangon, Myanmar",Yangon International Airport (VYYY),27.49,23.0,33.08,24.74,70.6,0.0,0,230.0,5.73,7.63,1011.67,458.0,2.1,9917.0,1,10.08,-0.75,0.0,0.0,28.66
2021-10-24,"Yangon, Myanmar",Yangon International Airport (VYYY),28.66,25.49,34.1,25.43,78.1,0.0,0,233.0,6.44,7.19,1008.77,481.0,2.0,9876.0,1,8.61,-2.9,0.0,0.0,27.11
2021-10-25,"Yangon, Myanmar",Yangon International Airport (VYYY),27.11,23.05,31.56,21.98,81.1,0.0,0,206.0,6.69,8.89,1010.51,430.0,3.6,11691.0,1,8.52,1.74,0.0,0.0,25.84
2021-10-26,"Yangon, Myanmar",Yangon International Airport (VYYY),25.84,22.74,31.1,22.87,71.1,0.0,0,160.0,6.72,6.74,1008.47,386.0,1.6,10365.0,1,8.37,-2.04,0.0,0.0,25.07
2021-10-27,"Yangon, Myanmar",Yangon International Airport (VYYY),25.07,20.81,30.75,22.12,74.4,0.0,0,270.0,7.51,11.42,1010.86,466.0,2.6,9988.0,1,9.94,2.38,0.0,0.0,26.37
2021-10-28,"Yangon, Myanmar",Yangon International Airport (VYYY),26.37,23.01,31.85,25.73,71.7,11.16,0,232.0,7.46,9.05,1010.52,465.0,1.2,9431.0,8,8.84,-0.34,11.16,11.16,26.66
2021-10-29,"Yangon, Myanmar",Yangon International Airport (VYYY),26.66,22.74,32.68,24.46,75.2,0.0,0,187.0,5.07,7.01,1011.81,398.0,3.6,8913.0,1,9.93,1.29,11.16,11.16,27.13
2021-10-30,"Yangon, Myanmar",Yangon International Airport (VYYY),27.13,23.48,31.59,22.07,70.2,0.0,0,86.0,7.91,10.74,1011.05,463.0,3.4,9700.0,1,8.11,-0.77,11.16,11.16,26.04
2021-10-31,"Yangon, Myanmar",Yangon International Airport (VYYY),26.04,22.38,31.4,21.14,76.8,0.0,0,201.0,4.28,,1013.19,396.0,0.7,10254.0,1,9.02,2.14,0.0,11.16,26.41
2021-11-01,"Yangon, Myanmar",Yangon International Airport (VYYY),26.41,23.0,30.9,22.83,79.3,0.0,0,222.0,6.63,7.81,1009.57,503.0,2.2,8071.0,1,7.9,-3.61,0.0,11.16,25.85
2021-11-02,"Yangon, Myanmar",Yangon International Airport (VYYY),25.85,23.14,29.12,24.44,79.8,0.0,0,209.0,5.12,8.3,1012.43,461.0,3.1,11937.0,1,5.99,2.86,0.0,11.16,26.49
2021-11-03,"Yangon, Myanmar",Yangon International Airport (VYYY),26.49,21.78,31.59,23.89,76.7,0.0,0,256.0,6.94,9.63,1007.95,464.0,0.8,12392.0,1,9.81,-4.48,0.0,11.16,24.61
2021-11-04,"Yangon, Myanmar",Yangon International Airport (VYYY),24.61,21.1,28.91,21.42,85.1,0.0,0,127.0,8.54,9.09,1010.99,622.0,1.7,9520.0,1,7.82,3.05,0.0,0.0,26.54
2021-11-05,"Yangon, Myanmar",Yangon International Airport (VYYY),26.54,23.15,31.95,21.99,82.7,0.0,0,132.0,7.96,10.19,1010.88,538.0,1.5,10451.0,1,8.8,-0.12,0.0,0.0,25.62
2021-11-06,"Yangon, Myanmar",Yangon International Airport (VYYY),25.62,20.92,30.29,25.18,66.5,0.0,0,200.0,9.0,11.82,1009.33,374.0,0.0,10336.0,1,9.36,-1.55,0.0,0.0,25.55
2021-11-07,"Yangon, Myanmar",Yangon International Airport (VYYY),25.55,21.61,32.02,21.21,79.9,0.0,0,153.0,6.85,8.39,1013.78,466.0,0.6,12582.0,1,10.4,4.45,0.0,0.0,26.25
2021-11-08,"Yangon, Myanmar",Yangon International Airport (VYYY),26.25,22.89,31.37,23.86,77.3,0.0,0,143.0,7.34,7.98,1014.08,351.0,2.2,10332.0,1,8.48,0.31,0.0,0.0,26.62
2021-11-09,"Yangon, Myanmar",Yangon International Airport (VYYY),26.62,22.64,32.15,23.09,79.1,0.0,0,167.0,3.67,6.2,1008.22,495.0,2.7,10020.0,1,9.52,-5.86,0.0,0.0,27.01
2021-11-10,"Yangon, Myanmar",Yangon International Airport (VYYY),27.01,23.35,31.6,24.7,77.5,0.0,0,174.0,4.49,5.61,1011.7,486.0,1.8,9835.0,1,8.25,3.48,0.0,0.0,25.31
2021-11-11,"Yangon, Myanmar",Yangon International Airport (VYYY),25.31,21.28,29.68,23.53,81.5,0.0,0,255.0,8.0,11.66,1006.08,377.0,0.5,10718.0,1,8.4,-5.62,0.0,0.0,27.16
2021-11-12,"Yangon, Myanmar",Yangon International Airport (VYYY),27.16,24.18,31.43,23.53,79.3,0.0,0,199.0,7.4,10.11,1013.42,371.0,2.4,10588.0,1,7.25,7.34,0.0,0.0,27.18
2021-11-13,"Yangon, Myanmar",Yangon International Airport (VYYY),27.18,23.12,31.75,24.44,78.8,0.0,0,280.0,5.23,8.74,1014.23,496.0,3.7,10421.0,1,8.62,0.81,0.0,0.0,26.92
2021-11-14,"Yangon, Myanmar",Yangon International Airport (VYYY),26.92,22.41,31.95,25.17,81.6,0.0,0,234.0,6.63,10.52,1012.09,549.0,2.3,9787.0,1,9.54,-2.13,0.0,0.0,25.21
2021-11-15,"Yangon, Myanmar",Yangon International Airport (VYYY),25.21,21.54,29.1,21.66,83.5,0.0,0,147.0,6.81,7.95,1013.2,656.0,1.9,10002.0,1,7.55,1.1,0.0,0.0,26.71
2021-11-16,"Yangon, Myanmar",Yangon International Airport (VYYY),26.71,23.12,32.2,23.54,84.2,0.0,0,141.0,6.13,6.72,1010.11,401.0,1.1,8351.0,1,9.08,-3.08,0.0,0.0,26.37
2021-11-17,"Yangon, Myanmar",Yangon International Airport (VYYY),26.37,23.0,30.39,22.47,77.9,0.0,0,253.0,9.02,10.3,1012.09,419.0,2.2,11400.0,1,7.39,1.98,0.0,0.0,25.33
2021-11-18,"Yangon, Myanmar",Yangon International Airport (VYYY),25.33,21.72,30.43,21.78,74.6,0.0,0,157.0,5.06,10.61,1012.05,496.0,1.4,11868.0,1,8.71,-0.05,0.0,0.0,23.73
2021-11-19,"Yangon, Myanmar",Yangon International Airport (VYYY),23.73,19.91,27.91,21.78,82.6,0.0,0,151.0,8.7,10.58,1009.6,660.0,0.2,10418.0,1,8.0,-2.44,0.0,0.0,25.17
2021-11-20,"Yangon, Myanmar",Yangon International Airport (VYYY),25.17,21.25,30.41,22.52,68.8,0.0,0,176.0,4.65,12.31,1014.58,530.0,2.6,9188.0,1,9.16,4.98,0.0,0.0,24.24
2021-11-21,"Yangon, Myanmar",Yangon International Airport (VYYY),24.24,20.4,28.65,20.38,67.8,0.0,0,162.0,8.74,13.57,1012.16,333.0,0.3,9100.0,1,8.24,-2.42,0.0,0.0,25.09
2021-11-22,"Yangon, Myanmar",Yangon International Airport (VYYY),25.09,21.73,30.77,20.67,76.3,0.0,0,184.0,6.73,7.04,1013.78,442.0,3.3,9344.0,1,9.05,1.62,0.0,0.0,24.97
2021-11-23,"Yangon, Myanmar",Yangon International Airport (VYYY),24.97,20.32,29.75,22.31,84.5,0.0,0,228.0,10.06,10.2,1013.33,445.0,2.2,10347.0,1,9.42,-0.45,0.0,0.0,25.86
2021-11-24,"Yangon, Myanmar",Yangon International Airport (VYYY),25.86,22.33,30.36,23.27,83.1,0.0,0,232.0,9.53,10.44,1009.51,491.0,1.1,9153.0,1,8.03,-3.82,0.0,0.0,26.61
2021-11-25,"Yangon, Myanmar",Yangon International Airport (VYYY),26.61,23.01,31.93,22.88,80.9,0.0,0,272.0,8.16,9.81,1013.65,506.0,0.8,10356.0,1,8.92,4.14,0.0,0.0,23.76
2021-11-26,"Yangon, Myanmar",Yangon International Airport (VYYY),23.76,20.28,29.12,20.77,79.9,0.0,0,154.0,8.69,9.81,1012.06,451.0,0.9,10558.0,1,8.84,-1.6,0.0,0.0,26.07
2021-11-27,"Yangon, Myanmar",Yangon International Airport (VYYY),26.07,22.61,30.71,22.51,79.0,0.0,0,222.0,9.5,12.11,1013.15,580.0,2.8,10085.0,1,8.1,1.1,0.0,0.0,23.59
2021-11-28,"Yangon, Myanmar",Yangon International Airport (VYYY),23.59,20.26,29.25,21.21,79.8,0.0,0,219.0,10.75,11.14,1012.09,490.0,3.2,10666.0,1,8.99,-1.07,0.0,0.0,24.76
2021-11-29,"Yangon, Myanmar",Yangon International Airport (VYYY),24.76,20.17,29.44,20.95,71.7,0.0,0,191.0,6.17,8.18,1011.42,591.0,1.8,9988.0,1,9.27,-0.66,0.0,0.0,24.64
2021-11-30,"Yangon, Myanmar",Yangon International Airport (VYYY),24.64,20.99,28.74,21.16,87.1,0.0,0,174.0,6.57,10.86,1013.26,432.0,1.4,9408.0,1,7.76,1.84,0.0,0.0,24.16
2021-12-01,"Yangon, Myanmar",Yangon International Airport (VYYY),24.16,19.89,28.62,20.53,81.1,0.0,0,193.0,7.51,12.61,1016.61,427.0,2.9,10076.0,1,8.73,3.35,0.0,0.0,25.22
2021-12-02,"Yangon, Myanmar",Yangon International Airport (VYYY),25.22,21.15,30.73,21.43,76.6,0.0,0,137.0,8.13,15.23,1010.79,638.0,2.4,10080.0,1,9.58,-5.82,0.0,0.0,24.65
2021-12-03,"Yangon, Myanmar",Yangon International Airport (VYYY),24.65,21.47,30.14,20.02,70.2,0.0,0,159.0,6.72,7.27,1017.09,482.0,1.6,8929.0,1,8.67,6.3,0.0,0.0,23.9
2021-12-04,"Yangon, Myanmar",Yangon International Airport (VYYY),23.9,19.28,29.52,21.56,84.5,0.0,0,142.0,10.32,10.96,1015.47,452.0,2.8,12146.0,1,10.24,-1.62,0.0,0.0,25.14
2021-12-05,"Yangon, Myanmar",Yangon International Airport (VYYY),25.14,21.28,30.54,23.67,74.0,0.0,0,247.0,6.66,7.29,1012.89,470.0,2.4,9974.0,1,9.27,-2.58,0.0,0.0,24.62
2021-12-06,"Yangon, Myanmar",Yangon International Airport (VYYY),24.62,20.32,29.65,20.52,81.5,0.0,0,154.0,8.88,30.55,1013.77,515.0,3.4,10593.0,1,9.33,0.88,0.0,0.0,24.88
2021-12-07,"Yangon, Myanmar",Yangon International Airport (VYYY),24.88,21.95,29.51,21.61,72.6,0.0,0,137.0,8.46,9.2,1010.96,469.0,2.4,8854.0,1,7.56,-2.81,0.0,0.0,25.55
2021-12-08,"Yangon, Myanmar",Yangon International Airport (VYYY),25.55,21.83,29.36,19.76,71.7,0.0,0,137.0,9.7,11.6,1012.93,444.0,0.4,10017.0,1,7.53,1.96,0.0,0.0,25.84
2021-12-09,"Yangon, Myanmar",Yangon International Airport (VYYY),25.84,22.43,30.18,22.28,80.9,0.0,0,155.0,7.88,9.62,1017.24,302.0,1.1,8733.0,1,7.76,4.31,0.0,0.0,26.04
2021-12-10,"Yangon, Myanmar",Yangon International Airport (VYYY),26.04,21.82,31.51,23.31,74.0,0.0,0,162.0,8.6,10.68,1012.09,553.0,2.5,10281.0,1,9.7,-5.14,0.0,0.0,24.6
2021-12-11,"Yangon, Myanmar",Yangon International Airport (VYYY),24.6,21.34,29.75,22.97,72.8,0.0,0,165.0,5.72,9.35,1011.36,650.0,1.6,11139.0,1,8.41,-0.74,0.0,0.0,24.69
2021-12-12,"Yangon, Myanmar",Yangon International Airport (VYYY),24.69,21.25,29.51,22.0,79.7,0.0,0,186.0,9.14,11.59,1012.1,566.0,3.1,10539.0,1,8.25,0.75,0.0,0.0,25.13
2021-12-13,"Yangon, Myanmar",Yangon International Airport (VYYY),25.13,21.29,29.64,22.19,77.1,0.0,0,246.0,4.56,4.71,1008.87,527.0,1.3,9396.0,1,8.35,-3.24,0.0,0.0,22.74
2021-12-14,"Yangon, Myanmar",Yangon International Airport (VYYY),22.74,18.46,27.24,18.36,87.3,0.0,0,255.0,7.3,11.15,1011.03,587.0,2.4,10499.0,1,8.79,2.16,0.0,0.0,25.15
2021-12-15,"Yangon, Myanmar",Yangon International Airport (VYYY),25.15,20.46,29.62,21.86,77.0,0.0,0,199.0,9.57,12.89,1009.59,503.0,1.0,8442.0,1,9.16,-1.44,0.0,0.0,23.75
2021-12-16,"Yangon, Myanmar",Yangon International Airport (VYYY),23.75,20.42,28.92,21.36,75.5,0.0,0,126.0,7.0,12.33,1015.39,374.0,3.9,11374.0,1,8.51,5.81,0.0,0.0,24.67
2021-12-17,"Yangon, Myanmar",Yangon International Airport (VYYY),24.67,21.0,29.12,23.0,82.0,0.0,0,161.0,8.87,10.8,1012.07,385.0,1.5,11411.0,1,8.12,-3.32,0.0,0.0,24.39
2021-12-18,"Yangon, Myanmar",Yangon International Airport (VYYY),24.39,20.6,29.19,21.62,77.9,0.0,0,170.0,5.84,7.72,1010.64,502.0,1.5,10326.0,1,8.59,-1.43,0.0,0.0,25.94
2021-12-19,"Yangon, Myanmar",Yangon International Airport (VYYY),25.94,22.65,30.25,23.68,78.0,0.0,0,274.0,7.8,11.29,1016.01,301.0,3.1,9256.0,1,7.59,5.37,0.0,0.0,24.67
2021-12-20,"Yangon, Myanmar",Yangon International Airport (VYYY),24.67,21.38,28.9,21.18,74.1,0.0,0,170.0,5.76,9.14,1016.26,469.0,1.4,9303.0,1,7.51,0.25,0.0,0.0,24.73
2021-12-21,"Yangon, Myanmar",Yangon International Airport (VYYY),24.73,21.0,28.73,22.36,74.2,0.0,0,187.0,7.2,9.89,1010.05,439.0,3.4,10318.0,1,7.73,-6.21,0.0,0.0,24.84
2021-12-22,"Yangon, Myanmar",Yangon International Airport (VYYY),24.84,21.75,30.14,20.27,86.6,0.0,0,188.0,7.94,10.91,1015.05,361.0,3.7,9081.0,1,8.39,5.0,0.0,0.0,24.24
2021-12-23,"Yangon, Myanmar",Yangon International Airport (VYYY),24.24,21.26,29.41,,86.6,0.0,0,180.0,6.09,8.75,1013.34,287.0,1.9,9684.0,1,8.15,-1.71,0.0,0.0,24.25
2021-12-24,"Yangon, Myanmar",Yangon International Airport (VYYY),24.25,20.77,28.49,19.64,78.9,0.0,0,224.0,8.16,8.76,1017.43,470.0,1.3,8322.0,1,7.72,4.09,0.0,0.0,23.98
2021-12-25,"Yangon, Myanmar",Yangon International Airport (VYYY),23.98,19.56,28.64,21.51,80.3,0.0,0,232.0,8.83,11.71,1011.31,562.0,1.2,10924.0,1,9.08,-6.12,0.0,0.0,24.51
2021-12-26,"Yangon, Myanmar",Yangon International Airport (VYYY),24.51,20.99,28.72,20.59,82.1,0.0,0,214.0,2.44,3.51,1013.29,577.0,3.0,10207.0,1,7.73,1.97,0.0,0.0,23.14
2021-12-27,"Yangon, Myanmar",Yangon International Airport (VYYY),23.14,19.31,27.45,19.27,84.8,0.0,0,234.0,8.05,8.17,1012.67,514.0,3.4,10845.0,1,8.13,-0.61,0.0,0.0,23.36
2021-12-28,"Yangon, Myanmar",Yangon International Airport (VYYY),23.36,19.32,28.47,19.95,77.8,0.0,0,181.0,8.83,11.54,1011.39,574.0,2.9,9043.0,1,9.15,-1.28,0.0,0.0,24.4
2021-12-29,"Yangon, Myanmar",Yangon International Airport (VYYY),24.4,21.2,28.51,22.66,82.7,0.0,0,165.0,8.74,12.61,1013.36,533.0,4.7,10890.0,3,7.31,1.97,0.0,0.0,23.84
2021-12-30,"Yangon, Myanmar",Yangon International Airport (VYYY),23.84,20.6,29.51,21.25,80.4,0.0,0,192.0,8.15,9.42,1014.27,405.0,3.5,9923.0,1,8.91,0.92,0.0,0.0,23.36
2021-12-31,"Yangon, Myanmar",Yangon International Airport (VYYY),23.36,20.25,27.62,21.92,75.5,0.0,0,167.0,10.52,14.41,1014.75,564.0,2.3,10318.0,1,7.37,0.48,0.0,0.0,25.75
2022-01-01,"Yangon, Myanmar",Yangon International Airport (VYYY),25.75,21.92,31.8,22.51,84.4,0.0,0,116.0,8.98,10.14,1013.38,617.0,2.7,11486.0,1,9.88,-1.37,0.0,0.0,23.21
2022-01-02,"Yangon, Myanmar",Yangon International Airport (VYYY),23.21,19.85,28.91,21.24,86.0,0.0,0,179.0,9.65,12.01,1017.26,424.0,1.7,8979.0,1,9.07,3.88,0.0,0.0,25.37
2022-01-03,"Yangon, Myanmar",Yangon International Airport (VYYY),25.37,20.21,29.34,22.07,73.6,0.0,0,234.0,6.55,7.66,1009.63,427.0,2.6,9259.0,1,9.13,-7.62,0.0,0.0,25.89
2022-01-04,"Yangon, Myanmar",Yangon International Airport (VYYY),25.89,20.98,29.78,22.74,71.5,15.23,0,185.0,5.42,7.45,1017.61,386.0,1.4,8920.0,8,8.81,7.98,15.23,15.23,22.24
2022-01-05,"Yangon, Myanmar",Yangon International Airport (VYYY),22.24,18.04,26.51,18.8,80.1,0.0,0,172.0,6.19,10.23,1016.01,515.0,3.7,10621.0,1,8.47,-1.6,15.23,15.23,25.03
2022-01-06,"Yangon, Myanmar",Yangon International Airport (VYYY),25.03,22.28,30.32,22.65,83.7,0.0,0,223.0,6.04,10.74,1015.34,418.0,3.0,11334.0,1,8.04,-0.67,15.23,15.23,24.31
2022-01-07,"Yangon, Myanmar",Yangon International Airport (VYYY),24.31,21.11,28.68,20.85,80.3,0.0,0,198.0,10.3,15.38,1014.5,447.0,2.9,8639.0,1,7.56,-0.83,0.0,15.23,24.61
2022-01-08,"Yangon, Myanmar",Yangon International Airport (VYYY),24.61,21.33,30.44,20.99,73.1,0.0,0,151.0,9.49,13.76,1013.67,384.0,3.1,8194.0,1,9.12,-0.83,0.0,15.23,25.36
2022-01-09,"Yangon, Myanmar",Yangon International Airport (VYYY),25.36,22.29,30.78,21.87,78.0,0.0,0,301.0,10.83,20.07,1008.29,362.0,2.4,9931.0,1,8.49,-5.39,0.0,15.23,26.86
2022-01-10,"Yangon, Myanmar",Yangon International Airport (VYYY),26.86,23.86,31.99,24.77,87.3,0.0,0,326.0,8.76,11.56,1009.76,484.0,0.0,10105.0,1,8.14,1.47,0.0,15.23,23.42
2022-01-11,"Yangon, Myanmar",Yangon International Airport (VYYY),23.42,19.96,26.61,21.1,67.9,0.0,0,220.0,6.77,9.39,1011.94,328.0,3.7,8375.0,1,6.65,2.19,0.0,0.0,22.66
2022-01-12,"Yangon, Myanmar",Yangon International Airport (VYYY),22.66,19.46,28.46,21.82,80.3,0.0,0,200.0,6.84,7.57,1016.68,546.0,3.3,10569.0,1,9.01,4.73,0.0,0.0,22.62
2022-01-13,"Yangon, Myanmar",Yangon International Airport (VYYY),22.62,18.34,27.84,19.06,80.5,0.0,0,220.0,7.92,9.62,1016.74,478.0,3.2,11453.0,1,9.5,0.06,0.0,0.0,26.7
2022-01-14,"Yangon, Myanmar",Yangon International Airport (VYYY),26.7,23.06,32.42,22.61,75.3,0.0,0,150.0,5.17,6.16,1010.43,397.0,1.6,11608.0,1,9.37,-6.31,0.0,0.0,23.64
2022-01-15,"Yangon, Myanmar",Yangon International Airport (VYYY),23.64,20.3,28.71,18.6,85.0,0.0,0,208.0,8.61,9.93,1013.13,497.0,2.9,10319.0,1,8.41,2.7,0.0,0.0,25.68
2022-01-16,"Yangon, Myanmar",Yangon International Airport (VYYY),25.68,21.42,31.65,24.12,80.1,0.0,0,174.0,10.64,10.77,1012.97,558.0,1.4,10537.0,1,10.23,-0.16,0.0,0.0,22.71
2022-01-17,"Yangon, Myanmar",Yangon International Airport (VYYY),22.71,19.91,26.32,19.5,77.6,0.0,0,217.0,4.66,9.48,1015.66,597.0,1.1,8987.0,1,6.41,2.69,0.0,0.0,25.22
2022-01-18,"Yangon, Myanmar",Yangon International Airport (VYYY),25.22,22.13,30.97,22.93,82.0,0.0,0,205.0,8.66,15.01,1009.79,531.0,1.7,10812.0,1,8.84,-5.87,0.0,0.0,23.68
2022-01-19,"Yangon, Myanmar",Yangon International Airport (VYYY),23.68,19.61,27.78,19.37,83.2,0.0,0,185.0,7.02,8.24,1012.06,431.0,1.7,10633.0,1,8.17,2.27,0.0,0.0,24.92
2022-01-20,"Yangon, Myanmar",Yangon International Airport (VYYY),24.92,20.97,29.04,22.7,82.6,0.0,0,239.0,9.97,11.88,1012.63,434.0,2.2,9039.0,1,8.06,0.57,0.0,0.0,24.79
2022-01-21,"Yangon, Myanmar",Yangon International Airport (VYYY),24.79,21.14,30.73,23.05,73.2,0.0,0,174.0,5.57,12.13,1013.16,415.0,2.5,10278.0,1,9.6,0.52,0.0,0.0,21.72
2022-01-22,"Yangon, Myanmar",Yangon International Airport (VYYY),21.72,18.38,26.78,18.89,80.6,0.0,0,191.0,10.93,13.49,1013.23,529.0,2.7,11108.0,1,8.4,0.08,0.0,0.0,24.22
2022-01-23,"Yangon, Myanmar",Yangon International Airport (VYYY),24.22,21.27,29.85,19.63,70.8,0.0,0,185.0,2.72,8.86,1011.98,601.0,1.8,10738.0,1,8.58,-1.25,0.0,0.0,25.17
2022-01-24,"Yangon, Myanmar",Yangon International Airport (VYYY),25.17,21.8,30.13,22.99,77.9,0.0,0,194.0,7.0,7.57,1014.57,550.0,1.5,9356.0,1,8.33,2.59,0.0,0.0,24.38
2022-01-25,"Yangon, Myanmar",Yangon International Airport (VYYY),24.38,21.4,29.68,21.1,78.2,8.63,0,217.0,4.19,9.17,1011.0,619.0,2.8,8514.0,7,8.28,-3.57,8.63,8.63,26.11
2022-01-26,"Yangon, Myanmar",Yangon International Airport (VYYY),26.11,22.65,30.66,22.66,83.8,0.0,0,250.0,6.95,6.96,1015.45,460.0,0.7,10199.0,1,8.01,4.45,8.63,8.63,23.89
2022-01-27,"Yangon, Myanmar",Yangon International Airport (VYYY),23.89,20.54,28.07,21.13,79.5,0.0,0,205.0,7.97,10.63,1013.85,443.0,3.9,10264.0,1,7.53,-1.6,8.63,8.63,24.51
2022-01-28,"Yangon, Myanmar",Yangon International Airport (VYYY),24.51,21.59,28.61,21.29,78.4,0.0,0,225.0,6.91,12.5,1015.1,626.0,5.1,8404.0,3,7.02,1.25,0.0,8.63,24.83
2022-01-29,"Yangon, Myanmar",Yangon International Airport (VYYY),24.83,20.5,29.48,19.23,69.6,0.0,0,191.0,6.85,8.91,1012.29,310.0,4.1,9962.0,3,8.99,-2.82,0.0,8.63,23.64
2022-01-30,"Yangon, Myanmar",Yangon International Airport (VYYY),23.64,20.78,27.72,20.69,84.9,0.0,0,283.0,,11.34,1014.85,463.0,0.0,12243.0,1,6.94,2.57,0.0,8.63,23.29
2022-01-31,"Yangon, Myanmar",Yangon International Airport (VYYY),23.29,19.13,28.43,21.78,75.1,0.0,0,227.0,9.79,11.29,1011.25,567.0,3.1,8691.0,1,9.3,-3.6,0.0,8.63,26.64
2022-02-01,"Yangon, Myanmar",Yangon International Airport (VYYY),26.64,21.92,31.46,24.54,80.4,0.0,0,206.0,9.02,11.0,1012.45,494.0,1.5,9664.0,1,9.54,1.2,0.0,0.0,25.53
2022-02-02,"Yangon, Myanmar",Yangon International Airport (VYYY),25.53,21.46,30.41,20.45,68.2,,0,246.0,8.48,13.57,1010.85,398.0,1.2,9256.0,1,8.95,-1.6,0.0,0.0,24.95
2022-02-03,"Yangon, Myanmar",Yangon International Airport (VYYY),24.95,21.25,30.09,22.03,80.0,0.0,0,208.0,5.61,11.26,1010.04,432.0,3.2,10663.0,1,8.84,-0.81,0.0,0.0,24.24
2022-02-04,"Yangon, Myanmar",Yangon International Airport (VYYY),24.24,19.96,28.57,20.73,82.4,0.0,0,149.0,5.96,9.48,1014.48,417.0,1.4,9910.0,1,8.61,4.44,0.0,0.0,23.14
2022-02-05,"Yangon, Myanmar",Yangon International Airport (VYYY),23.14,19.48,28.91,20.45,77.3,0.0,0,229.0,6.12,9.04,1009.07,454.0,2.9,8389.0,1,9.43,-5.41,0.0,0.0,24.24
2022-02-06,"Yangon, Myanmar",Yangon International Airport (VYYY),24.24,20.47,29.64,22.23,78.4,29.27,0,159.0,7.97,9.76,1015.53,634.0,0.8,7280.0,8,9.17,6.46,29.27,29.27,24.15
2022-02-07,"Yangon, Myanmar",Yangon International Airport (VYYY),24.15,19.3,28.98,20.65,83.2,0.0,0,216.0,5.89,7.89,1008.99,458.0,3.3,11209.0,1,9.68,-6.54,29.27,29.27,24.8
2022-02-08,"Yangon, Myanmar",Yangon International Airport (VYYY),24.8,20.82,29.03,20.96,84.4,0.0,0,201.0,5.73,8.0,1013.99,527.0,1.8,11667.0,1,8.21,5.0,29.27,29.27,23.24
2022-02-09,"Yangon, Myanmar",Yangon International Airport (VYYY),23.24,19.31,28.63,17.63,75.2,0.0,0,227.0,6.69,10.32,1013.01,597.0,1.0,10386.0,1,9.31,-0.98,0.0,29.27,24.57
2022-02-10,"Yangon, Myanmar",Yangon International Airport (VYYY),24.57,20.95,29.51,21.11,75.5,0.0,0,137.0,5.88,10.18,1013.49,530.0,1.8,10459.0,1,8.56,0.48,0.0,29.27,24.57
2022-02-11,"Yangon, Myanmar",Yangon International Airport (VYYY),24.57,21.75,29.25,21.65,75.8,0.0,0,209.0,8.63,12.41,1011.2,487.0,2.4,10648.0,1,7.5,-2.3,0.0,29.27,25.89
2022-02-12,"Yangon, Myanmar",Yangon International Airport (VYYY),25.89,21.87,30.25,23.33,77.8,0.0,0,242.0,8.7,8.78,1011.46,337.0,0.0,8496.0,1,8.38,0.27,0.0,29.27,24.36
2022-02-13,"Yangon, Myanmar",Yangon International Airport (VYYY),24.36,20.77,29.75,22.1,77.4,0.0,0,261.0,8.43,8.69,1010.71,505.0,2.5,9695.0,1,8.97,-0.75,0.0,0.0,22.6
2022-02-14,"Yangon, Myanmar",Yangon International Airport (VYYY),22.6,18.45,28.59,16.53,72.7,0.0,0,213.0,7.53,8.58,1012.57,545.0,3.0,10907.0,1,10.14,1.86,0.0,0.0,24.45
2022-02-15,"Yangon, Myanmar",Yangon International Airport (VYYY),24.45,19.73,27.73,22.77,75.8,0.0,0,196.0,5.47,7.72,1013.91,431.0,1.5,9498.0,1,8.0,1.33,0.0,0.0,23.9
2022-02-16,"Yangon, Myanmar",Yangon International Airport (VYYY),23.9,19.77,28.8,20.76,73.0,0.0,0,239.0,7.5,10.16,1015.24,407.0,3.3,10255.0,1,9.03,1.33,0.0,0.0,23.62
2022-02-17,"Yangon, Myanmar",Yangon International Airport (VYYY),23.62,19.98,28.94,20.39,76.9,0.0,0,183.0,6.77,7.2,1014.85,462.0,0.6,11887.0,1,8.96,-0.38,0.0,0.0,25.4
2022-02-18,"Yangon, Myanmar",Yangon International Airport (VYYY),25.4,21.93,29.7,21.56,82.9,0.0,0,192.0,6.41,8.88,1012.18,528.0,1.3,10931.0,1,7.76,-2.67,0.0,0.0,23.57
2022-02-19,"Yangon, Myanmar",Yangon International Airport (VYYY),23.57,19.35,29.81,20.64,80.4,0.0,0,192.0,9.65,9.75,1011.41,525.0,1.1,9440.0,1,10.46,-0.77,0.0,0.0,25.76
2022-02-20,"Yangon, Myanmar",Yangon International Airport (VYYY),25.76,22.42,29.69,,79.9,0.0,0,208.0,5.46,8.42,1011.05,374.0,2.3,12007.0,1,7.26,-0.36,0.0,0.0,24.42
2022-02-21,"Yangon, Myanmar",Yangon International Airport (VYYY),24.42,20.33,28.65,19.98,85.6,0.0,0,257.0,4.68,6.4,1011.53,462.0,3.5,10151.0,1,8.32,0.49,0.0,0.0,23.84
2022-02-22,"Yangon, Myanmar",Yangon International Airport (VYYY),23.84,19.76,28.8,20.51,69.2,0.0,0,58.0,7.47,9.84,1013.08,420.0,2.9,9841.0,1,9.05,1.55,0.0,0.0,25.2
2022-02-23,"Yangon, Myanmar",Yangon International Airport (VYYY),25.2,21.08,30.18,21.65,78.9,0.0,0,249.0,8.77,11.71,1010.75,513.0,2.1,12257.0,1,9.11,-2.33,0.0,0.0,25.3
2022-02-24,"Yangon, Myanmar",Yangon International Airport (VYYY),25.3,20.48,31.15,23.55,79.5,0.0,0,207.0,6.92,7.76,1009.09,439.0,1.0,11038.0,1,10.67,-1.66,0.0,0.0,25.59
2022-02-25,"Yangon, Myanmar",Yangon International Airport (VYYY),25.59,21.91,29.6,21.46,80.9,0.0,0,213.0,4.41,6.35,1014.12,510.0,1.1,10583.0,1,7.69,5.03,0.0,0.0,25.19
2022-02-26,"Yangon, Myanmar",Yangon International Airport (VYYY),25.19,21.85,30.01,20.94,80.8,0.0,0,220.0,8.09,14.86,1015.19,550.0,2.5,10558.0,1,8.16,1.07,0.0,0.0,23.94
2022-02-27,"Yangon, Myanmar",Yangon International Airport (VYYY),23.94,19.85,28.76,19.03,76.3,0.0,0,161.0,4.54,6.14,1017.16,470.0,1.6,8776.0,1,8.92,1.97,0.0,0.0,26.1
2022-02-28,"Yangon, Myanmar",Yangon International Airport (VYYY),26.1,23.26,30.94,23.81,76.2,0.0,0,269.0,6.76,7.48,1007.38,357.0,2.9,,1,7.68,-9.77,0.0,0.0,24.0
2022-03-01,"Yangon, Myanmar",Yangon International Airport (VYYY),24.0,20.37,29.98,20.99,74.8,0.0,0,190.0,7.87,11.4,1011.58,488.0,1.4,10425.0,1,9.6,4.19,0.0,0.0,24.27
2022-03-02,"Yangon, Myanmar",Yangon International Airport (VYYY),24.27,20.08,28.76,21.29,75.4,0.0,0,189.0,5.86,6.13,1012.81,369.0,2.1,,1,8.68,1.23,0.0,0.0,25.79
2022-03-03,"Yangon, Myanmar",Yangon International Airport (VYYY),25.79,21.83,29.84,22.26,75.6,0.0,0,209.0,8.81,9.5,1010.53,533.0,2.0,10720.0,1,8.01,-2.29,0.0,0.0,25.35
2022-03-04,"Yangon, Myanmar",Yangon International Airport (VYYY),25.35,22.25,29.88,22.56,75.6,0.0,0,245.0,,16.29,1010.95,446.0,2.1,9019.0,1,7.63,0.43,0.0,0.0,25.02
2022-03-05,"Yangon, Myanmar",Yangon International Airport (VYYY),25.02,21.95,30.79,23.06,76.9,0.0,0,274.0,10.9,11.11,1014.05,591.0,4.3,9421.0,3,8.84,3.1,0.0,0.0,25.18
2022-03-06,"Yangon, Myanmar",Yangon International Airport (VYYY),25.18,21.79,30.1,22.66,81.3,0.0,0,220.0,5.32,10.98,1009.39,429.0,2.1,8929.0,1,8.31,-4.66,0.0,0.0,24.71
2022-03-07,"Yangon, Myanmar",Yangon International Airport (VYYY),24.71,20.47,29.62,21.8,85.5,16.28,0,190.0,8.01,13.11,1010.25,400.0,3.2,7093.0,8,9.15,0.86,16.28,16.28,25.9
2022-03-08,"Yangon, Myanmar",Yangon International Airport (VYYY),25.9,22.9,31.26,22.49,76.0,0.0,0,192.0,8.09,14.65,1014.58,499.0,0.7,9249.0,1,8.36,4.33,16.28,16.28,24.63
2022-03-09,"Yangon, Myanmar",Yangon International Airport (VYYY),24.63,20.63,31.12,20.31,82.7,0.0,0,211.0,7.39,7.59,1012.52,458.0,4.8,9540.0,3,10.49,-2.06,16.28,16.28,26.52
2022-03-10,"Yangon, Myanmar",Yangon International Airport (VYYY),26.52,23.13,30.72,24.14,73.4,0.0,0,198.0,6.87,8.88,1013.19,477.0,1.7,10241.0,1,7.59,0.68,0.0,16.28,25.97
2022-03-11,"Yangon, Myanmar",Yangon International Airport (VYYY),25.97,21.48,30.35,22.17,,0.0,0,214.0,6.53,7.35,1011.76,644.0,3.0,10406.0,1,8.87,-1.43,0.0,16.28,23.99
2022-03-12,"Yangon, Myanmar",Yangon International Airport (VYYY),23.99,20.95,29.35,20.79,68.6,0.0,0,206.0,5.15,6.95,1010.85,568.0,2.5,10283.0,1,8.39,-0.91,0.0,16.28,25.06
2022-03-13,"Yangon, Myanmar",Yangon International Airport (VYYY),25.06,21.8,29.64,21.42,69.6,0.0,0,176.0,3.94,5.2,1009.9,406.0,2.4,10630.0,1,7.84,-0.95,0.0,16.28,26.68
2022-03-14,"Yangon, Myanmar",Yangon International Airport (VYYY),26.68,22.65,31.55,24.05,76.9,0.0,0,182.0,3.48,4.26,1012.24,597.0,2.5,10406.0,1,8.89,2.34,0.0,0.0,24.63
2022-03-15,"Yangon, Myanmar",Yangon International Airport (VYYY),24.63,20.16,29.36,22.11,70.7,0.0,0,210.0,9.08,10.88,1014.75,503.0,1.3,10283.0,1,9.19,2.5,0.0,0.0,25.23
2022-03-16,"Yangon, Myanmar",Yangon International Airport (VYYY),25.23,20.31,29.01,22.03,73.9,0.0,0,230.0,5.65,10.13,1014.29,585.0,1.6,10997.0,1,8.69,-0.46,0.0,0.0,27.76
2022-03-17,"Yangon, Myanmar",Yangon International Airport (VYYY),27.76,24.75,31.73,24.1,76.0,0.0,0,172.0,8.53,10.86,1009.45,510.0,1.5,10406.0,1,6.98,-4.83,0.0,0.0,26.01
2022-03-18,"Yangon, Myanmar",Yangon International Airport (VYYY),26.01,22.33,30.58,22.84,69.9,0.0,0,191.0,5.52,10.46,1012.3,391.0,2.3,8904.0,1,8.25,2.85,0.0,0.0,24.9
2022-03-19,"Yangon, Myanmar",Yangon International Airport (VYYY),24.9,21.01,30.24,22.7,77.4,0.0,0,192.0,10.54,12.03,1012.68,505.0,4.8,11104.0,3,9.23,0.37,0.0,0.0,26.41
2022-03-20,"Yangon, Myanmar",Yangon International Airport (VYYY),26.41,22.19,32.45,23.15,79.8,0.0,0,291.0,6.9,8.21,1012.79,570.0,3.3,8903.0,1,10.27,0.11,0.0,0.0,24.1
2022-03-21,"Yangon, Myanmar",Yangon International Airport (VYYY),24.1,20.14,29.38,21.74,74.7,0.0,0,259.0,5.22,9.3,1011.07,447.0,1.8,11976.0,1,9.23,-1.72,0.0,0.0,26.18
2022-03-22,"Yangon, Myanmar",Yangon International Airport (VYYY),26.18,21.8,31.63,22.56,72.8,0.0,0,133.0,7.28,7.92,1012.56,430.0,1.1,9318.0,1,9.82,1.49,0.0,0.0,26.76
2022-03-23,"Yangon, Myanmar",Yangon International Airport (VYYY),26.76,23.18,31.5,23.55,87.8,0.0,0,168.0,8.38,13.54,1008.22,534.0,1.7,11911.0,1,8.32,-4.34,0.0,0.0,26.21
2022-03-24,"Yangon, Myanmar",Yangon International Airport (VYYY),26.21,23.9,31.94,23.02,77.1,0.0,0,256.0,7.24,7.4,1013.68,593.0,2.0,8003.0,1,8.04,5.46,0.0,0.0,27.91
2022-03-25,"Yangon, Myanmar",Yangon International Airport (VYYY),27.91,24.07,32.93,25.82,75.4,0.0,0,148.0,7.76,10.49,1011.91,522.0,3.0,10866.0,1,8.86,-1.77,0.0,0.0,25.41
2022-03-26,"Yangon, Myanmar",Yangon International Airport (VYYY),25.41,20.36,29.52,21.04,78.6,1.9,0,248.0,5.79,7.32,1013.97,399.0,2.0,8152.0,7,9.16,2.06,1.9,1.9,25.92
2022-03-27,"Yangon, Myanmar",Yangon International Airport (VYYY),25.92,21.61,31.9,24.18,79.8,,0,185.0,8.12,14.46,1009.9,379.0,2.7,10286.0,1,10.28,-4.07,1.9,1.9,26.97
2022-03-28,"Yangon, Myanmar",Yangon International Airport (VYYY),26.97,23.41,31.83,23.99,75.8,0.0,0,290.0,7.43,9.21,1010.98,282.0,3.8,8509.0,1,8.42,1.09,1.9,1.9,24.67
2022-03-29,"Yangon, Myanmar",Yangon International Airport (VYYY),24.67,20.67,29.17,20.62,81.9,12.72,0,276.0,10.68,15.33,1011.31,492.0,4.9,6422.0,8,8.5,0.33,12.72,14.62,26.04
2022-03-30,"Yangon, Myanmar",Yangon International Airport (VYYY),26.04,22.34,29.91,22.02,78.0,11.27,0,180.0,3.91,8.34,1010.03,352.0,3.6,9636.0,8,7.57,-1.28,23.99,25.89,26.62
2022-03-31,"Yangon, Myanmar",Yangon International Airport (VYYY),26.62,23.41,31.43,24.2,76.2,0.0,0,179.0,10.62,11.79,1007.53,385.0,2.8,9741.0,1,8.03,-2.49,23.99,25.89,26.78
2022-04-01,"Yangon, Myanmar",Yangon International Airport (VYYY),26.78,23.05,31.11,25.08,77.2,0.0,0,159.0,10.02,15.15,1014.34,378.0,4.0,8293.0,3,8.05,6.81,11.27,25.89,25.33
2022-04-02,"Yangon, Myanmar",Yangon International Airport (VYYY),25.33,21.94,30.3,23.08,76.3,0.0,0,200.0,7.72,10.09,1011.35,444.0,4.5,8559.0,3,8.37,-3.0,0.0,23.99,26.26
2022-04-03,"Yangon, Myanmar",Yangon International Airport (VYYY),26.26,21.95,31.71,23.31,78.1,0.0,0,231.0,5.94,9.57,1016.0,459.0,2.2,7372.0,1,9.75,4.65,0.0,23.99,27.79
2022-04-04,"Yangon, Myanmar",Yangon International Airport (VYYY),27.79,24.66,32.49,23.79,75.4,0.94,0,270.0,10.26,15.28,1010.65,457.0,2.2,9262.0,7,7.83,-5.34,0.94,24.94,28.7
2022-04-05,"Yangon, Myanmar",Yangon International Airport (VYYY),28.7,23.88,34.01,24.37,74.8,0.0,0,218.0,7.9,10.76,1013.7,387.0,2.4,7413.0,1,10.13,3.05,0.94,12.21,27.94
2022-04-06,"Yangon, Myanmar",Yangon International Airport (VYYY),27.94,23.94,32.83,25.24,72.9,0.0,0,319.0,9.02,11.48,1010.87,411.0,3.8,8773.0,1,8.89,-2.83,0.94,0.94,27.35
2022-04-07,"Yangon, Myanmar",Yangon International Airport (VYYY),27.35,23.36,31.72,24.88,82.2,0.0,0,255.0,8.15,13.49,1010.91,470.0,4.2,9104.0,3,8.36,0.04,0.0,0.94,26.5
2022-04-08,"Yangon, Myanmar",Yangon International Airport (VYYY),26.5,21.76,31.37,23.8,74.8,26.49,0,308.0,,9.61,1009.58,334.0,4.4,5260.0,8,9.6,-1.34,26.49,27.43,24.69
2022-04-09,"Yangon, Myanmar",Yangon International Airport (VYYY),24.69,20.17,29.43,21.78,78.8,0.0,0,149.0,6.24,9.29,1008.58,361.0,5.2,6731.0,3,9.26,-1.0,26.49,27.43,26.73
2022-04-10,"Yangon, Myanmar",Yangon International Airport (VYYY),26.73,22.89,31.5,23.48,77.6,0.0,0,286.0,7.63,8.61,1009.53,315.0,2.9,8632.0,1,8.61,0.95,26.49,27.43,25.74
2022-04-11,"Yangon, Myanmar",Yangon International Airport (VYYY),25.74,22.26,30.63,22.29,78.3,9.6,0,206.0,10.13,11.17,1006.05,343.0,4.5,8183.0,7,8.38,-3.48,9.6,36.08,27.41
2022-04-12,"Yangon, Myanmar",Yangon International Airport (VYYY),27.41,24.18,31.88,23.67,81.3,11.25,0,232.0,2.99,4.92,1012.43,340.0,2.0,8279.0,8,7.7,6.38,20.84,47.33,25.64
2022-04-13,"Yangon, Myanmar",Yangon International Airport (VYYY),25.64,22.76,29.71,21.64,81.2,0.0,0,190.0,7.3,10.39,1011.02,335.0,5.6,7962.0,3,6.95,-1.41,20.84,47.33,26.44
2022-04-14,"Yangon, Myanmar",Yangon International Airport (VYYY),26.44,22.01,30.74,24.22,80.4,32.41,0,161.0,9.76,16.67,1008.59,329.0,5.0,2803.0,25,8.73,-2.43,43.65,79.74,26.56
2022-04-15,"Yangon, Myanmar",Yangon International Airport (VYYY),26.56,23.25,31.03,23.44,84.2,0.0,0,185.0,10.56,11.87,1010.77,231.0,3.1,8977.0,1,7.78,2.18,32.41,53.25,27.93
2022-04-16,"Yangon, Myanmar",Yangon International Airport (VYYY),27.93,23.94,33.18,27.43,77.0,0.0,0,226.0,7.62,13.11,1010.12,399.0,3.4,7854.0,1,9.24,-0.66,32.41,53.25,25.23
2022-04-17,"Yangon, Myanmar",Yangon International Airport (VYYY),25.23,21.38,29.51,22.11,78.3,4.42,0,267.0,6.95,7.32,1011.18,353.0,4.7,6547.0,7,8.14,1.07,4.42,57.67,26.07
2022-04-18,"Yangon, Myanmar",Yangon International Airport (VYYY),26.07,22.16,32.35,23.15,70.7,0.0,0,300.0,6.94,8.29,1006.76,367.0,4.1,7814.0,3,10.19,-4.42,4.42,48.07,26.24
2022-04-19,"Yangon, Myanmar",Yangon International Airport (VYYY),26.24,22.22,32.05,24.18,88.8,1.27,0,173.0,13.32,13.48,1008.75,341.0,4.8,8232.0,7,9.82,1.99,5.7,38.1,27.55
2022-04-20,"Yangon, Myanmar",Yangon International Airport (VYYY),27.55,23.68,32.79,23.17,90.2,17.39,0,183.0,6.92,10.08,1008.09,267.0,6.3,5533.0,8,9.11,-0.66,18.67,55.49,27.88
2022-04-21,"Yangon, Myanmar",Yangon International Airport (VYYY),27.88,23.28,33.61,24.28,79.1,0.0,0,288.0,7.87,9.86,1011.28,454.0,8.0,7708.0,4,10.33,3.19,18.67,23.09,27.18
2022-04-22,"Yangon, Myanmar",Yangon International Airport (VYYY),27.18,24.3,31.37,22.31,90.5,1.75,0,291.0,11.53,12.47,1010.61,256.0,4.8,7414.0,7,7.07,-0.67,19.14,24.83,27.37
2022-04-23,"Yangon, Myanmar",Yangon International Airport (VYYY),27.37,23.9,31.58,23.79,86.7,26.6,0,200.0,8.26,12.26,1012.15,181.0,5.2,5002.0,8,7.68,1.54,28.34,51.43,27.57
2022-04-24,"Yangon, Myanmar",Yangon International Airport (VYYY),27.57,23.84,32.71,24.85,75.6,0.0,0,242.0,4.3,5.21,1010.57,306.0,3.4,7836.0,1,8.87,-1.58,28.34,47.01,29.36
2022-04-25,"Yangon, Myanmar",Yangon International Airport (VYYY),29.36,24.25,33.55,26.17,88.7,0.0,0,229.0,6.12,8.04,1011.12,354.0,5.8,7414.0,3,9.3,0.55,26.6,47.01,27.5
2022-04-26,"Yangon, Myanmar",Yangon International Airport (VYYY),27.5,23.87,32.37,24.1,82.2,3.84,0,303.0,8.98,11.2,1012.44,280.0,5.0,6665.0,7,8.5,1.32,3.84,49.58,25.8
2022-04-27,"Yangon, Myanmar",Yangon International Airport (VYYY),25.8,22.48,30.78,23.2,84.0,12.74,0,300.0,7.21,13.33,1009.43,280.0,4.4,5548.0,8,8.31,-3.02,16.58,44.93,27.03
2022-04-28,"Yangon, Myanmar",Yangon International Airport (VYYY),27.03,22.92,32.2,23.48,80.7,0.0,0,195.0,13.6,15.87,1005.55,126.0,4.5,9288.0,3,9.29,-3.88,16.58,44.93,28.91
2022-04-29,"Yangon, Myanmar",Yangon International Airport (VYYY),28.91,24.79,34.92,25.53,79.1,0.0,0,198.0,9.98,11.6,1010.93,339.0,4.8,6688.0,3,10.12,5.37,12.74,43.18,26.98
2022-04-30,"Yangon, Myanmar",Yangon International Airport (VYYY),26.98,23.62,32.27,24.74,82.4,19.64,0,144.0,9.2,11.76,1011.05,419.0,6.5,3865.0,8,8.65,0.13,19.64,36.22,30.2
2022-05-01,"Yangon, Myanmar",Yangon International Airport (VYYY),30.2,27.08,35.65,26.39,89.7,0.0,0,203.0,8.63,8.91,1006.11,253.0,5.5,6802.0,3,8.57,-4.94,19.64,36.22,26.98
2022-05-02,"Yangon, Myanmar",Yangon International Airport (VYYY),26.98,23.77,31.94,24.6,94.9,84.64,0,252.0,10.52,11.44,1010.4,244.0,5.6,500.0,25,8.17,4.28,104.28,120.86,28.66
2022-05-03,"Yangon, Myanmar",Yangon International Airport (VYYY),28.66,25.65,33.21,25.26,78.8,6.19,0,175.0,6.45,9.54,1010.57,,,6450.0,7,7.56,0.17,90.83,123.2,29.16
2022-05-04,"Yangon, Myanmar",Yangon International Airport (VYYY),29.16,26.04,33.58,26.74,92.5,0.0,0,236.0,10.64,11.68,1007.76,368.0,3.5,5194.0,1,7.54,-2.81,90.83,110.47,29.03
2022-05-05,"Yangon, Myanmar",Yangon International Airport (VYYY),29.03,25.55,33.48,23.99,83.2,0.0,0,261.0,11.05,11.63,1011.2,233.0,5.6,6754.0,3,7.93,3.45,6.19,110.47,28.57
2022-05-06,"Yangon, Myanmar",Yangon International Airport (VYYY),28.57,25.17,33.57,25.62,87.7,0.0,0,287.0,8.32,11.49,1007.65,151.0,6.3,5639.0,4,8.4,-3.55,0.0,110.47,29.83
2022-05-07,"Yangon, Myanmar",Yangon International Airport (VYYY),29.83,26.76,33.95,27.79,84.2,23.75,0,175.0,11.07,12.33,1006.98,221.0,7.1,3278.0,8,7.18,-0.67,23.75,114.58,28.05
2022-05-08,"Yangon, Myanmar",Yangon International Airport (VYYY),28.05,24.79,32.21,23.32,93.1,0.0,0,176.0,8.57,11.46,1008.43,195.0,4.4,7186.0,3,7.42,1.45,23.75,114.58,28.37
2022-05-09,"Yangon, Myanmar",Yangon International Airport (VYYY),28.37,25.36,32.85,23.8,85.2,0.0,0,239.0,8.96,11.45,1010.85,234.0,5.5,6910.0,3,7.49,2.42,23.75,29.94,29.62
2022-05-10,"Yangon, Myanmar",Yangon International Airport (VYYY),29.62,25.82,34.3,26.38,88.5,3.02,0,168.0,5.2,6.3,1006.12,212.0,5.2,7419.0,7,8.48,-4.72,3.02,26.77,28.62
2022-05-11,"Yangon, Myanmar",Yangon International Airport (VYYY),28.62,24.82,33.33,26.46,78.9,0.0,0,285.0,9.9,11.66,1011.97,227.0,5.9,5692.0,3,8.51,5.85,3.02,26.77,28.57
2022-05-12,"Yangon, Myanmar",Yangon International Airport (VYYY),28.57,25.23,33.41,25.77,87.1,0.0,0,273.0,8.99,11.07,1009.33,314.0,4.7,7197.0,3,8.18,-2.64,3.02,26.77,28.89
2022-05-13,"Yangon, Myanmar",Yangon International Airport (VYYY),28.89,24.48,32.43,26.54,89.6,0.0,0,193.0,6.39,8.93,1015.3,181.0,6.8,7202.0,4,7.95,5.97,0.0,26.77,29.69
2022-05-14,"Yangon, Myanmar",Yangon International Airport (VYYY),29.69,26.43,34.16,28.59,82.0,7.46,0,189.0,5.83,11.33,1011.06,363.0,7.5,5683.0,7,7.73,-4.24,7.46,10.48,30.3
2022-05-15,"Yangon, Myanmar",Yangon International Airport (VYYY),30.3,26.1,35.78,26.65,91.8,0.0,0,233.0,7.65,16.15,1010.85,313.0,6.9,7021.0,4,9.68,-0.21,7.46,10.48,30.2
2022-05-16,"Yangon, Myanmar",Yangon International Airport (VYYY),30.2,26.82,34.61,27.22,84.4,3.52,0,130.0,10.53,14.52,1015.23,239.0,6.3,7336.0,7,7.79,4.38,10.98,14.0,27.72
2022-05-17,"Yangon, Myanmar",Yangon International Airport (VYYY),27.72,24.8,31.99,25.61,98.4,6.6,0,282.0,9.16,,1009.78,210.0,7.7,5557.0,7,7.19,-5.44,10.12,17.58,28.19
2022-05-18,"Yangon, Myanmar",Yangon International Airport (VYYY),28.19,24.93,32.97,24.3,76.8,0.0,0,226.0,8.25,9.83,1011.12,217.0,6.8,4362.0,4,8.04,1.34,10.12,17.58,28.18
2022-05-19,"Yangon, Myanmar",Yangon International Airport (VYYY),28.18,24.52,34.4,25.27,90.0,4.93,0,221.0,11.53,16.99,1008.64,262.0,6.5,7190.0,7,9.88,-2.47,11.53,22.51,28.73
2022-05-20,"Yangon, Myanmar",Yangon International Airport (VYYY),28.73,25.09,33.97,26.42,83.8,0.0,0,,11.13,12.86,1008.56,130.0,5.8,5310.0,3,8.88,-0.08,4.93,22.51,28.83
2022-05-21,"Yangon, Myanmar",Yangon International Airport (VYYY),28.83,24.99,33.94,26.81,85.8,5.22,0,185.0,5.49,8.1,1005.5,193.0,6.6,6528.0,7,8.95,-3.06,10.15,20.27,26.41
2022-05-22,"Yangon, Myanmar",Yangon International Airport (VYYY),26.41,22.31,30.5,21.91,92.3,1.75,0,223.0,,9.84,1009.44,198.0,6.7,6838.0,7,8.19,3.94,6.98,22.03,27.34
2022-05-23,"Yangon, Myanmar",Yangon International Airport (VYYY),27.34,23.59,31.99,23.47,75.1,31.47,0,160.0,8.62,16.03,1008.01,139.0,8.0,2502.0,25,8.41,-1.43,38.45,49.97,28.36
2022-05-24,"Yangon, Myanmar",Yangon International Airport (VYYY),28.36,24.96,33.84,26.22,82.0,3.86,0,280.0,13.83,14.79,1008.63,77.0,6.2,3904.0,7,8.88,0.62,37.08,47.23,30.72
2022-05-25,"Yangon, Myanmar",Yangon International Airport (VYYY),30.72,26.92,35.18,29.1,83.9,7.59,0,199.0,7.57,12.65,1008.53,129.0,7.4,5951.0,7,8.27,-0.1,42.92,54.82,27.76
2022-05-26,"Yangon, Myanmar",Yangon International Airport (VYYY),27.76,24.33,32.65,24.57,78.5,8.61,0,225.0,7.65,16.52,1008.93,215.0,6.9,4686.0,7,8.32,0.4,20.06,58.51,30.23
2022-05-27,"Yangon, Myanmar",Yangon International Airport (VYYY),30.23,26.87,34.03,28.13,86.4,5.65,0,247.0,12.42,13.94,1004.91,104.0,7.7,6514.0,7,7.16,-4.02,21.86,64.16,29.85
2022-05-28,"Yangon, Myanmar",Yangon International Airport (VYYY),29.85,26.39,34.11,26.98,84.2,0.0,0,268.0,8.5,9.09,1007.03,155.0,6.7,8352.0,4,7.72,2.12,14.27,58.94,29.59
2022-05-29,"Yangon, Myanmar",Yangon International Airport (VYYY),29.59,26.38,33.24,27.32,81.3,27.8,0,213.0,8.6,8.82,1007.04,,5.5,3225.0,8,6.86,0.02,33.45,84.98,29.85
2022-05-30,"Yangon, Myanmar",Yangon International Airport (VYYY),29.85,25.91,35.47,27.47,88.2,0.0,0,270.0,8.22,12.05,1005.81,169.0,5.9,6774.0,3,9.56,-1.23,27.8,53.51,28.19
2022-05-31,"Yangon, Myanmar",Yangon International Airport (VYYY),28.19,24.41,33.13,24.86,82.1,0.0,0,224.0,11.35,11.95,1009.1,216.0,7.1,6313.0,4,8.72,3.29,27.8,49.66,31.15
2022-06-01,"Yangon, Myanmar",Yangon International Airport (VYYY),31.15,27.9,35.98,29.29,96.5,10.23,0,230.0,7.48,11.96,1005.88,117.0,8.0,3590.0,8,8.07,-3.23,10.23,52.3,31.27
2022-06-02,"Yangon, Myanmar",Yangon International Airport (VYYY),31.27,27.73,35.86,28.5,79.8,0.81,0,291.0,8.33,14.69,1008.81,227.0,8.0,5306.0,7,8.13,2.93,11.04,44.49,30.52
2022-06-03,"Yangon, Myanmar",Yangon International Airport (VYYY),30.52,26.86,35.51,26.22,93.6,36.93,0,219.0,8.59,12.12,1004.76,166.0,6.1,987.0,25,8.65,-4.05,47.97,75.77,30.21
2022-06-04,"Yangon, Myanmar",Yangon International Airport (VYYY),30.21,26.28,34.63,25.59,88.5,40.94,0,227.0,9.95,10.93,1009.33,173.0,8.0,500.0,25,8.35,4.56,78.67,116.71,29.63
2022-06-05,"Yangon, Myanmar",Yangon International Airport (VYYY),29.63,25.31,33.5,27.27,88.1,11.43,0,206.0,7.41,7.89,1010.24,333.0,5.7,4508.0,8,8.19,0.92,89.29,100.33,29.5
2022-06-06,"Yangon, Myanmar",Yangon International Airport (VYYY),29.5,27.09,34.09,26.46,81.9,16.75,0,266.0,14.16,15.84,1004.07,257.0,7.9,4779.0,8,7.0,-6.18,69.11,117.08,28.25
2022-06-07,"Yangon, Myanmar",Yangon International Airport (VYYY),28.25,24.11,33.78,24.39,81.1,29.54,0,226.0,10.95,15.57,1006.07,141.0,7.6,2733.0,8,9.67,2.0,57.72,146.63,29.41
2022-06-08,"Yangon, Myanmar",Yangon International Airport (VYYY),29.41,25.34,35.23,25.45,92.1,4.77,0,249.0,8.26,9.86,1009.53,277.0,5.1,2501.0,7,9.88,3.47,51.07,141.17,29.99
2022-06-09,"Yangon, Myanmar",Yangon International Airport (VYYY),29.99,25.96,35.78,26.68,86.6,44.63,0,226.0,10.78,12.1,1005.74,124.0,6.6,500.0,25,9.82,-3.79,78.94,184.99,29.4
2022-06-10,"Yangon, Myanmar",Yangon International Airport (VYYY),29.4,25.58,34.35,26.54,87.8,0.0,0,10.0,9.11,11.06,1007.82,59.0,7.8,4987.0,4,8.77,2.08,49.4,148.06,29.47
2022-06-11,"Yangon, Myanmar",Yangon International Airport (VYYY),29.47,26.2,33.24,26.19,91.6,0.0,0,319.0,10.13,11.64,1006.81,153.0,,7273.0,4,7.04,-1.01,44.63,107.12,31.48
2022-06-12,"Yangon, Myanmar",Yangon International Airport (VYYY),31.48,27.7,36.77,28.27,79.2,12.14,0,248.0,4.81,7.1,1004.12,379.0,5.8,3024.0,8,9.07,-2.69,12.14,107.83,28.97
2022-06-13,"Yangon, Myanmar",Yangon International Airport (VYYY),28.97,25.79,34.51,25.34,85.4,4.18,0,276.0,9.22,18.74,1007.08,182.0,7.6,7342.0,7,8.72,2.95,16.32,95.27,31.14
2022-06-14,"Yangon, Myanmar",Yangon International Airport (VYYY),31.14,28.59,35.6,28.58,84.9,11.1,0,191.0,10.89,16.16,1010.4,138.0,8.0,6381.0,8,7.0,3.33,27.43,76.83,30.08
2022-06-15,"Yangon, Myanmar",Yangon International Airport (VYYY),30.08,26.5,34.29,23.51,77.6,0.0,0,231.0,7.35,9.43,1007.89,111.0,8.0,6493.0,4,7.8,-2.51,15.29,72.05,30.28
2022-06-16,"Yangon, Myanmar",Yangon International Airport (VYYY),30.28,27.6,36.03,27.95,86.6,4.47,0,323.0,10.14,14.09,1009.63,272.0,7.2,4375.0,7,8.43,1.74,15.57,31.9,30.48
2022-06-17,"Yangon, Myanmar",Yangon International Airport (VYYY),30.48,26.3,34.43,25.66,80.9,0.0,0,250.0,8.28,15.44,1008.7,256.0,8.0,6598.0,4,8.13,-0.93,4.47,31.9,29.72
2022-06-18,"Yangon, Myanmar",Yangon International Airport (VYYY),29.72,25.72,33.04,26.78,92.2,7.77,0,287.0,11.33,12.44,1008.69,210.0,6.8,5058.0,7,7.32,-0.01,12.24,39.66,30.89
2022-06-19,"Yangon, Myanmar",Yangon International Airport (VYYY),30.89,27.24,34.35,27.27,84.7,0.0,0,242.0,11.24,14.6,1010.11,269.0,8.0,4151.0,4,7.11,1.42,7.77,27.52,30.92
2022-06-20,"Yangon, Myanmar",Yangon International Airport (VYYY),30.92,26.6,35.52,27.02,86.7,0.75,0,283.0,9.38,11.1,1009.23,172.0,7.0,5441.0,7,8.92,-0.88,8.51,24.09,30.12
2022-06-21,"Yangon, Myanmar",Yangon International Airport (VYYY),30.12,27.25,34.9,28.51,81.7,0.0,0,281.0,10.64,12.12,1008.07,189.0,4.0,4977.0,3,7.65,-1.16,0.75,12.98,29.02
2022-06-22,"Yangon, Myanmar",Yangon International Airport (VYYY),29.02,25.87,34.09,25.39,90.9,13.54,0,202.0,7.81,12.43,1006.44,92.0,8.0,3514.0,8,8.23,-1.63,14.29,26.53,28.6
2022-06-23,"Yangon, Myanmar",Yangon International Airport (VYYY),28.6,24.55,33.56,25.03,85.2,8.95,0,258.0,11.35,11.51,1002.85,399.0,6.9,3128.0,7,9.0,-3.6,22.49,31.0,30.01
2022-06-24,"Yangon, Myanmar",Yangon International Airport (VYYY),30.01,26.83,35.04,27.16,76.2,3.48,0,262.0,8.0,11.66,1005.43,206.0,6.3,6906.0,7,8.21,2.59,25.97,34.49,31.21
2022-06-25,"Yangon, Myanmar",Yangon International Airport (VYYY),31.21,27.64,36.07,28.39,86.9,3.73,0,239.0,8.64,11.09,1005.11,458.0,6.5,6045.0,7,8.43,-0.32,16.16,30.45,29.36
2022-06-26,"Yangon, Myanmar",Yangon International Airport (VYYY),29.36,24.67,34.3,24.97,82.1,10.23,0,273.0,12.4,14.29,1007.73,177.0,8.0,6547.0,8,9.63,2.62,17.45,40.68,31.7
2022-06-27,"Yangon, Myanmar",Yangon International Airport (VYYY),31.7,27.85,37.4,28.32,85.8,0.0,0,255.0,9.99,12.09,1004.68,245.0,8.0,7704.0,4,9.55,-3.05,13.96,39.94,29.87
2022-06-28,"Yangon, Myanmar",Yangon International Airport (VYYY),29.87,26.06,34.64,28.08,80.7,1.21,0,253.0,8.7,11.02,1002.11,377.0,8.0,6077.0,7,8.59,-2.57,11.44,41.14,28.41
2022-06-29,"Yangon, Myanmar",Yangon International Airport (VYYY),28.41,24.37,33.03,23.9,85.1,0.0,0,248.0,8.72,11.13,1007.4,151.0,7.3,4773.0,4,8.66,5.29,1.21,27.6,30.01
2022-06-30,"Yangon, Myanmar",Yangon International Airport (VYYY),30.01,26.14,34.83,28.65,76.0,8.33,0,,7.34,9.68,1010.33,281.0,7.5,3750.0,7,8.69,2.93,9.54,26.99,31.1
2022-07-01,"Yangon, Myanmar",Yangon International Airport (VYYY),31.1,27.98,34.77,29.27,88.5,0.0,0,283.0,12.12,12.92,1007.24,396.0,6.8,5916.0,4,6.79,-3.09,8.33,23.5,29.42
2022-07-02,"Yangon, Myanmar",Yangon International Airport (VYYY),29.42,25.11,34.0,27.33,83.2,0.2,0,156.0,12.61,14.24,1006.93,251.0,6.6,6943.0,7,8.89,-0.31,8.53,19.96,29.91
2022-07-03,"Yangon, Myanmar",Yangon International Airport (VYYY),29.91,26.55,34.04,27.68,95.4,10.13,0,235.0,10.37,12.2,1005.06,101.0,6.0,5326.0,8,7.49,-1.87,10.32,19.86,30.41
2022-07-04,"Yangon, Myanmar",Yangon International Airport (VYYY),30.41,26.96,34.49,26.9,83.9,19.81,0,183.0,7.71,8.49,1005.62,300.0,7.1,3985.0,8,7.54,0.56,30.13,39.67,31.01
2022-07-05,"Yangon, Myanmar",Yangon International Airport (VYYY),31.01,26.06,36.04,28.91,88.3,11.39,0,243.0,8.0,18.9,1008.89,229.0,7.0,4499.0,8,9.97,3.27,41.33,49.85,30.6
2022-07-06,"Yangon, Myanmar",Yangon International Airport (VYYY),30.6,26.85,34.5,27.63,86.5,13.98,0,216.0,8.97,10.03,1006.37,129.0,8.0,4399.0,8,7.65,-2.52,45.18,63.83,30.0
2022-07-07,"Yangon, Myanmar",Yangon International Airport (VYYY),30.0,26.2,34.17,26.26,95.7,7.0,0,309.0,9.48,11.64,1006.38,248.0,7.7,4870.0,7,7.97,0.01,32.37,62.5,30.05
2022-07-08,"Yangon, Myanmar",Yangon International Airport (VYYY),30.05,27.16,35.24,26.02,92.6,0.0,0,212.0,8.58,9.1,1008.83,116.0,5.1,6875.0,3,8.09,2.45,20.97,62.5,31.17
2022-07-09,"Yangon, Myanmar",Yangon International Airport (VYYY),31.17,27.64,36.47,26.34,89.0,0.0,0,235.0,11.4,11.74,1008.46,268.0,4.8,5496.0,3,8.83,-0.37,7.0,62.3,30.45
2022-07-10,"Yangon, Myanmar",Yangon International Airport (VYYY),30.45,26.72,36.53,27.33,78.2,30.86,0,279.0,7.62,10.14,1005.86,125.0,4.7,2213.0,25,9.81,-2.6,30.86,83.04,33.25
2022-07-11,"Yangon, Myanmar",Yangon International Airport (VYYY),33.25,30.1,38.56,30.47,75.4,10.03,0,184.0,8.96,9.15,1005.09,296.0,5.8,5532.0,8,8.46,-0.77,40.9,73.26,31.12
2022-07-12,"Yangon, Myanmar",Yangon International Airport (VYYY),31.12,27.16,35.8,28.07,86.6,0.0,0,287.0,9.18,15.12,1009.22,202.0,8.0,6241.0,4,8.63,4.12,40.9,61.87,29.54
2022-07-13,"Yangon, Myanmar",Yangon International Airport (VYYY),29.54,26.31,34.73,26.73,82.0,25.83,0,240.0,10.57,17.87,1005.42,276.0,6.0,2651.0,8,8.42,-3.8,35.87,73.72,28.84
2022-07-14,"Yangon, Myanmar",Yangon International Airport (VYYY),28.84,24.45,33.84,26.87,81.6,8.79,0,230.0,6.61,,1007.92,169.0,6.1,4910.0,7,9.39,2.5,34.62,75.52,29.41
2022-07-15,"Yangon, Myanmar",Yangon International Airport (VYYY),29.41,25.59,35.24,27.16,78.5,9.12,0,216.0,11.08,12.68,1005.8,267.0,7.2,5262.0,7,9.65,-2.12,43.74,84.64,29.65
2022-07-16,"Yangon, Myanmar",Yangon International Airport (VYYY),29.65,25.44,35.28,26.76,78.0,3.01,0,253.0,11.98,15.6,1006.89,206.0,6.3,5357.0,7,9.84,1.09,20.92,87.65,29.82
2022-07-17,"Yangon, Myanmar",Yangon International Airport (VYYY),29.82,25.8,34.21,25.99,80.9,26.46,0,206.0,12.24,13.18,1008.4,185.0,4.9,3478.0,8,8.41,1.51,38.59,83.25,28.85
2022-07-18,"Yangon, Myanmar",Yangon International Airport (VYYY),28.85,25.84,34.29,25.66,74.6,27.37,0,211.0,10.56,16.34,1005.76,233.0,8.0,3515.0,8,8.45,-2.64,56.84,100.59,32.62
2022-07-19,"Yangon, Myanmar",Yangon International Airport (VYYY),32.62,28.44,37.64,29.07,87.9,32.66,0,247.0,11.1,11.67,1007.51,352.0,5.7,2578.0,25,9.2,1.75,86.49,133.25,30.51
2022-07-20,"Yangon, Myanmar",Yangon International Airport (VYYY),30.51,25.72,36.18,27.32,76.2,0.0,0,199.0,11.95,13.46,1008.41,236.0,7.0,6880.0,4,10.46,0.9,60.04,107.42,30.28
2022-07-21,"Yangon, Myanmar",Yangon International Airport (VYYY),30.28,26.22,35.06,27.98,88.2,21.26,0,280.0,10.54,14.13,1012.27,209.0,5.2,5216.0,8,8.84,3.87,53.92,119.89,29.49
2022-07-22,"Yangon, Myanmar",Yangon International Airport (VYYY),29.49,26.01,34.32,27.02,82.0,19.11,0,230.0,9.65,13.21,1006.24,252.0,5.6,,8,8.31,-6.03,40.37,129.88,29.99
2022-07-23,"Yangon, Myanmar",Yangon International Airport (VYYY),29.99,26.59,34.71,25.76,81.4,19.99,0,258.0,8.62,11.82,1008.47,423.0,5.9,5650.0,8,8.12,2.23,60.37,146.86,30.42
2022-07-24,"Yangon, Myanmar",Yangon International Airport (VYYY),30.42,26.22,34.51,26.23,86.8,2.34,0,269.0,8.84,12.62,1007.3,358.0,5.9,5735.0,7,8.29,-1.17,41.45,122.75,29.26
2022-07-25,"Yangon, Myanmar",Yangon International Airport (VYYY),29.26,25.15,33.74,24.78,77.1,31.3,0,209.0,6.91,11.16,1009.42,292.0,6.1,2310.0,25,8.59,2.12,53.64,126.68,31.11
2022-07-26,"Yangon, Myanmar",Yangon International Airport (VYYY),31.11,26.91,36.72,27.41,70.4,12.62,0,,5.74,10.95,1009.73,248.0,6.6,4089.0,8,9.81,0.31,46.26,106.63,31.55
2022-07-27,"Yangon, Myanmar",Yangon International Airport (VYYY),31.55,28.35,35.52,29.28,74.1,0.0,0,250.0,9.93,12.29,1004.31,218.0,4.3,7477.0,3,7.17,-5.42,43.92,106.63,30.55
2022-07-28,"Yangon, Myanmar",Yangon International Airport (VYYY),30.55,26.83,42.98,28.09,83.0,0.0,0,185.0,6.25,16.8,1004.22,303.0,8.0,6376.0,4,9.16,-0.09,12.62,85.37,30.07
2022-07-29,"Yangon, Myanmar",Yangon International Airport (VYYY),30.07,27.83,34.67,27.48,73.8,8.93,0,250.0,6.79,7.17,1006.93,228.0,5.8,4574.0,7,6.85,2.71,8.93,75.19,29.48
2022-07-30,"Yangon, Myanmar",Yangon International Airport (VYYY),29.48,25.85,33.25,25.68,81.7,0.0,0,209.0,9.81,10.86,1012.54,323.0,4.3,8193.0,3,7.4,5.61,8.93,55.19,30.8
2022-07-31,"Yangon, Myanmar",Yangon International Airport (VYYY),30.8,27.68,36.05,26.16,77.0,9.5,0,293.0,9.8,11.9,1007.05,76.0,5.8,6133.0,7,8.37,-5.49,18.42,62.35,30.81
2022-08-01,"Yangon, Myanmar",Yangon International Airport (VYYY),30.81,26.25,35.31,29.06,85.3,0.0,0,256.0,8.48,11.03,1006.36,214.0,5.9,6493.0,3,9.05,-0.69,9.5,31.04,31.54
2022-08-02,"Yangon, Myanmar",Yangon International Airport (VYYY),31.54,29.03,36.05,29.68,83.5,6.77,0,244.0,11.69,16.69,1005.7,269.0,5.2,6869.0,7,7.02,-0.66,16.26,25.19,29.42
2022-08-03,"Yangon, Myanmar",Yangon International Airport (VYYY),29.42,25.66,33.47,25.74,83.1,0.0,0,232.0,8.09,9.01,1005.28,317.0,4.1,7350.0,3,7.81,-0.42,6.77,25.19,30.39
2022-08-04,"Yangon, Myanmar",Yangon International Airport (VYYY),30.39,27.09,33.99,28.23,87.1,37.13,0,286.0,7.86,9.48,1006.41,223.0,4.7,3586.0,25,6.9,1.13,43.9,62.32,29.23
2022-08-05,"Yangon, Myanmar",Yangon International Airport (VYYY),29.23,25.59,33.03,27.08,76.2,0.0,0,200.0,7.17,9.63,1012.43,179.0,5.5,7639.0,3,7.44,6.02,37.13,53.39,30.94
2022-08-06,"Yangon, Myanmar",Yangon International Airport (VYYY),30.94,27.66,35.15,27.43,75.3,66.55,0,247.0,10.61,18.87,1007.36,302.0,6.4,500.0,25,7.49,-5.06,103.68,119.95,29.66
2022-08-07,"Yangon, Myanmar",Yangon International Airport (VYYY),29.66,26.97,34.37,26.69,79.9,8.06,0,157.0,9.98,10.32,1006.94,313.0,4.7,8365.0,7,7.4,-0.42,74.62,118.51,28.89
2022-08-08,"Yangon, Myanmar",Yangon International Airport (VYYY),28.89,25.31,34.78,26.5,76.5,10.02,0,273.0,9.65,13.83,1003.14,224.0,6.4,5916.0,8,9.47,-3.8,84.64,128.53,29.46
2022-08-09,"Yangon, Myanmar",Yangon International Airport (VYYY),29.46,26.76,34.26,25.15,67.9,0.0,0,138.0,6.84,7.13,1007.36,315.0,5.5,7936.0,3,7.51,4.22,18.08,121.77,29.4
2022-08-10,"Yangon, Myanmar",Yangon International Airport (VYYY),29.4,26.2,34.9,24.57,74.1,4.72,0,221.0,9.05,10.69,1006.76,210.0,4.4,9587.0,7,8.7,-0.6,14.74,126.49,29.84
2022-08-11,"Yangon, Myanmar",Yangon International Airport (VYYY),29.84,25.82,35.06,26.63,79.0,8.64,0,258.0,9.48,12.39,1004.52,323.0,4.6,6826.0,7,9.24,-2.24,13.37,98.0,30.5
2022-08-12,"Yangon, Myanmar",Yangon International Airport (VYYY),30.5,27.49,35.3,28.46,78.1,24.97,0,191.0,9.74,10.62,1007.0,341.0,4.9,5337.0,8,7.81,2.48,38.33,122.97,29.42
2022-08-13,"Yangon, Myanmar",Yangon International Airport (VYYY),29.42,26.18,35.08,24.51,79.5,16.38,0,324.0,7.29,10.81,1005.67,352.0,3.5,7632.0,8,8.9,-1.33,49.99,72.8,29.02
2022-08-14,"Yangon, Myanmar",Yangon International Airport (VYYY),29.02,24.48,33.55,26.0,81.3,7.7,0,196.0,10.03,12.81,1009.13,337.0,4.9,4815.0,7,9.07,3.46,49.04,72.43,29.66
2022-08-15,"Yangon, Myanmar",Yangon International Airport (VYYY),29.66,25.41,33.25,26.14,74.4,2.45,0,217.0,8.34,10.68,1008.62,435.0,4.7,8757.0,7,7.84,-0.5,26.53,64.86,28.72
2022-08-16,"Yangon, Myanmar",Yangon International Airport (VYYY),28.72,24.73,34.22,26.94,77.1,0.0,0,284.0,6.94,10.56,1006.99,210.0,4.8,8459.0,3,9.49,-1.63,10.15,64.86,30.08
2022-08-17,"Yangon, Myanmar",Yangon International Airport (VYYY),30.08,25.63,35.11,26.76,79.1,0.0,0,253.0,7.5,10.05,1006.64,,6.1,8008.0,4,9.49,-0.35,2.45,60.14,30.85
2022-08-18,"Yangon, Myanmar",Yangon International Airport (VYYY),30.85,27.65,35.79,26.1,79.7,0.0,0,203.0,8.78,8.98,1009.8,385.0,3.4,7053.0,1,8.14,3.16,0.0,51.49,28.76
2022-08-19,"Yangon, Myanmar",Yangon International Airport (VYYY),28.76,24.93,33.85,27.76,76.2,0.0,0,246.0,4.72,6.41,1011.83,496.0,2.4,10330.0,1,8.92,2.03,0.0,26.53,30.59
2022-08-20,"Yangon, Myanmar",Yangon International Airport (VYYY),30.59,26.29,35.73,27.32,,0.0,0,227.0,6.66,8.9,1009.19,309.0,2.6,7819.0,1,9.44,-2.64,0.0,10.15,28.2
2022-08-21,"Yangon, Myanmar",Yangon International Airport (VYYY),28.2,23.97,33.89,25.04,78.2,0.0,0,217.0,6.26,18.54,1011.18,338.0,3.8,8877.0,1,9.92,1.99,0.0,2.45,28.46
2022-08-22,"Yangon, Myanmar",Yangon International Airport (VYYY),28.46,24.56,32.63,25.55,76.3,0.0,0,169.0,6.92,8.75,1006.96,376.0,3.9,7592.0,1,8.07,-4.22,0.0,0.0,30.76
2022-08-23,"Yangon, Myanmar",Yangon International Airport (VYYY),30.76,27.23,35.82,29.78,65.5,0.0,0,240.0,8.79,9.83,1004.98,411.0,2.1,8505.0,1,8.59,-1.99,0.0,0.0,29.64
2022-08-24,"Yangon, Myanmar",Yangon International Airport (VYYY),29.64,26.28,33.3,27.03,80.7,7.25,0,211.0,8.35,10.9,,554.0,3.9,7388.0,7,7.02,4.24,7.25,7.25,30.06
2022-08-25,"Yangon, Myanmar",Yangon International Airport (VYYY),30.06,26.3,35.1,27.96,75.1,0.0,0,230.0,9.39,10.68,1009.58,420.0,3.4,8079.0,1,8.81,0.36,7.25,7.25,29.06
2022-08-26,"Yangon, Myanmar",Yangon International Airport (VYYY),29.06,24.36,34.49,25.81,77.6,0.0,0,191.0,5.27,11.92,1005.31,380.0,2.3,7703.0,1,10.13,-4.27,7.25,7.25,29.42
2022-08-27,"Yangon, Myanmar",Yangon International Airport (VYYY),29.42,25.38,34.56,26.51,69.3,0.0,0,277.0,7.29,16.77,1011.47,468.0,4.7,9265.0,3,9.18,6.16,0.0,7.25,29.13
2022-08-28,"Yangon, Myanmar",Yangon International Airport (VYYY),29.13,25.98,33.55,25.39,60.8,0.0,0,249.0,6.62,9.84,1008.13,478.0,3.9,8428.0,1,7.57,-3.34,0.0,7.25,28.16
2022-08-29,"Yangon, Myanmar",Yangon International Airport (VYYY),28.16,24.53,31.73,25.55,72.3,0.0,0,167.0,8.45,15.49,1010.7,412.0,3.9,10477.0,1,7.21,2.57,0.0,7.25,29.32
2022-08-30,"Yangon, Myanmar",Yangon International Airport (VYYY),29.32,25.95,33.46,26.74,73.8,0.0,0,226.0,11.88,15.16,1008.05,453.0,3.6,8913.0,1,7.51,-2.65,0.0,7.25,29.78
2022-08-31,"Yangon, Myanmar",Yangon International Airport (VYYY),29.78,25.15,35.81,27.71,81.4,0.0,0,244.0,6.57,6.69,1009.41,393.0,3.5,8229.0,1,10.66,1.36,0.0,0.0,29.41
2022-09-01,"Yangon, Myanmar",Yangon International Airport (VYYY),29.41,25.03,34.62,26.86,80.5,0.0,0,247.0,4.32,8.6,1003.63,344.0,3.8,9284.0,1,9.59,-5.78,0.0,0.0,30.09
2022-09-02,"Yangon, Myanmar",Yangon International Airport (VYYY),30.09,26.53,35.7,26.74,67.5,0.0,0,207.0,10.04,20.09,1005.13,367.0,1.5,9449.0,1,9.17,1.49,0.0,0.0,28.23
2022-09-03,"Yangon, Myanmar",Yangon International Airport (VYYY),28.23,25.43,31.7,25.72,76.5,0.0,0,170.0,7.98,17.58,1011.67,410.0,1.5,9747.0,1,6.27,6.55,0.0,0.0,30.53
2022-09-04,"Yangon, Myanmar",Yangon International Airport (VYYY),30.53,26.06,35.6,28.55,77.6,22.64,0,282.0,11.51,13.44,1005.71,386.0,3.1,6774.0,8,9.54,-5.97,22.64,22.64,28.29
2022-09-05,"Yangon, Myanmar",Yangon International Airport (VYYY),28.29,25.17,33.84,26.85,66.8,0.0,0,180.0,7.24,12.18,1009.92,479.0,1.5,10979.0,1,8.67,4.21,22.64,22.64,27.87
2022-09-06,"Yangon, Myanmar",Yangon International Airport (VYYY),27.87,24.72,33.23,25.96,71.4,0.0,0,172.0,3.86,12.21,1009.38,462.0,3.7,9459.0,1,8.51,-0.55,22.64,22.64,30.61
2022-09-07,"Yangon, Myanmar",Yangon International Airport (VYYY),30.61,26.25,35.47,28.23,67.9,0.0,0,261.0,5.26,7.25,1008.53,511.0,2.6,10004.0,1,9.22,-0.85,0.0,22.64,28.53
2022-09-08,"Yangon, Myanmar",Yangon International Airport (VYYY),28.53,24.66,32.89,27.39,63.0,0.0,0,266.0,6.66,8.46,1007.47,580.0,3.0,8514.0,1,8.23,-1.06,0.0,22.64,28.61
2022-09-09,"Yangon, Myanmar",Yangon International Airport (VYYY),28.61,23.97,33.95,24.98,69.7,18.14,0,231.0,9.79,11.76,1009.67,578.0,2.9,7992.0,8,9.98,2.2,18.14,40.77,31.7
2022-09-10,"Yangon, Myanmar",Yangon International Airport (VYYY),31.7,27.78,37.16,30.81,69.2,0.0,0,166.0,6.78,9.77,1013.09,566.0,2.1,8869.0,1,9.38,3.42,18.14,40.77,30.61
2022-09-11,"Yangon, Myanmar",Yangon International Airport (VYYY),30.61,26.54,34.45,27.54,66.3,0.0,0,179.0,4.85,8.45,1011.02,474.0,2.0,9414.0,1,7.91,-2.08,18.14,18.14,28.83
2022-09-12,"Yangon, Myanmar",Yangon International Airport (VYYY),28.83,25.6,32.93,26.13,70.8,0.0,0,169.0,9.28,14.91,1013.19,436.0,1.2,9861.0,1,7.33,2.18,0.0,18.14,28.91
2022-09-13,"Yangon, Myanmar",Yangon International Airport (VYYY),28.91,25.4,33.73,25.44,69.0,0.0,0,172.0,7.66,9.62,1010.8,,2.6,8822.0,1,8.32,-2.4,0.0,18.14,26.97
2022-09-14,"Yangon, Myanmar",Yangon International Airport (VYYY),26.97,23.99,31.26,26.23,63.5,0.0,0,128.0,9.12,10.46,1005.97,402.0,1.5,9824.0,1,7.27,-4.82,0.0,18.14,29.81
2022-09-15,"Yangon, Myanmar",Yangon International Airport (VYYY),29.81,26.45,34.35,28.05,68.6,0.0,0,231.0,5.88,8.69,1007.95,418.0,2.2,10005.0,1,7.9,1.98,0.0,18.14,27.29
2022-09-16,"Yangon, Myanmar",Yangon International Airport (VYYY),27.29,22.92,32.48,23.87,68.1,0.0,0,225.0,8.78,11.32,1011.24,423.0,2.0,11529.0,1,9.56,3.29,0.0,0.0,28.97
2022-09-17,"Yangon, Myanmar",Yangon International Airport (VYYY),28.97,25.03,34.6,25.52,70.0,0.0,0,177.0,7.96,8.27,1006.35,513.0,1.1,9191.0,1,9.57,-4.89,0.0,0.0,29.6
2022-09-18,"Yangon, Myanmar",Yangon International Airport (VYYY),29.6,25.73,34.14,25.3,75.0,0.0,0,180.0,7.61,8.0,1012.6,588.0,1.9,10053.0,1,8.41,6.25,0.0,0.0,30.58
2022-09-19,"Yangon, Myanmar",Yangon International Airport (VYYY),30.58,27.64,34.77,27.56,66.7,0.0,0,210.0,3.93,8.27,1008.23,537.0,2.8,10010.0,1,7.13,-4.37,0.0,0.0,30.08
2022-09-20,"Yangon, Myanmar",Yangon International Airport (VYYY),30.08,26.16,34.23,27.74,74.9,0.0,0,233.0,9.34,13.98,1008.81,395.0,0.0,9451.0,1,8.07,0.59,0.0,0.0,28.7
2022-09-21,"Yangon, Myanmar",Yangon International Airport (VYYY),28.7,24.04,34.6,25.98,76.6,0.0,0,185.0,7.79,9.43,1010.88,516.0,1.6,8415.0,1,10.56,2.07,0.0,0.0,28.11
2022-09-22,"Yangon, Myanmar",Yangon International Airport (VYYY),28.11,23.89,32.77,25.69,68.4,0.0,0,188.0,10.08,12.48,1010.83,337.0,3.0,9785.0,1,8.88,-0.05,0.0,0.0,27.38
2022-09-23,"Yangon, Myanmar",Yangon International Airport (VYYY),27.38,23.9,31.47,25.79,75.1,0.0,0,247.0,7.87,9.07,1009.93,544.0,0.0,9542.0,1,7.57,-0.9,0.0,0.0,27.59
2022-09-24,"Yangon, Myanmar",Yangon International Airport (VYYY),27.59,24.77,31.86,24.1,66.2,0.0,0,189.0,4.67,6.82,1005.91,425.0,1.6,9317.0,1,7.08,-4.02,0.0,0.0,28.38
2022-09-25,"Yangon, Myanmar",Yangon International Airport (VYYY),28.38,24.4,33.33,24.28,73.3,11.84,0,292.0,7.34,9.16,1011.0,464.0,3.2,9357.0,8,8.93,5.09,11.84,11.84,28.69
2022-09-26,"Yangon, Myanmar",Yangon International Airport (VYYY),28.69,25.25,32.65,26.22,66.8,0.0,0,252.0,7.06,7.85,1007.33,395.0,0.8,9962.0,1,7.4,-3.67,11.84,11.84,28.07
2022-09-27,"Yangon, Myanmar",Yangon International Airport (VYYY),28.07,24.86,32.53,26.59,77.8,0.0,0,266.0,6.21,8.34,1010.52,367.0,2.4,10446.0,1,7.67,3.2,11.84,11.84,28.36
2022-09-28,"Yangon, Myanmar",Yangon International Airport (VYYY),28.36,23.97,32.7,26.97,69.4,0.0,0,229.0,10.1,10.14,1010.31,442.0,3.0,9634.0,1,8.72,-0.21,0.0,11.84,28.21
2022-09-29,"Yangon, Myanmar",Yangon International Airport (VYYY),28.21,24.43,33.19,24.74,72.2,0.0,0,181.0,10.23,13.63,1009.56,477.0,2.9,7619.0,1,8.76,-0.75,0.0,11.84,29.18
2022-09-30,"Yangon, Myanmar",Yangon International Airport (VYYY),29.18,24.85,33.96,26.59,61.3,0.0,0,240.0,7.65,14.45,1011.08,579.0,1.2,9250.0,1,9.11,1.52,0.0,11.84,26.85
2022-10-01,"Yangon, Myanmar",Yangon International Airport (VYYY),26.85,22.75,31.72,24.42,67.6,0.0,0,106.0,8.45,13.6,1006.56,461.0,2.4,9344.0,1,8.97,-4.52,0.0,11.84,27.72
2022-10-02,"Yangon, Myanmar",Yangon International Airport (VYYY),27.72,23.85,33.08,25.52,64.7,0.0,0,228.0,5.75,6.9,1011.32,528.0,2.6,11345.0,1,9.23,4.76,0.0,0.0,29.09
2022-10-03,"Yangon, Myanmar",Yangon International Airport (VYYY),29.09,26.08,34.65,25.99,74.8,0.0,0,264.0,10.23,12.78,1012.54,468.0,2.5,10781.0,1,8.58,1.21,0.0,0.0,26.79
2022-10-04,"Yangon, Myanmar",Yangon International Airport (VYYY),26.79,23.35,31.44,24.07,72.3,0.0,0,187.0,9.19,10.96,1007.67,500.0,0.0,9968.0,1,8.09,-4.87,0.0,0.0,26.62
2022-10-05,"Yangon, Myanmar",Yangon International Airport (VYYY),26.62,22.99,31.21,23.82,76.1,0.0,0,150.0,9.1,9.85,1009.44,428.0,0.5,8507.0,1,8.22,1.77,0.0,0.0,28.5
2022-10-06,"Yangon, Myanmar",Yangon International Airport (VYYY),28.5,24.27,34.1,24.95,82.5,0.0,0,153.0,7.32,11.19,1007.25,558.0,3.1,9611.0,1,9.82,-2.19,0.0,0.0,27.07
2022-10-07,"Yangon, Myanmar",Yangon International Airport (VYYY),27.07,23.84,31.17,26.56,71.4,0.0,0,205.0,9.65,13.0,1008.31,584.0,2.4,9932.0,1,7.33,1.06,0.0,0.0,25.83
2022-10-08,"Yangon, Myanmar",Yangon International Airport (VYYY),25.83,22.41,30.62,23.99,75.5,0.0,0,166.0,6.71,10.79,1010.13,449.0,3.2,11242.0,1,8.21,1.82,0.0,0.0,28.74
2022-10-09,"Yangon, Myanmar",Yangon International Airport (VYYY),28.74,25.15,33.86,25.73,71.1,0.0,0,184.0,3.14,6.48,1010.93,551.0,2.0,9989.0,1,8.7,0.8,0.0,0.0,27.01
2022-10-10,"Yangon, Myanmar",Yangon International Airport (VYYY),27.01,23.8,31.6,24.03,68.8,0.0,0,224.0,9.44,12.98,1010.04,504.0,2.5,9735.0,1,7.8,-0.89,0.0,0.0,26.04
2022-10-11,"Yangon, Myanmar",Yangon International Airport (VYYY),26.04,21.29,30.81,23.87,75.8,0.0,0,237.0,6.22,7.22,1010.91,377.0,3.2,9251.0,1,9.53,0.87,0.0,0.0,25.51
2022-10-12,"Yangon, Myanmar",Yangon International Airport (VYYY),25.51,22.25,31.45,23.31,80.0,0.0,0,205.0,8.16,10.16,1011.35,480.0,1.8,10312.0,1,9.2,0.43,0.0,0.0,24.25
2022-10-13,"Yangon, Myanmar",Yangon International Airport (VYYY),24.25,20.93,29.17,21.24,73.7,0.0,0,178.0,9.61,20.02,1010.14,507.0,3.5,10733.0,1,8.24,-1.21,0.0,0.0,27.24
2022-10-14,"Yangon, Myanmar",Yangon International Airport (VYYY),27.24,24.28,32.23,24.62,72.4,0.0,0,89.0,7.57,8.41,1010.23,466.0,1.9,10779.0,1,7.94,0.1,0.0,0.0,26.21
2022-10-15,"Yangon, Myanmar",Yangon International Airport (VYYY),26.21,21.89,30.28,23.15,69.9,0.0,0,146.0,3.81,4.49,1011.36,312.0,3.5,10226.0,1,8.39,1.13,0.0,0.0,26.65
2022-10-16,"Yangon, Myanmar",Yangon International Airport (VYYY),26.65,22.52,30.98,21.75,72.1,0.0,0,194.0,5.61,6.97,1012.41,433.0,2.3,8896.0,1,8.46,1.05,0.0,0.0,28.72
2022-10-17,"Yangon, Myanmar",Yangon International Airport (VYYY),28.72,24.89,33.39,24.58,67.0,0.0,0,299.0,8.0,13.12,1008.72,398.0,1.1,8855.0,1,8.51,-3.69,0.0,0.0,26.3
2022-10-18,"Yangon, Myanmar",Yangon International Airport (VYYY),26.3,22.76,31.87,24.79,76.3,0.0,0,162.0,7.33,10.15,1008.83,479.0,0.1,9267.0,1,9.11,0.11,0.0,0.0,26.8
2022-10-19,"Yangon, Myanmar",Yangon International Airport (VYYY),26.8,23.05,31.69,24.48,73.1,0.0,0,227.0,7.37,7.44,1011.61,444.0,3.4,9903.0,1,8.64,2.78,0.0,0.0,27.45
2022-10-20,"Yangon, Myanmar",Yangon International Airport (VYYY),27.45,23.76,32.56,24.35,73.9,0.0,0,218.0,6.43,8.14,1005.39,546.0,2.6,10388.0,1,8.81,-6.22,0.0,0.0,27.01
2022-10-21,"Yangon, Myanmar",Yangon International Airport (VYYY),27.01,23.98,31.74,23.53,66.4,0.0,0,198.0,10.86,14.56,1009.71,587.0,2.4,10540.0,1,7.76,4.33,0.0,0.0,26.62
2022-10-22,"Yangon, Myanmar",Yangon International Airport (VYYY),26.62,23.51,30.48,,75.9,0.0,0,218.0,6.29,8.89,1009.4,389.0,0.7,8887.0,1,6.97,-0.31,0.0,0.0,29.02
2022-10-23,"Yangon, Myanmar",Yangon International Airport (VYYY),29.02,24.83,34.28,27.38,81.7,0.0,0,180.0,7.71,18.6,1008.56,470.0,2.0,9966.0,1,9.44,-0.84,0.0,0.0,25.53
2022-10-24,"Yangon, Myanmar",Yangon International Airport (VYYY),25.53,21.78,29.79,21.86,75.7,0.0,0,149.0,8.13,9.15,1007.16,440.0,3.8,9823.0,1,8.0,-1.4,0.0,0.0,27.64
2022-10-25,"Yangon, Myanmar",Yangon International Airport (VYYY),27.64,23.72,31.7,24.52,74.0,8.33,0,168.0,8.39,,1010.92,547.0,0.9,7704.0,7,7.98,3.76,8.33,8.33,25.86
2022-10-26,"Yangon, Myanmar",Yangon International Airport (VYYY),25.86,22.32,30.67,22.94,76.3,0.0,0,167.0,11.19,17.02,1012.53,495.0,4.3,9904.0,3,8.36,1.62,8.33,8.33,28.04
2022-10-27,"Yangon, Myanmar",Yangon International Airport (VYYY),28.04,25.08,33.07,25.78,73.6,0.0,0,,6.06,7.67,,329.0,1.2,8516.0,1,7.99,-5.15,8.33,8.33,26.1
2022-10-28,"Yangon, Myanmar",Yangon International Airport (VYYY),26.1,21.87,30.76,23.43,72.4,0.0,0,162.0,8.39,12.16,1009.06,458.0,3.3,10492.0,1,8.9,1.68,0.0,8.33,26.17
2022-10-29,"Yangon, Myanmar",Yangon International Airport (VYYY),26.17,22.94,31.26,22.87,70.9,0.0,0,251.0,9.03,10.0,1014.79,458.0,3.0,11926.0,1,8.32,5.73,0.0,8.33,25.92
2022-10-30,"Yangon, Myanmar",Yangon International Airport (VYYY),25.92,21.95,31.76,19.89,75.1,0.0,0,,8.13,10.14,1014.57,500.0,1.9,9899.0,1,9.81,-0.22,0.0,8.33,24.41
2022-10-31,"Yangon, Myanmar",Yangon International Airport (VYYY),24.41,20.14,29.3,22.17,76.9,0.0,0,171.0,6.05,7.43,1013.53,529.0,1.2,8250.0,1,9.17,-1.04,0.0,8.33,27.23
2022-11-01,"Yangon, Myanmar",Yangon International Airport (VYYY),27.23,23.99,32.24,,77.6,0.0,0,,3.61,6.27,1013.95,409.0,1.6,10178.0,1,8.25,0.42,0.0,0.0,27.77
2022-11-02,"Yangon, Myanmar",Yangon International Airport (VYYY),27.77,23.45,32.55,23.74,76.1,0.0,0,156.0,6.2,8.69,1011.08,364.0,1.9,11508.0,1,9.09,-2.87,0.0,0.0,27.8
2022-11-03,"Yangon, Myanmar",Yangon International Airport (VYYY),27.8,24.0,32.84,,81.4,0.0,0,193.0,10.83,11.32,1007.66,429.0,3.6,9841.0,1,8.84,-3.42,0.0,0.0,26.04
2022-11-04,"Yangon, Myanmar",Yangon International Airport (VYYY),26.04,22.6,30.76,23.89,74.1,0.0,0,180.0,4.93,6.65,1010.51,361.0,1.8,10567.0,1,8.16,2.85,0.0,0.0,25.05
2022-11-05,"Yangon, Myanmar",Yangon International Airport (VYYY),25.05,21.31,30.85,21.42,72.7,0.0,0,163.0,8.45,13.71,1014.0,569.0,1.5,10472.0,1,9.54,3.49,0.0,0.0,26.52
2022-11-06,"Yangon, Myanmar",Yangon International Airport (VYYY),26.52,23.84,31.89,23.06,71.7,0.0,0,293.0,9.39,12.42,1010.84,482.0,1.4,10269.0,1,8.04,-3.16,0.0,0.0,25.25
2022-11-07,"Yangon, Myanmar",Yangon International Airport (VYYY),25.25,21.06,30.4,22.63,72.8,0.0,0,183.0,10.2,10.86,1011.99,487.0,1.5,9206.0,1,9.34,1.15,0.0,0.0,25.13
2022-11-08,"Yangon, Myanmar",Yangon International Airport (VYYY),25.13,22.26,32.14,21.74,73.2,0.0,0,234.0,8.68,8.82,1007.94,563.0,2.6,11519.0,1,9.88,-4.05,0.0,0.0,25.65
2022-11-09,"Yangon, Myanmar",Yangon International Airport (VYYY),25.65,20.62,30.37,21.88,81.0,0.0,0,191.0,6.15,8.71,1010.36,575.0,0.3,11074.0,1,9.75,2.42,0.0,0.0,24.89
2022-11-10,"Yangon, Myanmar",Yangon International Airport (VYYY),24.89,22.01,30.25,22.31,77.0,0.0,0,258.0,7.53,9.94,1012.0,530.0,0.9,10222.0,1,8.23,1.64,0.0,0.0,25.08
2022-11-11,"Yangon, Myanmar",Yangon International Airport (VYYY),25.08,21.92,28.68,21.72,81.1,0.0,0,193.0,6.56,16.96,1013.38,443.0,1.7,10821.0,1,6.77,1.38,0.0,0.0,26.51
2022-11-12,"Yangon, Myanmar",Yangon International Airport (VYYY),26.51,22.99,31.17,24.01,67.3,0.0,0,167.0,9.51,12.7,1004.99,515.0,2.1,10231.0,1,8.18,-8.38,0.0,0.0,25.23
2022-11-13,"Yangon, Myanmar",Yangon International Airport (VYYY),25.23,20.74,28.82,22.54,79.6,0.0,0,207.0,8.2,12.65,1013.07,421.0,3.5,10811.0,1,8.08,8.07,0.0,0.0,24.81
2022-11-14,"Yangon, Myanmar",Yangon International Airport (VYYY),24.81,20.32,30.45,21.27,77.4,0.0,0,238.0,5.22,8.39,1009.42,413.0,0.3,9686.0,1,10.12,-3.65,0.0,0.0,26.17
2022-11-15,"Yangon, Myanmar",Yangon International Airport (VYYY),26.17,21.51,29.85,23.76,67.6,0.0,0,232.0,6.01,8.69,1012.74,519.0,1.0,8656.0,1,8.34,3.32,0.0,0.0,25.79
2022-11-16,"Yangon, Myanmar",Yangon International Airport (VYYY),25.79,21.73,30.19,23.22,75.9,0.0,0,270.0,12.42,17.08,1011.63,353.0,3.2,9280.0,1,8.46,-1.11,0.0,0.0,24.31
2022-11-17,"Yangon, Myanmar",Yangon International Airport (VYYY),24.31,20.5,28.9,21.36,74.4,0.0,0,176.0,2.61,11.3,1011.25,588.0,2.9,10411.0,1,8.4,-0.38,0.0,0.0,26.9
2022-11-18,"Yangon, Myanmar",Yangon International Airport (VYYY),26.9,22.98,32.22,23.38,78.0,0.0,0,162.0,5.56,9.81,1011.74,497.0,3.3,10176.0,1,9.23,0.5,0.0,0.0,26.19
2022-11-19,"Yangon, Myanmar",Yangon International Airport (VYYY),26.19,21.99,30.93,23.45,72.3,0.0,0,212.0,10.37,12.74,1011.62,349.0,1.6,9099.0,1,8.94,-0.12,0.0,0.0,26.06
2022-11-20,"Yangon, Myanmar",Yangon International Airport (VYYY),26.06,21.45,32.1,24.58,76.2,0.0,0,284.0,9.55,12.68,1008.68,460.0,4.6,9417.0,3,10.65,-2.94,0.0,0.0,24.86
2022-11-21,"Yangon, Myanmar",Yangon International Airport (VYYY),24.86,20.33,29.01,22.71,83.3,0.0,0,219.0,8.52,11.48,1010.17,361.0,1.2,8854.0,1,8.68,1.49,0.0,0.0,26.87
2022-11-22,"Yangon, Myanmar",Yangon International Airport (VYYY),26.87,22.95,30.81,24.07,75.1,0.0,0,222.0,4.19,4.5,1009.92,306.0,2.1,11000.0,1,7.86,-0.24,0.0,0.0,25.55
2022-11-23,"Yangon, Myanmar",Yangon International Airport (VYYY),25.55,21.07,30.51,23.07,76.8,0.0,0,184.0,8.12,13.64,1007.1,528.0,2.5,11174.0,1,9.44,-2.82,0.0,0.0,23.6
2022-11-24,"Yangon, Myanmar",Yangon International Airport (VYYY),23.6,18.37,27.39,22.5,75.6,0.0,0,245.0,9.03,10.86,1014.75,382.0,2.3,,1,9.01,7.65,0.0,0.0,25.92
2022-11-25,"Yangon, Myanmar",Yangon International Airport (VYYY),25.92,23.23,31.55,20.79,72.2,8.3,0,198.0,7.66,9.69,1009.89,443.0,2.0,8750.0,7,8.32,-4.86,8.3,8.3,25.07
2022-11-26,"Yangon, Myanmar",Yangon International Airport (VYYY),25.07,22.14,29.4,22.95,74.8,0.0,0,248.0,4.67,14.47,1015.37,524.0,2.5,10426.0,1,7.26,5.48,8.3,8.3,25.02
2022-11-27,"Yangon, Myanmar",Yangon International Airport (VYYY),25.02,21.17,29.84,21.3,77.9,0.0,0,195.0,5.58,14.94,1011.59,301.0,2.6,8954.0,1,8.66,-3.78,8.3,8.3,27.3
2022-11-28,"Yangon, Myanmar",Yangon International Airport (VYYY),27.3,23.5,32.51,24.58,79.9,0.0,0,208.0,7.74,7.86,1013.46,409.0,0.3,9938.0,1,9.02,1.87,0.0,8.3,25.47
2022-11-29,"Yangon, Myanmar",Yangon International Airport (VYYY),25.47,22.15,30.36,23.12,80.8,0.0,0,286.0,9.51,11.29,1014.49,518.0,3.5,10141.0,1,8.21,1.03,0.0,8.3,24.13
2022-11-30,"Yangon, Myanmar",Yangon International Airport (VYYY),24.13,20.26,29.76,20.65,77.3,0.0,0,152.0,5.03,6.88,1013.49,502.0,1.7,9910.0,1,9.5,-1.0,0.0,8.3,25.82
2022-12-01,"Yangon, Myanmar",Yangon International Airport (VYYY),25.82,22.41,31.45,22.9,80.3,0.0,0,274.0,6.81,8.17,1014.47,478.0,2.0,11179.0,1,9.03,0.97,0.0,8.3,25.32
2022-12-02,"Yangon, Myanmar",Yangon International Airport (VYYY),25.32,20.77,30.05,21.93,75.2,0.0,0,153.0,7.04,8.99,1012.59,393.0,0.6,8028.0,1,9.27,-1.88,0.0,0.0,24.52
2022-12-03,"Yangon, Myanmar",Yangon International Airport (VYYY),24.52,20.61,29.74,21.01,81.0,0.0,0,183.0,5.45,7.52,1016.11,500.0,0.6,9545.0,1,9.14,3.52,0.0,0.0,24.08
2022-12-04,"Yangon, Myanmar",Yangon International Airport (VYYY),24.08,21.42,28.73,,73.3,0.0,0,197.0,5.68,6.85,1012.59,505.0,3.4,9324.0,1,7.31,-3.52,0.0,0.0,24.67
2022-12-05,"Yangon, Myanmar",Yangon International Airport (VYYY),24.67,20.26,28.95,21.49,71.6,0.0,0,197.0,10.48,11.33,1014.12,432.0,1.7,9838.0,1,8.69,1.53,0.0,0.0,25.6
2022-12-06,"Yangon, Myanmar",Yangon International Airport (VYYY),25.6,21.76,30.71,22.98,74.0,0.0,0,220.0,7.83,10.79,1015.52,473.0,1.8,10720.0,1,8.95,1.4,0.0,0.0,25.65
2022-12-07,"Yangon, Myanmar",Yangon International Airport (VYYY),25.65,21.87,31.33,22.0,80.9,0.0,0,182.0,8.47,10.52,1010.9,511.0,4.6,8781.0,3,9.46,-4.62,0.0,0.0,26.21
2022-12-08,"Yangon, Myanmar",Yangon International Airport (VYYY),26.21,22.33,31.21,24.37,79.7,0.0,0,261.0,7.71,9.76,1012.52,513.0,2.8,10352.0,1,8.88,1.63,0.0,0.0,25.12
2022-12-09,"Yangon, Myanmar",Yangon International Airport (VYYY),25.12,21.71,30.0,22.54,64.8,0.0,0,195.0,7.31,8.13,1012.02,576.0,0.2,10775.0,1,8.29,-0.5,0.0,0.0,25.69
2022-12-10,"Yangon, Myanmar",Yangon International Airport (VYYY),25.69,20.87,29.96,22.98,85.0,0.0,0,169.0,7.6,10.14,1008.59,431.0,2.2,8481.0,1,9.09,-3.43,0.0,0.0,25.1
2022-12-11,"Yangon, Myanmar",Yangon International Airport (VYYY),25.1,21.79,30.09,21.63,79.5,0.0,0,263.0,10.35,12.0,1017.08,388.0,0.5,11002.0,1,8.3,8.49,0.0,0.0,25.25
2022-12-12,"Yangon, Myanmar",Yangon International Airport (VYYY),25.25,21.12,29.55,21.38,77.9,0.0,0,140.0,5.12,7.33,1017.71,378.0,1.9,8487.0,1,8.43,0.63,0.0,0.0,23.1
2022-12-13,"Yangon, Myanmar",Yangon International Airport (VYYY),23.1,18.69,27.58,20.88,69.1,0.0,0,200.0,8.3,9.11,1013.01,464.0,1.7,9766.0,1,8.89,-4.7,0.0,0.0,25.84
2022-12-14,"Yangon, Myanmar",Yangon International Airport (VYYY),25.84,22.52,30.16,23.87,70.2,0.0,0,154.0,5.42,6.25,1009.88,459.0,1.3,9731.0,1,7.64,-3.13,0.0,0.0,23.47
2022-12-15,"Yangon, Myanmar",Yangon International Airport (VYYY),23.47,19.67,27.56,18.74,81.6,0.0,0,179.0,12.33,13.93,1012.19,352.0,0.1,9840.0,1,7.88,2.31,0.0,0.0,23.38
2022-12-16,"Yangon, Myanmar",Yangon International Airport (VYYY),23.38,18.57,29.01,20.0,81.4,0.0,0,258.0,6.6,8.48,1015.12,525.0,0.1,8953.0,1,10.44,2.93,0.0,0.0,25.52
2022-12-17,"Yangon, Myanmar",Yangon International Airport (VYYY),25.52,22.05,29.67,22.53,86.6,0.0,0,180.0,7.46,11.47,1013.97,413.0,3.0,10612.0,1,7.62,-1.15,0.0,0.0,23.75
2022-12-18,"Yangon, Myanmar",Yangon International Airport (VYYY),23.75,18.69,27.79,21.29,84.8,0.0,0,210.0,3.49,5.73,1010.18,632.0,0.7,10607.0,1,9.09,-3.79,0.0,0.0,24.24
2022-12-19,"Yangon, Myanmar",Yangon International Airport (VYYY),24.24,20.67,28.1,21.76,73.5,0.0,0,166.0,6.49,,1007.91,585.0,2.2,10876.0,1,7.43,-2.27,0.0,0.0,25.95
2022-12-20,"Yangon, Myanmar",Yangon International Airport (VYYY),25.95,22.33,30.09,23.91,82.2,0.0,0,267.0,6.88,7.77,1014.75,510.0,2.9,11433.0,1,7.76,6.84,0.0,0.0,25.27
2022-12-21,"Yangon, Myanmar",Yangon International Airport (VYYY),25.27,22.06,30.46,21.66,79.7,29.78,0,192.0,8.4,9.28,,436.0,2.1,7407.0,8,8.4,-4.34,29.78,29.78,23.5
2022-12-22,"Yangon, Myanmar",Yangon International Airport (VYYY),23.5,20.07,28.69,18.88,79.3,0.0,0,150.0,7.27,11.83,,532.0,2.9,10181.0,1,8.62,3.02,29.78,29.78,25.27
2022-12-23,"Yangon, Myanmar",Yangon International Airport (VYYY),25.27,22.92,31.21,22.16,81.0,0.0,0,209.0,7.63,10.94,1009.71,552.0,,10590.0,1,8.29,-3.73,29.78,29.78,24.92
2022-12-24,"Yangon, Myanmar",Yangon International Airport (VYYY),24.92,20.36,29.92,21.86,90.1,0.0,0,188.0,6.06,10.56,1013.34,521.0,0.1,9570.0,1,9.57,3.62,0.0,29.78,22.82
2022-12-25,"Yangon, Myanmar",Yangon International Airport (VYYY),22.82,19.25,27.36,19.77,75.6,0.0,0,202.0,6.55,14.0,1011.73,382.0,3.3,9676.0,1,8.11,-1.61,0.0,29.78,24.78
2022-12-26,"Yangon, Myanmar",Yangon International Airport (VYYY),24.78,20.53,30.39,22.42,74.9,0.0,0,253.0,9.3,12.72,1014.63,548.0,1.3,11051.0,1,9.86,2.9,0.0,29.78,24.45
2022-12-27,"Yangon, Myanmar",Yangon International Airport (VYYY),24.45,21.08,29.47,20.57,75.6,0.0,0,222.0,8.86,10.57,1009.62,443.0,4.5,9666.0,3,8.39,-5.01,0.0,29.78,23.88
2022-12-28,"Yangon, Myanmar",Yangon International Airport (VYYY),23.88,19.57,29.05,19.58,80.3,0.0,0,186.0,8.3,8.84,1011.67,445.0,1.9,8654.0,1,9.49,2.05,0.0,0.0,25.31
2022-12-29,"Yangon, Myanmar",Yangon International Airport (VYYY),25.31,22.2,30.48,21.49,79.4,0.0,0,203.0,6.46,11.1,,568.0,3.0,10342.0,1,8.28,1.35,0.0,0.0,24.76
2022-12-30,"Yangon, Myanmar",Yangon International Airport (VYYY),24.76,20.68,29.82,22.22,78.2,0.0,0,150.0,8.5,12.88,1014.39,556.0,3.9,12013.0,1,9.14,1.37,0.0,0.0,25.3
2022-12-31,"Yangon, Myanmar",Yangon International Airport (VYYY),25.3,21.06,30.76,23.37,83.0,0.0,0,228.0,7.8,9.94,1015.27,483.0,3.0,9710.0,1,9.7,0.88,0.0,0.0,23.91
2023-01-01,"Yangon, Myanmar",Yangon International Airport (VYYY),23.91,20.34,29.22,20.69,91.5,0.0,0,203.0,5.53,9.44,1010.43,559.0,2.4,11396.0,1,8.88,-4.85,0.0,0.0,23.76
2023-01-02,"Yangon, Myanmar",Yangon International Airport (VYYY),23.76,19.53,30.39,22.75,77.0,0.0,0,119.0,,7.67,1013.8,545.0,0.8,10014.0,1,10.86,3.38,0.0,0.0,24.5
2023-01-03,"Yangon, Myanmar",Yangon International Airport (VYYY),24.5,21.57,27.8,24.15,73.8,0.0,0,194.0,6.02,6.51,1010.45,547.0,3.7,10492.0,1,6.23,-3.36,0.0,0.0,24.3
2023-01-04,"Yangon, Myanmar",Yangon International Airport (VYYY),24.3,20.65,29.63,21.16,80.0,0.0,0,262.0,2.39,5.62,1009.09,410.0,1.4,9933.0,1,8.98,-1.36,0.0,0.0,23.55
2023-01-05,"Yangon, Myanmar",Yangon International Airport (VYYY),23.55,19.23,27.38,20.78,84.0,0.0,0,174.0,6.84,11.31,1011.84,646.0,0.0,9395.0,1,8.15,2.75,0.0,0.0,24.76
2023-01-06,"Yangon, Myanmar",Yangon International Airport (VYYY),24.76,21.56,29.1,23.65,84.8,0.0,0,167.0,7.34,7.44,1011.57,533.0,2.6,9829.0,1,7.54,-0.27,0.0,0.0,23.44
2023-01-07,"Yangon, Myanmar",Yangon International Airport (VYYY),23.44,19.38,28.32,20.64,79.9,0.0,0,196.0,10.27,10.81,1012.65,326.0,2.9,11548.0,1,8.94,1.08,0.0,0.0,25.07
2023-01-08,"Yangon, Myanmar",Yangon International Airport (VYYY),25.07,20.73,29.67,21.73,76.8,0.0,0,220.0,6.98,7.31,1009.64,469.0,2.2,10838.0,1,8.94,-3.01,0.0,0.0,25.24
2023-01-09,"Yangon, Myanmar",Yangon International Airport (VYYY),25.24,21.0,30.19,25.76,84.8,6.64,0,228.0,8.5,11.5,1014.84,554.0,2.5,8492.0,7,9.19,5.2,6.64,6.64,25.1
2023-01-10,"Yangon, Myanmar",Yangon International Airport (VYYY),25.1,20.76,30.45,21.83,81.9,0.0,0,229.0,9.52,14.33,1013.6,529.0,3.4,9648.0,1,9.68,-1.24,6.64,6.64,23.54
2023-01-11,"Yangon, Myanmar",Yangon International Airport (VYYY),23.54,19.56,28.45,20.73,79.7,0.0,0,270.0,6.97,7.37,1011.92,445.0,4.2,10764.0,3,8.89,-1.68,6.64,6.64,24.29
2023-01-12,"Yangon, Myanmar",Yangon International Airport (VYYY),24.29,20.19,29.33,20.45,82.7,0.0,0,100.0,7.06,8.77,1014.01,430.0,2.9,7981.0,1,9.15,2.09,0.0,6.64,24.98
2023-01-13,"Yangon, Myanmar",Yangon International Airport (VYYY),24.98,21.15,29.68,22.68,78.5,0.0,0,209.0,4.57,4.99,,437.0,0.8,10889.0,1,8.52,2.14,0.0,6.64,24.03
2023-01-14,"Yangon, Myanmar",Yangon International Airport (VYYY),24.03,19.53,28.84,22.09,79.9,0.0,0,206.0,7.99,8.96,1011.58,596.0,3.2,8413.0,1,9.31,-4.58,0.0,6.64,24.93
2023-01-15,"Yangon, Myanmar",Yangon International Airport (VYYY),24.93,21.46,29.55,22.91,76.9,0.0,0,224.0,10.0,10.99,1013.82,634.0,2.5,8636.0,1,8.09,2.24,0.0,6.64,25.2
2023-01-16,"Yangon, Myanmar",Yangon International Airport (VYYY),25.2,20.81,30.04,21.16,76.5,0.0,0,221.0,8.12,10.19,1013.01,382.0,2.3,10891.0,1,9.24,-0.8,0.0,0.0,24.09
2023-01-17,"Yangon, Myanmar",Yangon International Airport (VYYY),24.09,19.73,29.26,19.58,83.1,17.23,0,265.0,6.1,6.19,1014.21,361.0,0.9,8889.0,8,9.52,1.2,17.23,17.23,24.73
2023-01-18,"Yangon, Myanmar",Yangon International Airport (VYYY),24.73,21.22,29.14,22.92,78.7,0.0,0,236.0,4.3,9.29,1011.88,588.0,4.1,9595.0,3,7.92,-2.33,17.23,17.23,25.27
2023-01-19,"Yangon, Myanmar",Yangon International Airport (VYYY),25.27,21.15,31.4,22.61,76.5,0.0,0,217.0,7.86,8.05,1012.44,435.0,2.1,11933.0,1,10.25,0.56,17.23,17.23,23.81
2023-01-20,"Yangon, Myanmar",Yangon International Airport (VYYY),23.81,20.32,28.99,20.04,80.0,0.0,0,181.0,6.76,8.11,1010.48,436.0,2.3,10296.0,1,8.67,-1.97,0.0,17.23,23.82
2023-01-21,"Yangon, Myanmar",Yangon International Airport (VYYY),23.82,19.75,28.58,20.1,78.2,0.0,0,126.0,8.38,10.03,1009.93,373.0,3.4,11724.0,1,8.83,-0.55,0.0,17.23,23.16
2023-01-22,"Yangon, Myanmar",Yangon International Airport (VYYY),23.16,19.12,28.12,20.95,78.6,0.0,0,200.0,13.35,14.77,1013.26,539.0,1.7,11287.0,1,9.0,3.33,0.0,17.23,25.28
2023-01-23,"Yangon, Myanmar",Yangon International Airport (VYYY),25.28,22.61,30.35,20.72,75.2,0.0,0,224.0,8.3,8.37,1012.51,470.0,4.3,9212.0,3,7.74,-0.75,0.0,17.23,24.64
2023-01-24,"Yangon, Myanmar",Yangon International Airport (VYYY),24.64,20.94,29.3,21.55,77.3,0.0,0,153.0,6.24,7.28,1010.65,478.0,3.5,9643.0,1,8.36,-1.86,0.0,0.0,21.97
2023-01-25,"Yangon, Myanmar",Yangon International Airport (VYYY),21.97,18.25,26.09,19.84,82.0,0.0,0,220.0,9.47,11.82,1014.87,441.0,1.1,9374.0,1,7.84,4.22,0.0,0.0,22.94
2023-01-26,"Yangon, Myanmar",Yangon International Airport (VYYY),22.94,19.62,26.83,18.54,77.5,0.0,0,233.0,11.96,12.28,1008.96,533.0,2.2,10149.0,1,7.2,-5.91,0.0,0.0,23.32
2023-01-27,"Yangon, Myanmar",Yangon International Airport (VYYY),23.32,20.37,28.2,20.79,83.7,0.0,0,299.0,6.67,7.73,1008.69,500.0,2.1,9809.0,1,7.84,-0.27,0.0,0.0,25.13
2023-01-28,"Yangon, Myanmar",Yangon International Airport (VYYY),25.13,21.59,30.23,21.77,76.7,0.0,0,246.0,9.38,10.86,1019.12,488.0,3.3,11106.0,1,8.64,10.43,0.0,0.0,22.35
2023-01-29,"Yangon, Myanmar",Yangon International Airport (VYYY),22.35,19.42,26.69,18.27,74.8,0.0,0,245.0,6.23,7.42,1011.35,480.0,1.0,9370.0,1,7.27,-7.77,0.0,0.0,26.08
2023-01-30,"Yangon, Myanmar",Yangon International Airport (VYYY),26.08,22.4,30.42,23.69,69.8,0.0,0,202.0,7.1,10.62,1010.95,539.0,2.0,10433.0,1,8.02,-0.4,0.0,0.0,25.99
2023-01-31,"Yangon, Myanmar",Yangon International Airport (VYYY),25.99,22.14,30.19,22.81,80.2,0.0,0,231.0,10.51,11.35,1010.99,501.0,1.5,9956.0,1,8.06,0.04,0.0,0.0,25.64
2023-02-01,"Yangon, Myanmar",Yangon International Airport (VYYY),25.64,21.53,31.35,21.8,68.6,12.04,0,177.0,5.94,8.76,1012.9,410.0,3.1,8420.0,8,9.82,1.91,12.04,12.04,23.77
2023-02-02,"Yangon, Myanmar",Yangon International Airport (VYYY),23.77,19.22,27.99,21.91,80.0,0.0,0,156.0,7.32,11.21,1014.96,635.0,2.9,9746.0,1,8.78,2.06,12.04,12.04,21.23
2023-02-03,"Yangon, Myanmar",Yangon International Airport (VYYY),21.23,16.88,26.42,18.79,92.3,0.0,0,188.0,5.56,8.49,1012.06,480.0,3.8,10649.0,1,9.54,-2.9,12.04,12.04,23.66
2023-02-04,"Yangon, Myanmar",Yangon International Airport (VYYY),23.66,19.74,28.44,20.9,80.0,0.0,0,206.0,8.97,9.18,1011.68,543.0,2.1,10319.0,1,8.7,-0.37,0.0,12.04,23.29
2023-02-05,"Yangon, Myanmar",Yangon International Airport (VYYY),23.29,20.02,27.4,19.55,88.6,0.0,0,242.0,8.2,10.58,1015.61,524.0,1.2,9289.0,1,7.38,3.93,0.0,12.04,22.43
2023-02-06,"Yangon, Myanmar",Yangon International Airport (VYYY),22.43,18.43,27.35,19.15,77.2,0.0,0,200.0,8.5,10.94,1015.25,587.0,4.2,11814.0,3,8.92,-0.36,0.0,12.04,24.07
2023-02-07,"Yangon, Myanmar",Yangon International Airport (VYYY),24.07,19.18,29.34,21.55,81.4,0.0,0,137.0,9.65,13.12,1016.07,302.0,3.3,10368.0,1,10.16,0.82,0.0,12.04,24.98
2023-02-08,"Yangon, Myanmar",Yangon International Airport (VYYY),24.98,21.94,29.43,21.77,71.7,0.0,0,181.0,12.53,12.63,1008.92,601.0,1.6,9196.0,1,7.49,-7.15,0.0,0.0,26.57
2023-02-09,"Yangon, Myanmar",Yangon International Airport (VYYY),26.57,22.32,31.08,22.36,82.5,0.0,0,306.0,9.38,11.19,1012.2,423.0,2.1,10932.0,1,8.77,3.28,0.0,0.0,25.22
2023-02-10,"Yangon, Myanmar",Yangon International Airport (VYYY),25.22,21.34,31.75,21.81,77.4,0.0,0,180.0,9.86,10.12,1012.24,523.0,2.8,9021.0,1,10.41,0.04,0.0,0.0,24.27
2023-02-11,"Yangon, Myanmar",Yangon International Airport (VYYY),24.27,20.17,28.66,22.6,85.8,0.0,0,234.0,6.95,8.02,1011.6,509.0,1.2,10332.0,1,8.49,-0.64,0.0,0.0,24.11
2023-02-12,"Yangon, Myanmar",Yangon International Airport (VYYY),24.11,20.17,28.67,,82.5,0.0,0,209.0,8.02,12.21,1012.51,524.0,3.1,9402.0,1,8.51,0.91,0.0,0.0,22.88
2023-02-13,"Yangon, Myanmar",Yangon International Airport (VYYY),22.88,20.37,28.12,19.62,77.3,0.0,0,255.0,6.91,8.61,1010.41,502.0,3.3,10174.0,1,7.75,-2.1,0.0,0.0,25.8
2023-02-14,"Yangon, Myanmar",Yangon International Airport (VYYY),25.8,22.2,30.9,23.71,83.5,0.0,0,172.0,7.22,17.94,1013.15,380.0,0.3,10072.0,1,8.7,2.74,0.0,0.0,21.78
2023-02-15,"Yangon, Myanmar",Yangon International Airport (VYYY),21.78,18.2,26.42,18.3,81.8,0.0,0,183.0,9.0,11.1,1012.94,479.0,0.6,11280.0,1,8.22,-0.21,0.0,0.0,24.04
2023-02-16,"Yangon, Myanmar",Yangon International Airport (VYYY),24.04,19.7,29.4,,85.7,0.0,0,214.0,10.76,13.27,1011.96,352.0,1.8,10817.0,1,9.7,-0.99,0.0,0.0,24.52
2023-02-17,"Yangon, Myanmar",Yangon International Airport (VYYY),24.52,20.62,29.55,22.31,76.1,0.0,0,143.0,6.9,12.06,1013.71,426.0,3.8,10187.0,1,8.93,1.75,0.0,0.0,25.94
2023-02-18,"Yangon, Myanmar",Yangon International Airport (VYYY),25.94,22.12,31.56,23.76,80.3,0.0,0,230.0,7.94,,1013.15,410.0,1.6,11545.0,1,9.45,-0.56,0.0,0.0,23.56
2023-02-19,"Yangon, Myanmar",Yangon International Airport (VYYY),23.56,18.76,27.83,21.01,76.7,0.0,0,180.0,8.49,14.51,1013.04,365.0,4.3,9172.0,3,9.08,-0.11,0.0,0.0,24.23
2023-02-20,"Yangon, Myanmar",Yangon International Airport (VYYY),24.23,20.74,28.85,21.7,75.1,0.0,0,245.0,6.08,14.61,1013.43,528.0,1.0,11672.0,1,8.11,0.39,0.0,0.0,24.4
2023-02-21,"Yangon, Myanmar",Yangon International Airport (VYYY),24.4,20.87,29.49,22.66,73.6,,0,118.0,5.79,6.37,1014.06,443.0,2.4,10544.0,1,8.62,0.63,0.0,0.0,23.64
2023-02-22,"Yangon, Myanmar",Yangon International Airport (VYYY),23.64,19.91,28.67,20.05,85.4,0.0,0,175.0,8.17,18.53,1012.76,222.0,2.1,9068.0,1,8.76,-1.3,0.0,0.0,25.63
2023-02-23,"Yangon, Myanmar",Yangon International Airport (VYYY),25.63,21.11,31.61,24.0,84.0,0.0,0,217.0,6.59,8.97,1008.14,563.0,2.0,8001.0,1,10.49,-4.61,0.0,0.0,24.39
2023-02-24,"Yangon, Myanmar",Yangon International Airport (VYYY),24.39,19.81,29.66,22.46,70.3,0.0,0,141.0,6.3,8.09,1013.55,484.0,4.2,9892.0,3,9.85,5.41,0.0,0.0,24.79
2023-02-25,"Yangon, Myanmar",Yangon International Airport (VYYY),24.79,21.12,29.83,22.0,78.2,0.0,0,176.0,7.74,10.26,1013.35,370.0,2.9,10372.0,1,8.7,-0.2,0.0,0.0,25.71
2023-02-26,"Yangon, Myanmar",Yangon International Airport (VYYY),25.71,21.47,31.66,21.96,,0.0,0,168.0,10.12,10.89,1009.19,443.0,2.5,9755.0,1,10.19,-4.16,0.0,0.0,23.76
2023-02-27,"Yangon, Myanmar",Yangon International Airport (VYYY),23.76,20.01,28.32,19.66,73.1,0.0,0,152.0,5.88,8.68,1011.42,377.0,3.3,9531.0,1,8.3,2.23,0.0,0.0,26.98
2023-02-28,"Yangon, Myanmar",Yangon International Airport (VYYY),26.98,23.42,32.12,24.69,80.6,0.0,0,176.0,5.87,7.6,1014.13,391.0,1.3,8610.0,1,8.7,2.72,0.0,0.0,23.55
2023-03-01,"Yangon, Myanmar",Yangon International Airport (VYYY),23.55,19.92,28.14,21.59,82.6,0.0,0,231.0,5.22,10.66,1011.84,312.0,,9728.0,1,8.21,-2.29,0.0,0.0,23.78
2023-03-02,"Yangon, Myanmar",Yangon International Airport (VYYY),23.78,19.64,28.6,20.78,79.5,0.0,0,231.0,6.14,8.92,1015.83,516.0,2.4,11345.0,1,8.96,3.99,0.0,0.0,24.61
2023-03-03,"Yangon, Myanmar",Yangon International Airport (VYYY),24.61,21.37,37.42,21.72,73.9,0.0,0,108.0,9.03,9.53,1015.27,627.0,1.4,11759.0,1,9.05,-0.55,0.0,0.0,24.31
2023-03-04,"Yangon, Myanmar",Yangon International Airport (VYYY),24.31,21.53,29.4,22.03,78.5,0.0,0,193.0,5.2,15.31,1012.04,523.0,2.6,9935.0,1,7.87,-3.24,0.0,0.0,25.32
2023-03-05,"Yangon, Myanmar",Yangon International Airport (VYYY),25.32,21.65,29.28,24.15,76.5,0.0,0,216.0,7.56,13.92,1012.16,447.0,1.5,8673.0,1,7.63,0.13,0.0,0.0,26.46
2023-03-06,"Yangon, Myanmar",Yangon International Airport (VYYY),26.46,23.13,32.24,21.83,77.4,0.0,0,163.0,10.56,14.86,1013.32,465.0,1.8,9701.0,1,9.11,1.15,0.0,0.0,21.82
2023-03-07,"Yangon, Myanmar",Yangon International Airport (VYYY),21.82,18.05,26.34,19.37,76.1,0.0,0,173.0,5.72,6.14,1010.61,409.0,3.2,11079.0,1,8.29,-2.71,0.0,0.0,25.74
2023-03-08,"Yangon, Myanmar",Yangon International Airport (VYYY),25.74,21.44,30.44,21.88,74.6,0.0,0,199.0,4.22,8.71,1012.69,451.0,1.8,10087.0,1,9.0,2.09,0.0,0.0,26.28
2023-03-09,"Yangon, Myanmar",Yangon International Airport (VYYY),26.28,23.85,31.14,23.82,79.7,0.0,0,173.0,7.79,9.95,1010.61,344.0,2.3,9025.0,1,7.29,-2.08,0.0,0.0,25.97
2023-03-10,"Yangon, Myanmar",Yangon International Airport (VYYY),25.97,22.23,30.65,21.86,70.0,0.0,0,151.0,8.75,16.76,1012.75,410.0,0.9,9530.0,1,8.41,2.14,0.0,0.0,23.43
2023-03-11,"Yangon, Myanmar",Yangon International Airport (VYYY),23.43,19.59,27.33,19.73,78.2,0.0,0,178.0,7.98,8.83,1011.36,274.0,3.4,9901.0,1,7.74,-1.39,0.0,0.0,26.68
2023-03-12,"Yangon, Myanmar",Yangon International Airport (VYYY),26.68,22.09,31.43,23.5,80.9,0.0,0,187.0,6.18,7.85,1010.9,366.0,1.3,10070.0,1,9.34,-0.46,0.0,0.0,25.72
2023-03-13,"Yangon, Myanmar",Yangon International Airport (VYYY),25.72,22.59,31.56,21.91,84.3,0.0,0,236.0,9.44,9.55,1010.71,411.0,1.4,10013.0,1,8.98,-0.19,0.0,0.0,25.75
2023-03-14,"Yangon, Myanmar",Yangon International Airport (VYYY),25.75,21.61,30.95,22.53,79.6,2.69,0,235.0,8.28,12.59,1013.22,388.0,4.0,10355.0,7,9.35,2.51,2.69,2.69,23.96
2023-03-15,"Yangon, Myanmar",Yangon International Airport (VYYY),23.96,19.63,29.13,19.45,77.1,0.0,0,226.0,10.76,20.74,1015.91,370.0,4.4,10218.0,3,9.5,2.69,2.69,2.69,25.69
2023-03-16,"Yangon, Myanmar",Yangon International Airport (VYYY),25.69,22.66,30.25,21.45,79.1,0.0,0,246.0,7.86,10.25,1011.24,502.0,2.7,10373.0,1,7.59,-4.67,2.69,2.69,25.61
2023-03-17,"Yangon, Myanmar",Yangon International Airport (VYYY),25.61,21.28,30.17,21.54,72.4,0.0,0,215.0,7.66,8.64,1011.56,490.0,0.7,9905.0,1,8.89,0.32,0.0,2.69,22.93
2023-03-18,"Yangon, Myanmar",Yangon International Airport (VYYY),22.93,18.53,27.49,18.9,78.7,0.0,0,167.0,9.38,11.38,1011.16,,3.1,9570.0,1,8.97,-0.4,0.0,2.69,24.4
2023-03-19,"Yangon, Myanmar",Yangon International Airport (VYYY),24.4,20.28,29.08,20.5,80.0,16.18,0,257.0,7.83,13.91,1013.75,369.0,2.9,6880.0,8,8.8,2.59,16.18,18.87,23.39
2023-03-20,"Yangon, Myanmar",Yangon International Airport (VYYY),23.39,20.46,27.35,20.3,77.8,0.0,0,207.0,5.16,6.8,1010.51,426.0,4.5,9615.0,3,6.89,-3.24,16.18,18.87,25.1
2023-03-21,"Yangon, Myanmar",Yangon International Airport (VYYY),25.1,22.36,30.63,21.06,75.5,19.77,0,278.0,7.27,8.92,1011.0,469.0,2.9,7162.0,8,8.26,0.49,35.94,35.94,25.27
2023-03-22,"Yangon, Myanmar",Yangon International Airport (VYYY),25.27,21.4,30.41,20.88,79.4,0.0,0,248.0,8.81,13.09,1008.15,426.0,2.4,8928.0,1,9.01,-2.85,19.77,35.94,24.54
2023-03-23,"Yangon, Myanmar",Yangon International Airport (VYYY),24.54,20.13,28.54,22.76,76.9,0.0,0,205.0,6.04,9.08,1010.38,500.0,2.6,9151.0,1,8.42,2.23,19.77,35.94,26.86
2023-03-24,"Yangon, Myanmar",Yangon International Airport (VYYY),26.86,23.99,32.06,23.62,79.8,5.0,0,258.0,5.5,18.28,1014.28,389.0,2.0,10514.0,7,8.07,3.9,5.0,40.94,25.36
2023-03-25,"Yangon, Myanmar",Yangon International Airport (VYYY),25.36,21.24,29.83,20.42,71.4,0.0,0,275.0,8.44,9.48,1014.09,411.0,2.1,7837.0,1,8.6,-0.19,5.0,40.94,27.59
2023-03-26,"Yangon, Myanmar",Yangon International Airport (VYYY),27.59,23.71,31.29,24.3,77.7,0.0,0,282.0,10.14,13.44,1010.38,463.0,3.8,8992.0,1,7.58,-3.71,5.0,24.77,25.45
2023-03-27,"Yangon, Myanmar",Yangon International Airport (VYYY),25.45,22.15,30.22,23.58,84.1,23.03,0,245.0,7.08,8.0,1013.54,473.0,1.0,6587.0,8,8.07,3.16,23.03,47.79,27.12
2023-03-28,"Yangon, Myanmar",Yangon International Airport (VYYY),27.12,23.7,31.42,24.75,78.0,0.0,0,235.0,6.5,11.29,1011.05,417.0,1.5,10475.0,1,7.72,-2.5,23.03,28.03,26.89
2023-03-29,"Yangon, Myanmar",Yangon International Airport (VYYY),26.89,22.94,30.87,23.28,78.5,19.03,0,149.0,10.64,15.07,1008.95,397.0,3.4,6058.0,8,7.93,-2.09,42.05,47.06,25.86
2023-03-30,"Yangon, Myanmar",Yangon International Airport (VYYY),25.86,22.56,30.53,23.29,75.5,0.0,0,194.0,9.18,10.21,1005.08,311.0,3.3,8891.0,1,7.97,-3.87,19.03,47.06,24.98
2023-03-31,"Yangon, Myanmar",Yangon International Airport (VYYY),24.98,20.6,29.44,24.05,83.7,0.0,0,200.0,4.32,6.06,1011.96,370.0,3.1,7651.0,1,8.83,6.88,19.03,42.05,26.26
2023-04-01,"Yangon, Myanmar",Yangon International Airport (VYYY),26.26,21.22,31.77,23.58,79.6,0.0,0,221.0,9.87,12.78,1010.92,660.0,3.7,9329.0,1,10.55,-1.04,0.0,42.05,27.59
2023-04-02,"Yangon, Myanmar",Yangon International Airport (VYYY),27.59,24.04,33.23,24.5,71.7,0.0,0,180.0,7.62,18.27,1016.37,401.0,2.8,9257.0,1,9.19,5.45,0.0,42.05,26.83
2023-04-03,"Yangon, Myanmar",Yangon International Airport (VYYY),26.83,22.88,31.57,24.08,77.6,0.0,0,145.0,3.95,5.72,,410.0,3.3,8943.0,1,8.69,-8.7,0.0,19.03,27.69
2023-04-04,"Yangon, Myanmar",Yangon International Airport (VYYY),27.69,24.47,31.85,23.35,84.5,0.0,0,221.0,10.35,11.33,1009.13,,5.3,8939.0,3,7.38,1.45,0.0,19.03,26.51
2023-04-05,"Yangon, Myanmar",Yangon International Airport (VYYY),26.51,23.94,30.51,20.8,78.7,0.0,0,156.0,12.69,17.4,1008.33,356.0,4.1,8233.0,3,6.57,-0.8,0.0,0.0,27.4
2023-04-06,"Yangon, Myanmar",Yangon International Airport (VYYY),27.4,24.66,33.14,24.7,75.8,0.0,0,355.0,8.65,16.82,1008.78,242.0,4.4,,3,8.49,0.45,0.0,0.0,28.57
2023-04-07,"Yangon, Myanmar",Yangon International Airport (VYYY),28.57,24.6,33.58,24.85,80.5,0.0,0,153.0,6.89,15.27,1011.78,299.0,4.4,8745.0,3,8.98,3.0,0.0,0.0,26.24
2023-04-08,"Yangon, Myanmar",Yangon International Airport (VYYY),26.24,22.1,29.79,23.59,74.8,0.0,0,169.0,10.19,11.03,1010.64,452.0,3.3,8515.0,1,7.69,-1.14,0.0,0.0,28.72
2023-04-09,"Yangon, Myanmar",Yangon International Airport (VYYY),28.72,25.18,33.74,26.07,84.9,0.0,0,290.0,8.86,10.39,1010.87,411.0,4.2,10274.0,3,8.56,0.24,0.0,0.0,26.1
2023-04-10,"Yangon, Myanmar",Yangon International Airport (VYYY),26.1,22.33,32.82,21.95,83.8,5.63,0,275.0,,9.76,1013.11,387.0,3.4,7100.0,7,10.49,2.23,5.63,5.63,28.12
2023-04-11,"Yangon, Myanmar",Yangon International Airport (VYYY),28.12,24.17,32.13,24.39,74.4,0.0,0,179.0,7.03,8.03,1008.98,393.0,4.7,8220.0,3,7.95,-4.13,5.63,5.63,24.86
2023-04-12,"Yangon, Myanmar",Yangon International Airport (VYYY),24.86,21.19,28.88,20.68,86.6,0.0,0,157.0,10.79,13.83,1009.68,451.0,3.8,7898.0,1,7.69,0.7,5.63,5.63,27.73
2023-04-13,"Yangon, Myanmar",Yangon International Airport (VYYY),27.73,24.3,32.16,25.12,82.7,0.0,0,287.0,9.3,17.22,1011.81,475.0,4.2,7152.0,3,7.87,2.14,0.0,5.63,26.76
2023-04-14,"Yangon, Myanmar",Yangon International Airport (VYYY),26.76,23.22,31.77,24.02,86.6,16.63,0,258.0,8.96,12.68,1011.74,307.0,3.3,6086.0,8,8.55,-0.07,16.63,22.26,26.63
2023-04-15,"Yangon, Myanmar",Yangon International Airport (VYYY),26.63,22.89,31.59,21.49,74.4,0.0,0,224.0,3.43,5.84,1010.95,366.0,1.8,7375.0,1,8.7,-0.79,16.63,22.26,27.6
2023-04-16,"Yangon, Myanmar",Yangon International Airport (VYYY),27.6,23.35,31.9,25.19,79.5,0.0,0,183.0,12.18,16.27,1010.32,239.0,4.6,9010.0,3,8.56,-0.63,16.63,22.26,25.74
2023-04-17,"Yangon, Myanmar",Yangon International Airport (VYYY),25.74,21.8,30.7,21.18,78.7,0.0,0,205.0,7.31,7.71,1010.13,431.0,4.9,8371.0,3,8.9,-0.19,0.0,16.63,27.5
2023-04-18,"Yangon, Myanmar",Yangon International Airport (VYYY),27.5,23.07,31.89,24.97,84.0,0.0,0,253.0,8.49,9.86,1008.92,234.0,4.0,8732.0,1,8.82,-1.21,0.0,16.63,26.12
2023-04-19,"Yangon, Myanmar",Yangon International Airport (VYYY),26.12,22.45,30.98,23.33,84.3,0.0,0,206.0,8.26,11.59,1009.82,193.0,3.8,7316.0,1,8.53,0.9,0.0,16.63,28.59
2023-04-20,"Yangon, Myanmar",Yangon International Airport (VYYY),28.59,24.28,33.07,26.27,80.5,14.71,0,231.0,9.25,10.91,1011.76,310.0,4.0,5630.0,8,8.79,1.94,14.71,31.34,28.2
2023-04-21,"Yangon, Myanmar",Yangon International Airport (VYYY),28.2,24.49,33.22,25.74,88.5,0.0,0,215.0,9.29,14.74,1009.09,330.0,4.9,6873.0,3,8.73,-2.67,14.71,14.71,27.57
2023-04-22,"Yangon, Myanmar",Yangon International Airport (VYYY),27.57,23.44,33.7,23.43,90.9,35.27,0,240.0,8.86,15.82,1007.72,318.0,5.0,6271.0,25,10.26,-1.37,49.99,49.99,28.03
2023-04-23,"Yangon, Myanmar",Yangon International Airport (VYYY),28.03,23.77,31.54,26.13,86.8,6.91,0,281.0,7.94,12.34,1007.43,277.0,5.0,5999.0,7,7.77,-0.29,42.19,56.9,27.46
2023-04-24,"Yangon, Myanmar",Yangon International Airport (VYYY),27.46,23.48,32.42,25.07,76.6,8.75,0,153.0,5.42,6.96,1008.01,243.0,5.2,7181.0,7,8.94,0.58,50.94,65.65,27.88
2023-04-25,"Yangon, Myanmar",Yangon International Airport (VYYY),27.88,23.85,32.24,23.01,81.7,10.01,0,273.0,8.42,9.85,1008.57,236.0,6.2,4753.0,8,8.39,0.56,25.67,75.66,26.89
2023-04-26,"Yangon, Myanmar",Yangon International Airport (VYYY),26.89,23.44,31.21,24.49,86.9,0.0,0,203.0,4.21,7.94,1009.55,247.0,4.0,9592.0,3,7.77,0.98,18.76,75.66,26.15
2023-04-27,"Yangon, Myanmar",Yangon International Airport (VYYY),26.15,22.12,29.87,23.19,79.2,0.0,0,276.0,5.06,7.07,1007.56,245.0,5.7,7772.0,3,7.74,-1.99,10.01,60.94,27.74
2023-04-28,"Yangon, Myanmar",Yangon International Airport (VYYY),27.74,24.34,32.42,23.81,86.5,0.0,0,294.0,6.41,7.07,1011.02,518.0,6.1,8083.0,4,8.08,3.46,0.0,60.94,25.98
2023-04-29,"Yangon, Myanmar",Yangon International Airport (VYYY),25.98,22.33,30.4,22.17,88.3,0.0,0,245.0,7.92,13.18,1008.96,285.0,4.9,6738.0,3,8.07,-2.06,0.0,25.67,27.27
2023-04-30,"Yangon, Myanmar",Yangon International Airport (VYYY),27.27,24.99,31.22,23.65,84.5,0.0,0,227.0,7.1,15.38,1012.83,271.0,7.5,7079.0,4,6.23,3.87,0.0,18.76,29.19
2023-05-01,"Yangon, Myanmar",Yangon International Airport (VYYY),29.19,25.69,35.15,25.08,86.8,0.0,0,245.0,7.44,,1012.38,226.0,5.2,6907.0,3,9.46,-0.44,0.0,10.01,27.06
2023-05-02,"Yangon, Myanmar",Yangon International Airport (VYYY),27.06,23.48,31.31,24.01,79.2,9.55,0,158.0,11.49,11.89,1008.79,216.0,6.3,8127.0,7,7.83,-3.6,9.55,9.55,27.66
2023-05-03,"Yangon, Myanmar",Yangon International Airport (VYYY),27.66,23.81,32.35,24.93,79.1,0.0,0,210.0,6.85,10.39,1011.37,282.0,6.6,5718.0,4,8.54,2.58,9.55,9.55,29.17
2023-05-04,"Yangon, Myanmar",Yangon International Airport (VYYY),29.17,25.16,34.59,26.54,82.0,0.0,0,226.0,10.94,15.18,1009.41,309.0,6.3,7734.0,4,9.43,-1.96,9.55,9.55,29.17
2023-05-05,"Yangon, Myanmar",Yangon International Airport (VYYY),29.17,25.2,34.3,25.64,91.1,0.0,0,240.0,10.07,11.03,1007.92,340.0,,7559.0,3,9.1,-1.49,0.0,9.55,27.54
2023-05-06,"Yangon, Myanmar",Yangon International Airport (VYYY),27.54,24.39,32.23,23.81,90.9,0.0,0,139.0,8.53,9.27,1009.76,287.0,4.5,5487.0,3,7.84,1.84,0.0,9.55,27.75
2023-05-07,"Yangon, Myanmar",Yangon International Airport (VYYY),27.75,22.69,32.8,24.23,79.4,29.48,0,233.0,7.21,9.72,1010.76,275.0,5.2,5548.0,8,10.11,1.01,29.48,39.03,26.79
2023-05-08,"Yangon, Myanmar",Yangon International Airport (VYYY),26.79,22.38,31.49,23.1,85.6,0.0,0,191.0,7.96,10.41,1006.18,448.0,6.2,7557.0,4,9.12,-4.59,29.48,39.03,27.29
2023-05-09,"Yangon, Myanmar",Yangon International Airport (VYYY),27.29,22.89,32.42,23.88,89.3,0.0,0,278.0,8.35,15.41,1008.93,232.0,6.0,5760.0,4,9.53,2.75,29.48,29.48,27.08
2023-05-10,"Yangon, Myanmar",Yangon International Airport (VYYY),27.08,22.39,31.72,25.09,91.3,4.09,0,273.0,7.37,8.09,1006.68,173.0,5.2,5241.0,7,9.33,-2.25,4.09,33.57,28.34
2023-05-11,"Yangon, Myanmar",Yangon International Airport (VYYY),28.34,25.02,32.97,25.34,81.2,3.28,0,247.0,8.03,10.07,1011.65,327.0,4.8,6296.0,7,7.95,4.97,7.37,36.85,27.62
2023-05-12,"Yangon, Myanmar",Yangon International Airport (VYYY),27.62,24.19,32.41,23.72,83.8,6.2,0,257.0,6.36,12.27,1004.89,269.0,6.2,6090.0,7,8.23,-6.76,13.57,43.05,28.12
2023-05-13,"Yangon, Myanmar",Yangon International Airport (VYYY),28.12,23.63,33.14,25.17,90.9,0.0,0,180.0,9.38,10.67,1006.14,244.0,5.6,7437.0,3,9.5,1.25,9.48,43.05,28.86
2023-05-14,"Yangon, Myanmar",Yangon International Airport (VYYY),28.86,25.69,41.0,26.56,88.4,2.83,0,199.0,10.61,10.98,1007.22,264.0,6.5,3181.0,7,8.3,1.09,9.03,16.4,27.13
2023-05-15,"Yangon, Myanmar",Yangon International Airport (VYYY),27.13,23.09,31.9,23.9,81.2,1.95,0,186.0,9.37,10.55,1006.65,350.0,5.0,5560.0,7,8.81,-0.57,4.78,18.36,28.81
2023-05-16,"Yangon, Myanmar",Yangon International Airport (VYYY),28.81,25.1,32.34,25.79,,8.47,0,206.0,9.28,11.29,1004.81,292.0,6.5,7144.0,7,7.24,-1.84,13.25,26.83,26.06
2023-05-17,"Yangon, Myanmar",Yangon International Airport (VYYY),26.06,23.27,30.92,21.59,82.9,0.0,0,294.0,5.91,7.23,1004.88,192.0,6.6,7048.0,4,7.66,0.06,10.42,22.73,28.78
2023-05-18,"Yangon, Myanmar",Yangon International Airport (VYYY),28.78,24.71,32.46,26.09,87.1,0.0,0,177.0,8.39,8.98,1007.46,332.0,6.2,6549.0,4,7.75,2.58,8.47,19.45,28.05
2023-05-19,"Yangon, Myanmar",Yangon International Airport (VYYY),28.05,23.24,33.79,25.93,80.2,0.4,0,209.0,9.95,10.53,1012.14,307.0,7.2,7623.0,7,10.55,4.68,0.4,13.65,30.0
2023-05-20,"Yangon, Myanmar",Yangon International Airport (VYYY),30.0,26.75,35.07,28.09,87.1,28.49,0,253.0,11.02,14.21,1010.36,271.0,5.6,3610.0,8,8.32,-1.78,28.89,42.14,29.57
2023-05-21,"Yangon, Myanmar",Yangon International Airport (VYYY),29.57,26.21,34.93,26.04,85.5,0.0,0,30.0,11.08,18.19,1005.38,314.0,6.6,7870.0,4,8.72,-4.98,28.89,39.31,27.81
2023-05-22,"Yangon, Myanmar",Yangon International Airport (VYYY),27.81,23.17,33.11,24.02,86.4,0.0,0,223.0,10.28,10.94,1008.64,322.0,5.7,5741.0,3,9.94,3.26,28.49,37.36,28.35
2023-05-23,"Yangon, Myanmar",Yangon International Airport (VYYY),28.35,25.51,32.88,23.98,79.9,33.45,0,284.0,8.04,8.15,1008.63,188.0,7.9,3896.0,25,7.38,-0.02,33.45,62.34,30.44
2023-05-24,"Yangon, Myanmar",Yangon International Airport (VYYY),30.44,25.68,35.43,25.23,93.0,34.67,0,302.0,6.49,12.04,1007.93,232.0,5.1,3350.0,25,9.75,-0.7,68.12,97.01,31.05
2023-05-25,"Yangon, Myanmar",Yangon International Airport (VYYY),31.05,27.18,34.99,27.84,84.7,13.17,0,253.0,10.02,12.73,1009.49,177.0,7.3,4144.0,8,7.81,1.56,81.28,110.17,29.62
2023-05-26,"Yangon, Myanmar",Yangon International Airport (VYYY),29.62,25.94,33.13,26.1,86.9,3.05,0,231.0,5.11,5.51,1006.34,149.0,6.2,4179.0,7,7.19,-3.15,50.89,112.83,29.83
2023-05-27,"Yangon, Myanmar",Yangon International Airport (VYYY),29.83,26.16,33.67,28.02,82.4,0.0,0,306.0,5.77,12.23,1005.6,57.0,5.7,5951.0,3,7.51,-0.74,16.22,84.33,29.9
2023-05-28,"Yangon, Myanmar",Yangon International Airport (VYYY),29.9,27.61,34.38,26.67,83.0,0.0,0,179.0,7.12,22.16,1010.88,154.0,5.4,5366.0,3,6.77,5.28,3.05,84.33,28.13
2023-05-29,"Yangon, Myanmar",Yangon International Airport (VYYY),28.13,25.54,33.14,24.1,83.7,21.43,0,210.0,7.75,10.45,1009.54,110.0,7.2,2858.0,8,7.6,-1.35,21.43,105.77,31.04
2023-05-30,"Yangon, Myanmar",Yangon International Airport (VYYY),31.04,28.09,35.5,28.08,90.1,0.0,0,212.0,7.8,8.78,1006.66,319.0,8.0,5745.0,4,7.41,-2.88,21.43,72.32,30.18
2023-05-31,"Yangon, Myanmar",Yangon International Airport (VYYY),30.18,26.16,35.47,26.15,90.1,20.39,0,230.0,5.72,8.28,1010.43,193.0,8.0,3753.0,8,9.31,3.77,41.82,58.04,30.6
2023-06-01,"Yangon, Myanmar",Yangon International Airport (VYYY),30.6,26.77,35.58,27.18,95.4,15.01,0,305.0,6.21,6.67,1013.55,224.0,8.0,5883.0,8,8.81,3.12,35.4,59.89,30.22
2023-06-02,"Yangon, Myanmar",Yangon International Airport (VYYY),30.22,26.73,35.87,26.8,82.7,11.5,0,261.0,8.51,18.6,1006.9,310.0,5.3,5140.0,8,9.13,-6.65,46.91,68.34,29.41
2023-06-03,"Yangon, Myanmar",Yangon International Airport (VYYY),29.41,25.88,34.47,27.03,83.3,8.24,0,254.0,6.89,7.66,1005.77,195.0,8.0,4705.0,7,8.59,-1.13,34.75,76.58,30.37
2023-06-04,"Yangon, Myanmar",Yangon International Airport (VYYY),30.37,26.25,34.42,26.29,85.2,31.0,0,304.0,12.65,14.89,1005.96,139.0,5.0,3751.0,25,8.17,0.19,50.74,107.58,30.9
2023-06-05,"Yangon, Myanmar",Yangon International Airport (VYYY),30.9,27.45,36.25,27.54,76.5,14.1,0,241.0,10.4,14.21,1006.19,77.0,8.0,3242.0,8,8.8,0.23,53.34,100.24,28.88
2023-06-06,"Yangon, Myanmar",Yangon International Airport (VYYY),28.88,24.57,33.47,25.13,80.3,6.11,0,222.0,11.43,14.48,1011.83,131.0,7.0,3642.0,7,8.9,5.64,51.21,106.35,29.66
2023-06-07,"Yangon, Myanmar",Yangon International Airport (VYYY),29.66,26.89,32.83,27.77,87.6,0.0,0,291.0,10.0,10.55,1008.02,140.0,8.0,5381.0,4,5.94,-3.81,20.21,85.96,28.52
2023-06-08,"Yangon, Myanmar",Yangon International Airport (VYYY),28.52,24.02,33.18,26.36,86.8,6.09,0,227.0,6.03,7.08,1012.03,214.0,6.9,5376.0,7,9.17,4.01,12.2,77.04,29.26
2023-06-09,"Yangon, Myanmar",Yangon International Airport (VYYY),29.26,26.24,34.59,25.57,91.8,,0,176.0,9.45,10.86,1006.8,205.0,5.8,3338.0,8,8.35,-5.23,24.39,83.83,29.36
2023-06-10,"Yangon, Myanmar",Yangon International Airport (VYYY),29.36,25.61,34.69,26.39,87.1,0.0,0,277.0,12.81,20.2,1007.71,67.0,8.0,3881.0,4,9.09,0.91,24.39,75.6,31.48
2023-06-11,"Yangon, Myanmar",Yangon International Airport (VYYY),31.48,28.06,35.82,27.44,86.8,22.71,0,223.0,6.57,10.27,1009.32,66.0,7.6,3404.0,8,7.75,1.61,41.01,67.3,28.34
2023-06-12,"Yangon, Myanmar",Yangon International Airport (VYYY),28.34,25.05,32.4,25.57,,9.2,0,298.0,11.47,13.82,1010.13,224.0,5.9,4865.0,7,7.35,0.81,31.91,62.41,30.52
2023-06-13,"Yangon, Myanmar",Yangon International Airport (VYYY),30.52,26.36,33.98,28.08,85.2,0.0,0,259.0,11.49,12.25,1006.18,161.0,7.1,5007.0,4,7.62,-3.96,31.91,56.3,30.69
2023-06-14,"Yangon, Myanmar",Yangon International Airport (VYYY),30.69,26.17,35.42,28.24,82.8,0.0,0,275.0,13.05,14.53,1009.35,223.0,6.0,6336.0,3,9.25,3.18,9.2,56.3,29.39
2023-06-15,"Yangon, Myanmar",Yangon International Airport (VYYY),29.39,26.18,34.74,26.37,82.4,0.0,0,236.0,10.02,12.25,1009.91,129.0,7.1,6157.0,4,8.57,0.56,0.0,50.21,30.52
2023-06-16,"Yangon, Myanmar",Yangon International Airport (VYYY),30.52,26.92,36.09,27.99,87.4,8.54,0,253.0,9.76,12.76,1005.66,229.0,5.0,7376.0,7,9.17,-4.25,8.54,40.44,30.52
2023-06-17,"Yangon, Myanmar",Yangon International Airport (VYYY),30.52,26.98,36.53,28.36,83.2,15.56,0,182.0,11.47,13.82,1007.78,305.0,8.0,4865.0,8,9.54,2.12,24.1,56.01,28.91
2023-06-18,"Yangon, Myanmar",Yangon International Airport (VYYY),28.91,25.37,34.7,24.92,83.9,0.0,0,211.0,4.93,7.3,1006.73,247.0,6.4,5199.0,4,9.33,-1.05,24.1,33.3,29.52
2023-06-19,"Yangon, Myanmar",Yangon International Airport (VYYY),29.52,25.36,33.43,25.67,84.7,25.98,0,162.0,10.6,10.7,1009.77,238.0,6.6,3578.0,8,8.07,3.05,41.54,50.08,29.84
2023-06-20,"Yangon, Myanmar",Yangon International Airport (VYYY),29.84,25.23,33.2,25.0,90.1,7.27,0,319.0,8.68,25.27,1009.11,179.0,7.7,3842.0,7,7.97,-0.67,33.25,57.35,29.64
2023-06-21,"Yangon, Myanmar",Yangon International Airport (VYYY),29.64,25.71,34.68,27.48,86.8,0.0,0,300.0,8.9,11.76,1007.49,161.0,6.2,5800.0,4,8.97,-1.62,33.25,57.35,28.27
2023-06-22,"Yangon, Myanmar",Yangon International Airport (VYYY),28.27,25.12,34.07,25.19,88.0,0.0,0,358.0,7.92,8.09,1008.88,276.0,5.2,5539.0,3,8.95,1.39,7.27,57.35,29.58
2023-06-23,"Yangon, Myanmar",Yangon International Airport (VYYY),29.58,25.48,34.51,26.74,81.5,0.0,0,268.0,9.54,12.09,1007.42,160.0,7.0,6327.0,4,9.03,-1.46,0.0,48.81,31.42
2023-06-24,"Yangon, Myanmar",Yangon International Airport (VYYY),31.42,27.93,36.52,28.26,82.4,14.45,0,304.0,9.78,10.84,1009.76,162.0,8.0,6385.0,8,8.58,2.34,14.45,47.7,30.9
2023-06-25,"Yangon, Myanmar",Yangon International Airport (VYYY),30.9,27.39,36.17,27.91,83.0,0.0,0,306.0,8.81,9.16,1009.98,190.0,7.4,5440.0,4,8.78,0.22,14.45,47.7,30.01
2023-06-26,"Yangon, Myanmar",Yangon International Airport (VYYY),30.01,27.11,35.09,27.88,79.6,0.0,0,286.0,8.97,9.98,1004.96,177.0,7.3,4460.0,4,7.98,-5.01,14.45,21.72,30.0
2023-06-27,"Yangon, Myanmar",Yangon International Airport (VYYY),30.0,26.27,35.82,26.09,90.9,0.0,0,204.0,7.7,16.34,1005.74,287.0,7.2,7395.0,4,9.56,0.78,0.0,14.45,32.96
2023-06-28,"Yangon, Myanmar",Yangon International Airport (VYYY),32.96,28.89,36.56,28.94,81.0,5.69,0,252.0,15.71,16.79,1006.32,320.0,4.4,4997.0,7,7.67,0.58,5.69,20.13,29.38
2023-06-29,"Yangon, Myanmar",Yangon International Airport (VYYY),29.38,25.08,34.87,25.54,84.0,5.29,0,260.0,10.34,12.13,1006.41,145.0,8.0,5924.0,7,9.79,0.08,10.98,25.43,30.64
2023-06-30,"Yangon, Myanmar",Yangon International Airport (VYYY),30.64,28.0,35.57,28.53,87.0,11.16,0,225.0,8.58,9.68,1010.9,367.0,6.4,5078.0,8,7.58,4.49,22.14,36.59,29.51
2023-07-01,"Yangon, Myanmar",Yangon International Airport (VYYY),29.51,25.79,35.9,27.03,90.9,0.0,0,246.0,7.17,14.47,1006.81,198.0,5.6,6605.0,3,10.12,-4.09,16.45,22.14,30.15
2023-07-02,"Yangon, Myanmar",Yangon International Airport (VYYY),30.15,25.99,33.93,27.07,83.4,20.89,0,259.0,10.45,12.36,1006.01,392.0,5.5,5182.0,8,7.94,-0.79,32.05,43.03,31.32
2023-07-03,"Yangon, Myanmar",Yangon International Airport (VYYY),31.32,28.03,35.9,27.92,81.5,0.0,0,258.0,8.43,10.38,1004.73,200.0,7.1,6774.0,4,7.87,-1.28,20.89,43.03,31.61
2023-07-04,"Yangon, Myanmar",Yangon International Airport (VYYY),31.61,27.78,35.6,29.74,77.4,33.84,0,252.0,11.41,12.56,1005.68,207.0,,2587.0,25,7.82,0.94,54.73,76.87,30.32
2023-07-05,"Yangon, Myanmar",Yangon International Airport (VYYY),30.32,26.78,35.29,27.72,76.8,28.32,0,227.0,10.37,11.99,1003.72,96.0,7.2,3396.0,8,8.52,-1.96,62.16,99.5,28.67
2023-07-06,"Yangon, Myanmar",Yangon International Airport (VYYY),28.67,25.53,33.68,26.15,82.8,0.0,0,270.0,4.78,7.31,1012.37,318.0,5.5,6841.0,3,8.15,8.65,62.16,94.21,30.53
2023-07-07,"Yangon, Myanmar",Yangon International Airport (VYYY),30.53,27.36,36.38,27.79,90.5,0.0,0,181.0,9.86,,1004.28,170.0,5.4,5338.0,3,9.02,-8.08,28.32,83.05,30.93
2023-07-08,"Yangon, Myanmar",Yangon International Airport (VYYY),30.93,26.92,36.31,27.32,81.6,19.27,0,267.0,12.44,13.19,1008.19,233.0,7.4,4186.0,8,9.39,3.91,19.27,102.32,29.91
2023-07-09,"Yangon, Myanmar",Yangon International Airport (VYYY),29.91,26.68,35.81,26.95,86.1,11.18,0,267.0,7.99,10.94,1006.67,244.0,6.7,4869.0,8,9.13,-1.52,30.46,92.62,30.46
2023-07-10,"Yangon, Myanmar",Yangon International Airport (VYYY),30.46,26.1,35.78,26.85,82.0,0.0,0,276.0,5.34,6.05,1003.94,267.0,,7073.0,3,9.68,-2.73,30.46,92.62,31.41
2023-07-11,"Yangon, Myanmar",Yangon International Airport (VYYY),31.41,28.24,36.35,28.4,87.7,0.0,0,212.0,9.49,10.31,1008.06,299.0,5.9,5709.0,3,8.11,4.11,11.18,58.77,31.4
2023-07-12,"Yangon, Myanmar",Yangon International Airport (VYYY),31.4,28.04,36.62,29.04,74.3,0.0,0,253.0,9.75,10.71,1009.81,219.0,6.2,6132.0,4,8.58,1.76,0.0,30.46,31.2
2023-07-13,"Yangon, Myanmar",Yangon International Airport (VYYY),31.2,27.25,36.48,28.15,85.8,16.83,0,299.0,9.89,13.0,1007.23,296.0,7.6,5547.0,8,9.22,-2.58,16.83,47.29,30.27
2023-07-14,"Yangon, Myanmar",Yangon International Airport (VYYY),30.27,26.24,35.11,25.81,82.7,6.07,0,193.0,8.3,16.9,1012.67,183.0,5.6,6221.0,7,8.87,5.43,22.91,53.36,31.07
2023-07-15,"Yangon, Myanmar",Yangon International Airport (VYYY),31.07,28.19,34.98,28.22,83.3,11.1,0,,5.39,9.9,1005.7,236.0,8.0,5397.0,8,6.8,-6.96,34.0,45.19,28.96
2023-07-16,"Yangon, Myanmar",Yangon International Airport (VYYY),28.96,25.47,34.63,25.22,68.8,0.0,0,208.0,6.27,11.24,1008.01,92.0,8.0,5684.0,4,9.16,2.31,17.17,34.0,31.26
2023-07-17,"Yangon, Myanmar",Yangon International Airport (VYYY),31.26,28.14,36.14,27.97,83.4,0.0,0,230.0,7.54,9.81,1009.44,209.0,5.2,6487.0,3,7.99,1.42,11.1,34.0,30.96
2023-07-18,"Yangon, Myanmar",Yangon International Airport (VYYY),30.96,26.75,35.1,28.68,78.0,0.0,0,314.0,5.98,12.79,1004.79,330.0,7.6,8199.0,4,8.35,-4.64,0.0,34.0,29.91
2023-07-19,"Yangon, Myanmar",Yangon International Airport (VYYY),29.91,26.18,35.14,28.33,77.4,11.75,0,216.0,8.27,8.47,1006.95,198.0,5.8,4993.0,8,8.96,2.16,11.75,45.75,31.04
2023-07-20,"Yangon, Myanmar",Yangon International Airport (VYYY),31.04,27.75,36.69,27.11,83.7,8.53,0,233.0,13.21,16.11,1008.94,238.0,6.2,6685.0,7,8.93,1.99,20.27,37.45,30.52
2023-07-21,"Yangon, Myanmar",Yangon International Airport (VYYY),30.52,27.52,35.24,26.72,91.5,9.43,0,246.0,9.21,10.05,1008.0,283.0,7.4,5539.0,7,7.72,-0.94,29.71,40.81,30.56
2023-07-22,"Yangon, Myanmar",Yangon International Airport (VYYY),30.56,26.83,35.49,28.35,83.7,0.0,0,212.0,7.0,7.16,1009.62,184.0,6.3,6643.0,4,8.66,1.62,17.96,29.71,33.77
2023-07-23,"Yangon, Myanmar",Yangon International Airport (VYYY),33.77,29.52,38.28,31.96,77.5,0.0,0,248.0,10.14,10.78,1005.34,338.0,6.7,5037.0,4,8.76,-4.29,9.43,29.71,32.83
2023-07-24,"Yangon, Myanmar",Yangon International Airport (VYYY),32.83,29.72,38.05,29.87,86.9,0.0,0,183.0,7.29,8.12,1006.24,151.0,6.2,6849.0,4,8.33,0.9,0.0,29.71,30.26
2023-07-25,"Yangon, Myanmar",Yangon International Airport (VYYY),30.26,26.63,34.94,26.56,74.5,0.0,0,249.0,12.68,13.32,1004.98,276.0,6.5,6051.0,4,8.31,-1.26,0.0,29.71,31.8
2023-07-26,"Yangon, Myanmar",Yangon International Airport (VYYY),31.8,27.69,36.58,27.75,76.8,5.83,0,294.0,7.64,10.89,1007.41,370.0,6.2,6937.0,7,8.88,2.43,5.83,23.79,30.31
2023-07-27,"Yangon, Myanmar",Yangon International Airport (VYYY),30.31,27.02,34.51,25.44,86.1,7.59,0,256.0,9.55,9.84,1007.23,388.0,5.4,6362.0,7,7.49,-0.18,13.42,22.85,29.54
2023-07-28,"Yangon, Myanmar",Yangon International Airport (VYYY),29.54,25.75,33.82,26.82,74.2,0.0,0,232.0,5.58,8.15,1007.06,283.0,4.6,8696.0,3,8.07,-0.17,13.42,13.42,29.93
2023-07-29,"Yangon, Myanmar",Yangon International Airport (VYYY),29.93,25.92,33.52,27.17,87.6,0.0,0,148.0,11.37,17.41,1007.68,299.0,6.7,5988.0,4,7.6,0.62,7.59,13.42,29.47
2023-07-30,"Yangon, Myanmar",Yangon International Airport (VYYY),29.47,25.43,32.88,26.77,72.3,2.12,0,296.0,7.05,13.02,1001.87,316.0,6.7,7250.0,7,7.45,-5.82,2.12,15.53,30.35
2023-07-31,"Yangon, Myanmar",Yangon International Airport (VYYY),30.35,26.2,34.66,25.89,72.4,10.85,0,260.0,6.75,7.5,1003.3,420.0,4.5,5694.0,8,8.46,1.44,12.97,26.38,29.73
2023-08-01,"Yangon, Myanmar",Yangon International Airport (VYYY),29.73,25.93,34.77,27.69,79.8,0.0,0,302.0,7.13,13.0,1008.25,322.0,5.2,6091.0,3,8.84,4.95,12.97,26.38,28.69
2023-08-02,"Yangon, Myanmar",Yangon International Airport (VYYY),28.69,24.33,33.42,25.04,74.6,0.0,0,205.0,8.24,8.63,1005.32,350.0,3.3,7504.0,1,9.09,-2.94,10.85,20.56,31.43
2023-08-03,"Yangon, Myanmar",Yangon International Airport (VYYY),31.43,27.79,37.47,28.42,75.7,0.0,0,172.0,8.51,9.3,1009.46,280.0,5.6,6736.0,3,9.67,4.14,0.0,12.97,30.05
2023-08-04,"Yangon, Myanmar",Yangon International Airport (VYYY),30.05,26.24,35.14,27.0,74.6,16.88,0,224.0,9.21,9.63,1004.76,339.0,5.9,5562.0,8,8.9,-4.69,16.88,29.85,29.69
2023-08-05,"Yangon, Myanmar",Yangon International Airport (VYYY),29.69,26.11,34.7,26.89,83.0,0.0,0,221.0,8.78,12.92,1009.95,483.0,5.8,6554.0,3,8.6,5.19,16.88,29.85,30.14
2023-08-06,"Yangon, Myanmar",Yangon International Airport (VYYY),30.14,26.51,33.59,26.18,82.3,15.16,0,303.0,11.88,13.29,1009.76,370.0,4.5,6708.0,8,7.08,-0.19,32.04,42.9,27.74
2023-08-07,"Yangon, Myanmar",Yangon International Airport (VYYY),27.74,23.74,32.47,23.74,81.3,0.0,0,300.0,7.41,15.2,1007.71,448.0,2.4,6787.0,1,8.73,-2.05,15.16,32.04,30.1
2023-08-08,"Yangon, Myanmar",Yangon International Airport (VYYY),30.1,26.07,35.02,28.08,79.2,0.0,0,349.0,6.13,8.68,1005.8,296.0,4.7,8050.0,3,8.95,-1.91,15.16,32.04,32.31
2023-08-09,"Yangon, Myanmar",Yangon International Airport (VYYY),32.31,27.33,37.17,28.6,72.4,0.0,0,266.0,7.29,13.75,1009.9,319.0,4.1,7166.0,3,9.84,4.1,0.0,32.04,31.05
2023-08-10,"Yangon, Myanmar",Yangon International Airport (VYYY),31.05,28.05,36.55,26.7,78.7,10.38,0,266.0,9.75,13.92,,193.0,5.2,6534.0,8,8.5,-0.23,10.38,42.42,30.7
2023-08-11,"Yangon, Myanmar",Yangon International Airport (VYYY),30.7,27.18,36.39,27.05,71.7,0.0,0,286.0,7.82,10.49,1009.5,472.0,4.4,6878.0,3,9.21,-0.16,10.38,25.54,30.79
2023-08-12,"Yangon, Myanmar",Yangon International Airport (VYYY),30.79,26.57,35.98,26.9,88.3,8.59,0,204.0,8.87,14.33,1007.7,,5.5,5608.0,7,9.41,-1.8,18.97,34.13,28.41
2023-08-13,"Yangon, Myanmar",Yangon International Airport (VYYY),28.41,24.85,33.17,24.74,80.3,0.0,0,199.0,9.15,10.73,1009.47,396.0,3.6,7807.0,1,8.32,1.76,8.59,18.97,30.02
2023-08-14,"Yangon, Myanmar",Yangon International Airport (VYYY),30.02,25.77,34.91,25.61,73.5,5.85,0,212.0,9.94,11.83,1008.42,348.0,3.5,6139.0,7,9.14,-1.05,14.44,24.82,30.65
2023-08-15,"Yangon, Myanmar",Yangon International Airport (VYYY),30.65,25.91,35.26,29.04,84.8,4.07,0,202.0,9.1,10.32,1006.68,354.0,5.5,7113.0,7,9.35,-1.74,9.92,28.89,27.05
2023-08-16,"Yangon, Myanmar",Yangon International Airport (VYYY),27.05,23.01,31.06,23.99,86.5,0.0,0,231.0,10.48,12.13,1008.28,343.0,5.7,6990.0,3,8.05,1.6,9.92,28.89,30.56
2023-08-17,"Yangon, Myanmar",Yangon International Airport (VYYY),30.56,26.66,36.33,27.91,80.9,0.0,0,259.0,8.42,11.33,1006.64,492.0,1.7,7622.0,1,9.67,-1.64,4.07,18.51,30.01
2023-08-18,"Yangon, Myanmar",Yangon International Airport (VYYY),30.01,26.33,34.55,28.17,73.7,17.34,0,235.0,5.54,8.29,1008.03,506.0,6.3,6344.0,8,8.22,1.39,17.34,35.85,29.74
2023-08-19,"Yangon, Myanmar",Yangon International Airport (VYYY),29.74,26.38,35.34,27.23,81.2,15.77,0,270.0,9.9,13.3,1005.58,373.0,4.6,7496.0,8,8.95,-2.45,33.11,43.03,28.08
2023-08-20,"Yangon, Myanmar",Yangon International Airport (VYYY),28.08,24.57,32.84,25.96,74.6,5.06,0,243.0,11.86,12.37,1007.77,460.0,3.3,7465.0,7,8.28,2.19,38.16,48.08,30.57
2023-08-21,"Yangon, Myanmar",Yangon International Airport (VYYY),30.57,27.17,36.17,28.22,84.1,0.0,0,234.0,6.91,14.65,1004.88,417.0,4.8,7867.0,3,9.0,-2.89,20.83,42.24,31.38
2023-08-22,"Yangon, Myanmar",Yangon International Airport (VYYY),31.38,27.65,36.13,26.52,75.4,0.0,0,250.0,7.61,8.37,1008.49,328.0,5.1,7955.0,3,8.48,3.61,5.06,38.16,28.86
2023-08-23,"Yangon, Myanmar",Yangon International Airport (VYYY),28.86,25.3,34.77,25.49,71.1,21.13,0,198.0,6.54,8.87,1010.96,356.0,,4918.0,8,9.47,2.47,21.13,59.29,29.99
2023-08-24,"Yangon, Myanmar",Yangon International Airport (VYYY),29.99,26.21,34.69,27.1,78.3,22.0,0,199.0,9.48,10.6,1007.44,274.0,3.0,6088.0,8,8.48,-3.52,43.13,81.3,32.76
2023-08-25,"Yangon, Myanmar",Yangon International Airport (VYYY),32.76,28.04,38.02,30.97,82.3,0.0,0,135.0,10.43,17.0,1009.16,232.0,3.9,10299.0,1,9.97,1.71,43.13,63.96,30.34
2023-08-26,"Yangon, Myanmar",Yangon International Airport (VYYY),30.34,26.85,34.77,26.98,70.4,0.0,0,188.0,11.97,14.88,1008.06,513.0,3.0,9247.0,1,7.92,-1.1,22.0,48.19,28.81
2023-08-27,"Yangon, Myanmar",Yangon International Airport (VYYY),28.81,25.03,34.37,25.55,71.3,0.0,0,198.0,9.09,9.59,1006.67,430.0,3.2,7596.0,1,9.33,-1.39,0.0,43.13,30.63
2023-08-28,"Yangon, Myanmar",Yangon International Airport (VYYY),30.63,26.9,35.57,27.17,73.9,0.0,0,152.0,9.85,11.13,1006.37,347.0,3.6,8799.0,1,8.67,-0.3,0.0,43.13,28.33
2023-08-29,"Yangon, Myanmar",Yangon International Airport (VYYY),28.33,24.41,33.88,25.52,72.3,0.0,0,209.0,9.24,14.17,1008.47,415.0,3.0,8698.0,1,9.48,2.1,0.0,43.13,30.41
2023-08-30,"Yangon, Myanmar",Yangon International Airport (VYYY),30.41,27.0,35.51,27.35,79.4,0.0,0,173.0,9.91,9.97,1008.38,364.0,3.3,8714.0,1,8.51,-0.09,0.0,22.0,29.86
2023-08-31,"Yangon, Myanmar",Yangon International Airport (VYYY),29.86,25.89,34.34,25.87,68.7,0.0,0,247.0,11.38,13.53,1010.3,462.0,4.9,8275.0,3,8.45,1.92,0.0,0.0,28.92
2023-09-01,"Yangon, Myanmar",Yangon International Airport (VYYY),28.92,25.57,33.99,25.91,70.6,0.0,0,229.0,5.59,18.06,1013.38,250.0,3.7,10167.0,1,8.42,3.08,0.0,0.0,29.59
2023-09-02,"Yangon, Myanmar",Yangon International Airport (VYYY),29.59,25.44,34.21,25.73,69.6,0.0,0,216.0,10.92,11.86,1007.34,424.0,4.4,8248.0,3,8.77,-6.04,0.0,0.0,29.07
2023-09-03,"Yangon, Myanmar",Yangon International Airport (VYYY),29.07,26.27,34.5,25.91,72.0,0.0,0,163.0,7.6,12.4,1012.33,318.0,3.0,10184.0,1,8.23,4.98,0.0,0.0,28.48
2023-09-04,"Yangon, Myanmar",Yangon International Airport (VYYY),28.48,24.67,34.49,25.55,68.9,0.0,0,192.0,7.49,8.06,1010.44,564.0,1.5,11522.0,1,9.82,-1.88,0.0,0.0,29.14
2023-09-05,"Yangon, Myanmar",Yangon International Airport (VYYY),29.14,24.91,33.15,28.36,76.9,0.64,0,320.0,7.79,13.61,1007.83,304.0,1.0,10520.0,7,8.24,-2.61,0.64,0.64,27.22
2023-09-06,"Yangon, Myanmar",Yangon International Airport (VYYY),27.22,23.62,30.81,22.66,63.1,0.0,0,205.0,6.0,8.9,1011.08,406.0,3.5,9155.0,1,7.19,3.25,0.64,0.64,29.43
2023-09-07,"Yangon, Myanmar",Yangon International Airport (VYYY),29.43,26.36,35.12,24.74,80.5,17.22,0,298.0,9.01,12.3,1009.33,467.0,1.3,7162.0,8,8.76,-1.75,17.86,17.86,27.48
2023-09-08,"Yangon, Myanmar",Yangon International Airport (VYYY),27.48,23.41,32.68,24.33,69.2,0.0,0,175.0,5.71,5.9,1006.46,381.0,2.1,11714.0,1,9.27,-2.87,17.22,17.86,29.39
2023-09-09,"Yangon, Myanmar",Yangon International Airport (VYYY),29.39,24.54,34.51,25.81,78.9,0.0,0,193.0,7.47,9.2,1008.24,391.0,4.0,9949.0,3,9.97,1.78,17.22,17.86,28.81
2023-09-10,"Yangon, Myanmar",Yangon International Airport (VYYY),28.81,24.76,33.18,29.3,73.6,0.0,0,295.0,5.87,7.23,1011.22,539.0,2.2,10183.0,1,8.42,2.99,0.0,17.86,27.93
2023-09-11,"Yangon, Myanmar",Yangon International Airport (VYYY),27.93,23.38,31.3,26.08,76.6,0.0,0,175.0,6.35,8.61,1011.59,441.0,2.4,9691.0,1,7.92,0.37,0.0,17.86,27.31
2023-09-12,"Yangon, Myanmar",Yangon International Airport (VYYY),27.31,22.99,32.27,23.62,73.5,0.0,0,243.0,5.71,11.29,1007.42,399.0,0.0,9393.0,1,9.28,-4.17,0.0,17.22,28.3
2023-09-13,"Yangon, Myanmar",Yangon International Airport (VYYY),28.3,24.2,32.74,24.68,73.5,0.0,0,245.0,9.52,14.21,1007.17,487.0,2.4,9818.0,1,8.54,-0.25,0.0,17.22,27.41
2023-09-14,"Yangon, Myanmar",Yangon International Airport (VYYY),27.41,22.93,32.44,24.02,75.2,0.0,0,162.0,5.9,7.14,1006.48,476.0,0.1,8644.0,1,9.52,-0.69,0.0,0.0,31.32
2023-09-15,"Yangon, Myanmar",Yangon International Airport (VYYY),31.32,27.79,35.51,27.72,75.2,0.0,0,221.0,2.04,2.37,1004.69,536.0,0.6,9067.0,1,7.72,-1.79,0.0,0.0,29.59
2023-09-16,"Yangon, Myanmar",Yangon International Airport (VYYY),29.59,25.74,35.16,26.96,76.4,0.0,0,201.0,8.0,12.93,1010.55,466.0,1.1,10018.0,1,9.42,5.87,0.0,0.0,28.41
2023-09-17,"Yangon, Myanmar",Yangon International Airport (VYYY),28.41,25.1,33.81,25.29,73.4,0.0,0,196.0,10.99,14.79,1006.54,419.0,2.0,10989.0,1,8.72,-4.01,0.0,0.0,28.13
2023-09-18,"Yangon, Myanmar",Yangon International Airport (VYYY),28.13,24.46,32.02,23.14,78.7,0.0,0,171.0,6.82,7.45,1008.24,457.0,2.6,10445.0,1,7.56,1.7,0.0,0.0,28.35
2023-09-19,"Yangon, Myanmar",Yangon International Airport (VYYY),28.35,24.27,33.6,24.01,67.9,0.0,0,156.0,7.24,9.53,1010.4,546.0,2.2,9598.0,1,9.32,2.16,0.0,0.0,27.96
2023-09-20,"Yangon, Myanmar",Yangon International Airport (VYYY),27.96,24.11,33.62,24.12,75.1,0.0,0,214.0,6.93,9.98,1006.71,626.0,0.0,10461.0,1,9.5,-3.7,0.0,0.0,27.91
2023-09-21,"Yangon, Myanmar",Yangon International Airport (VYYY),27.91,23.5,32.69,24.13,76.0,0.0,0,220.0,8.37,15.25,1009.3,513.0,2.2,9113.0,1,9.19,2.59,0.0,0.0,26.85
2023-09-22,"Yangon, Myanmar",Yangon International Airport (VYYY),26.85,22.99,32.43,24.67,74.8,0.0,0,209.0,8.55,9.86,1009.02,472.0,1.6,8954.0,1,9.44,-0.28,0.0,0.0,27.16
2023-09-23,"Yangon, Myanmar",Yangon International Airport (VYYY),27.16,23.71,30.79,23.59,71.5,0.0,0,220.0,8.67,10.21,1010.19,417.0,3.8,10323.0,1,7.08,1.18,0.0,0.0,28.56
2023-09-24,"Yangon, Myanmar",Yangon International Airport (VYYY),28.56,24.63,32.13,26.36,79.6,0.0,0,200.0,8.64,9.95,1009.5,381.0,3.1,9573.0,1,7.5,-0.7,0.0,0.0,30.22
2023-09-25,"Yangon, Myanmar",Yangon International Airport (VYYY),30.22,25.98,36.07,26.39,66.0,0.0,0,210.0,5.99,8.87,1007.65,504.0,2.4,9950.0,1,10.09,-1.85,0.0,0.0,28.61
2023-09-26,"Yangon, Myanmar",Yangon International Airport (VYYY),28.61,24.2,33.67,25.21,79.4,0.0,0,198.0,6.57,9.94,1009.79,394.0,2.4,10507.0,1,9.47,2.14,0.0,0.0,27.55
2023-09-27,"Yangon, Myanmar",Yangon International Airport (VYYY),27.55,23.93,32.54,24.47,71.9,0.0,0,291.0,9.59,10.36,1009.79,432.0,2.0,10304.0,1,8.61,0.0,0.0,0.0,28.88
2023-09-28,"Yangon, Myanmar",Yangon International Airport (VYYY),28.88,24.97,33.91,25.76,72.5,0.0,0,145.0,6.93,10.8,1009.85,454.0,2.0,10156.0,1,8.94,0.05,0.0,0.0,30.0
2023-09-29,"Yangon, Myanmar",Yangon International Airport (VYYY),30.0,25.52,33.91,27.4,74.2,0.0,0,177.0,4.68,8.61,1008.27,568.0,0.0,11316.0,1,8.39,-1.58,0.0,0.0,27.79
2023-09-30,"Yangon, Myanmar",Yangon International Airport (VYYY),27.79,24.22,32.49,24.67,77.6,0.0,0,187.0,6.54,9.53,1009.34,,3.1,8859.0,1,8.27,1.08,0.0,0.0,27.32
2023-10-01,"Yangon, Myanmar",Yangon International Airport (VYYY),27.32,23.74,31.6,23.29,78.1,0.0,0,219.0,5.34,6.22,1010.49,495.0,3.4,9562.0,1,7.86,1.15,0.0,0.0,28.52
2023-10-02,"Yangon, Myanmar",Yangon International Airport (VYYY),28.52,24.5,33.97,25.06,67.3,0.0,0,242.0,9.27,9.76,1008.86,502.0,2.9,9409.0,1,9.47,-1.63,0.0,0.0,26.65
2023-10-03,"Yangon, Myanmar",Yangon International Airport (VYYY),26.65,23.28,31.55,23.61,82.6,0.0,0,161.0,11.13,12.18,1009.5,510.0,3.5,8227.0,1,8.27,0.64,0.0,0.0,30.37
2023-10-04,"Yangon, Myanmar",Yangon International Airport (VYYY),30.37,26.53,36.12,28.15,69.2,0.0,0,234.0,11.9,12.3,1008.85,604.0,1.0,9774.0,1,9.59,-0.65,0.0,0.0,28.79
2023-10-05,"Yangon, Myanmar",Yangon International Airport (VYYY),28.79,24.7,33.94,25.48,75.5,0.0,0,185.0,7.38,7.74,1007.95,428.0,1.4,10392.0,1,9.24,-0.91,0.0,0.0,28.14
2023-10-06,"Yangon, Myanmar",Yangon International Airport (VYYY),28.14,24.91,33.66,23.79,81.5,0.0,0,260.0,5.4,5.91,1010.55,449.0,1.4,8538.0,1,8.75,2.6,0.0,0.0,28.21
2023-10-07,"Yangon, Myanmar",Yangon International Airport (VYYY),28.21,24.6,32.77,26.6,71.7,0.0,0,158.0,8.23,10.5,1008.94,567.0,1.6,8281.0,1,8.17,-1.61,0.0,0.0,28.14
2023-10-08,"Yangon, Myanmar",Yangon International Airport (VYYY),28.14,24.88,32.91,25.93,70.5,0.0,0,220.0,8.39,10.8,1009.6,611.0,3.1,10128.0,1,8.03,0.67,0.0,0.0,28.98
2023-10-09,"Yangon, Myanmar",Yangon International Airport (VYYY),28.98,25.32,32.3,25.25,73.4,0.0,0,229.0,8.34,10.15,1012.48,478.0,3.4,9875.0,1,6.98,2.88,0.0,0.0,26.77
2023-10-10,"Yangon, Myanmar",Yangon International Airport (VYYY),26.77,23.08,32.52,22.5,73.9,0.0,0,230.0,5.54,6.29,1009.69,353.0,1.2,9871.0,1,9.44,-2.79,0.0,0.0,29.83
2023-10-11,"Yangon, Myanmar",Yangon International Airport (VYYY),29.83,26.34,35.21,25.26,75.1,0.0,0,262.0,7.07,24.1,1007.12,542.0,3.2,9158.0,1,8.87,-2.56,0.0,0.0,27.67
2023-10-12,"Yangon, Myanmar",Yangon International Airport (VYYY),27.67,23.57,30.71,25.49,67.6,0.0,0,146.0,8.66,9.22,1014.77,468.0,1.6,8663.0,1,7.14,7.64,0.0,0.0,28.47
2023-10-13,"Yangon, Myanmar",Yangon International Airport (VYYY),28.47,24.71,33.82,23.74,72.5,0.0,0,152.0,4.64,5.1,1010.51,502.0,1.6,9808.0,1,9.11,-4.26,0.0,0.0,26.58
2023-10-14,"Yangon, Myanmar",Yangon International Airport (VYYY),26.58,22.87,32.16,24.65,73.8,0.0,0,190.0,10.0,13.09,1007.39,389.0,3.0,10051.0,1,9.29,-3.11,0.0,0.0,28.11
2023-10-15,"Yangon, Myanmar",Yangon International Airport (VYYY),28.11,24.03,32.59,,73.3,0.0,0,216.0,7.05,7.7,1011.43,591.0,3.5,9330.0,1,8.56,4.04,0.0,0.0,26.55
2023-10-16,"Yangon, Myanmar",Yangon International Airport (VYYY),26.55,22.53,31.73,23.85,65.3,0.0,0,214.0,6.69,7.79,1010.46,517.0,2.6,8865.0,1,9.2,-0.98,0.0,0.0,27.08
2023-10-17,"Yangon, Myanmar",Yangon International Airport (VYYY),27.08,23.21,31.3,24.4,76.0,0.0,0,220.0,5.85,6.39,1006.58,469.0,2.8,10660.0,1,8.09,-3.87,0.0,0.0,28.47
2023-10-18,"Yangon, Myanmar",Yangon International Airport (VYYY),28.47,25.46,33.26,24.31,74.3,0.0,0,213.0,8.6,17.64,1012.54,517.0,2.7,8931.0,1,7.8,5.96,0.0,0.0,26.79
2023-10-19,"Yangon, Myanmar",Yangon International Airport (VYYY),26.79,22.2,31.5,23.62,78.5,0.0,0,263.0,3.63,11.3,1009.19,531.0,0.7,10518.0,1,9.3,-3.35,0.0,0.0,25.4
2023-10-20,"Yangon, Myanmar",Yangon International Airport (VYYY),25.4,21.4,30.41,24.04,76.4,0.0,0,150.0,9.39,11.62,1009.23,569.0,3.4,9855.0,1,9.01,0.04,0.0,0.0,26.71
2023-10-21,"Yangon, Myanmar",Yangon International Airport (VYYY),26.71,23.86,30.73,23.71,71.2,0.0,0,185.0,9.74,10.08,1011.08,,3.8,9911.0,1,6.87,1.85,0.0,0.0,28.33
2023-10-22,"Yangon, Myanmar",Yangon International Airport (VYYY),28.33,23.92,32.27,24.52,73.0,0.0,0,145.0,7.0,13.48,1011.8,442.0,2.0,9921.0,1,8.35,0.72,0.0,0.0,27.36
2023-10-23,"Yangon, Myanmar",Yangon International Airport (VYYY),27.36,23.9,32.84,22.7,78.0,6.16,0,186.0,5.58,7.26,1014.39,513.0,1.8,8931.0,7,8.94,2.59,6.16,6.16,27.22
2023-10-24,"Yangon, Myanmar",Yangon International Airport (VYYY),27.22,23.39,31.32,25.22,85.0,0.0,0,206.0,7.06,7.93,1008.31,482.0,2.0,10858.0,1,7.94,-6.08,6.16,6.16,27.17
2023-10-25,"Yangon, Myanmar",Yangon International Airport (VYYY),27.17,23.02,32.23,24.44,74.9,0.0,0,193.0,9.07,12.58,1008.47,504.0,0.0,9980.0,1,9.21,0.16,6.16,6.16,24.86
2023-10-26,"Yangon, Myanmar",Yangon International Airport (VYYY),24.86,21.29,29.46,22.64,78.6,0.0,0,163.0,8.63,11.97,1012.46,344.0,1.7,8790.0,1,8.17,4.0,0.0,6.16,26.67
2023-10-27,"Yangon, Myanmar",Yangon International Airport (VYYY),26.67,22.31,32.42,23.22,90.6,0.0,0,228.0,6.85,,1012.05,356.0,3.9,10230.0,1,10.11,-0.42,0.0,6.16,28.27
2023-10-28,"Yangon, Myanmar",Yangon International Airport (VYYY),28.27,24.99,32.74,26.6,70.4,0.0,0,213.0,7.63,9.34,1012.42,429.0,3.4,10438.0,1,7.74,0.37,0.0,6.16,27.64
2023-10-29,"Yangon, Myanmar",Yangon International Airport (VYYY),27.64,25.22,32.27,23.7,72.6,0.0,0,90.0,9.33,13.42,1012.02,355.0,2.8,9463.0,1,7.05,-0.4,0.0,6.16,27.3
2023-10-30,"Yangon, Myanmar",Yangon International Airport (VYYY),27.3,24.26,31.7,22.48,84.9,0.0,0,213.0,9.83,13.23,1008.52,449.0,3.3,10773.0,1,7.44,-3.5,0.0,0.0,27.02
2023-10-31,"Yangon, Myanmar",Yangon International Airport (VYYY),27.02,22.9,31.9,24.76,80.0,0.0,0,253.0,9.97,13.7,1012.35,611.0,1.8,11920.0,1,9.0,3.83,0.0,0.0,26.75
2023-11-01,"Yangon, Myanmar",Yangon International Airport (VYYY),26.75,22.93,31.4,24.41,78.4,0.0,0,183.0,7.98,11.09,1012.82,,1.6,8666.0,1,8.47,0.47,0.0,0.0,25.89
2023-11-02,"Yangon, Myanmar",Yangon International Airport (VYYY),25.89,21.62,31.33,23.38,92.6,0.0,0,245.0,8.6,12.61,1008.66,483.0,0.1,8810.0,1,9.71,-4.16,0.0,0.0,25.06
2023-11-03,"Yangon, Myanmar",Yangon International Airport (VYYY),25.06,21.35,30.61,21.71,74.1,0.0,0,196.0,9.93,12.79,1013.04,402.0,2.5,11058.0,1,9.26,4.37,0.0,0.0,25.72
2023-11-04,"Yangon, Myanmar",Yangon International Airport (VYYY),25.72,21.91,30.41,22.35,83.6,0.0,0,202.0,4.72,5.1,1010.83,407.0,,10592.0,1,8.5,-2.21,0.0,0.0,25.63
2023-11-05,"Yangon, Myanmar",Yangon International Airport (VYYY),25.63,21.6,29.18,20.59,69.3,0.0,0,224.0,8.19,10.46,1009.34,411.0,2.7,10078.0,1,7.58,-1.49,0.0,0.0,24.52
2023-11-06,"Yangon, Myanmar",Yangon International Airport (VYYY),24.52,19.88,28.87,21.07,78.2,0.0,0,197.0,8.03,10.37,1009.27,453.0,2.7,11216.0,1,8.99,-0.07,0.0,0.0,23.39
2023-11-07,"Yangon, Myanmar",Yangon International Airport (VYYY),23.39,20.09,28.61,18.14,,0.0,0,192.0,6.48,7.24,1015.9,389.0,1.9,9062.0,1,8.51,6.63,0.0,0.0,27.25
2023-11-08,"Yangon, Myanmar",Yangon International Airport (VYYY),27.25,23.65,33.16,24.05,74.8,0.0,0,174.0,6.65,12.73,1009.74,426.0,1.5,8872.0,1,9.52,-6.16,0.0,0.0,25.7
2023-11-09,"Yangon, Myanmar",Yangon International Airport (VYYY),25.7,22.17,30.1,22.3,75.6,0.0,0,224.0,9.72,10.85,1006.76,522.0,2.4,10752.0,1,7.94,-2.98,0.0,0.0,25.06
2023-11-10,"Yangon, Myanmar",Yangon International Airport (VYYY),25.06,21.45,28.81,22.44,73.5,0.0,0,264.0,7.7,16.17,1008.46,496.0,3.6,10350.0,1,7.36,1.7,0.0,0.0,26.12
2023-11-11,"Yangon, Myanmar",Yangon International Airport (VYYY),26.12,21.91,30.7,21.62,86.1,0.0,0,249.0,6.94,9.65,1008.0,521.0,2.1,9836.0,1,8.79,-0.47,0.0,0.0,26.84
2023-11-12,"Yangon, Myanmar",Yangon International Airport (VYYY),26.84,22.59,31.64,23.65,75.0,0.0,0,176.0,7.27,7.69,1017.07,449.0,1.2,9962.0,1,9.06,9.07,0.0,0.0,26.17
2023-11-13,"Yangon, Myanmar",Yangon International Airport (VYYY),26.17,22.81,31.72,23.12,72.3,0.0,0,204.0,6.84,7.68,1010.34,414.0,0.6,8578.0,1,8.91,-6.73,0.0,0.0,25.71
2023-11-14,"Yangon, Myanmar",Yangon International Airport (VYYY),25.71,22.09,30.41,22.6,72.1,0.0,0,211.0,8.27,13.72,1015.49,450.0,2.4,10276.0,1,8.31,5.15,0.0,0.0,25.69
2023-11-15,"Yangon, Myanmar",Yangon International Airport (VYYY),25.69,21.99,29.99,22.59,72.8,0.0,0,239.0,10.17,14.3,1013.6,344.0,3.1,8378.0,1,8.0,-1.89,0.0,0.0,26.7
2023-11-16,"Yangon, Myanmar",Yangon International Airport (VYYY),26.7,22.19,32.51,,75.5,0.0,0,120.0,7.43,12.05,1015.12,325.0,3.2,9453.0,1,10.33,1.52,0.0,0.0,25.49
2023-11-17,"Yangon, Myanmar",Yangon International Airport (VYYY),25.49,21.65,30.13,24.03,81.7,0.0,0,253.0,8.36,10.03,1012.12,647.0,,9433.0,1,8.48,-3.0,0.0,0.0,25.44
2023-11-18,"Yangon, Myanmar",Yangon International Airport (VYYY),25.44,22.34,30.57,21.45,76.2,0.0,0,256.0,10.93,15.04,1012.48,441.0,1.9,11760.0,1,8.22,0.36,0.0,0.0,26.2
2023-11-19,"Yangon, Myanmar",Yangon International Airport (VYYY),26.2,22.23,30.92,21.59,73.7,0.0,0,206.0,7.26,10.05,1014.78,560.0,2.3,9083.0,1,8.69,2.31,0.0,0.0,23.84
2023-11-20,"Yangon, Myanmar",Yangon International Airport (VYYY),23.84,19.37,29.12,19.99,66.5,0.0,0,228.0,3.57,4.12,1013.22,359.0,2.9,9162.0,1,9.75,-1.57,0.0,0.0,26.86
2023-11-21,"Yangon, Myanmar",Yangon International Airport (VYYY),26.86,22.93,31.96,,73.7,0.0,0,211.0,9.55,10.5,1007.65,638.0,1.7,10805.0,1,9.02,-5.56,0.0,0.0,27.67
2023-11-22,"Yangon, Myanmar",Yangon International Airport (VYYY),27.67,23.23,31.49,23.87,74.2,0.0,0,218.0,4.52,5.08,1016.14,383.0,2.0,10151.0,1,8.26,8.48,0.0,0.0,26.85
2023-11-23,"Yangon, Myanmar",Yangon International Airport (VYYY),26.85,23.17,31.56,25.05,80.9,0.0,0,203.0,7.54,11.83,1015.41,487.0,2.8,8704.0,1,8.39,-0.72,0.0,0.0,27.02
2023-11-24,"Yangon, Myanmar",Yangon International Airport (VYYY),27.02,22.74,32.14,23.43,72.6,0.0,0,178.0,8.0,11.41,1006.94,396.0,2.6,10882.0,1,9.4,-8.48,0.0,0.0,25.8
2023-11-25,"Yangon, Myanmar",Yangon International Airport (VYYY),25.8,21.72,30.63,21.54,75.8,0.0,0,169.0,11.36,13.17,1013.4,378.0,4.2,9270.0,3,8.9,6.46,0.0,0.0,27.27
2023-11-26,"Yangon, Myanmar",Yangon International Airport (VYYY),27.27,23.77,30.36,25.12,75.1,0.0,0,249.0,10.09,12.86,1013.03,588.0,2.9,11157.0,1,6.59,-0.37,0.0,0.0,26.39
2023-11-27,"Yangon, Myanmar",Yangon International Airport (VYYY),26.39,22.71,31.14,24.41,81.8,0.0,0,127.0,13.84,15.45,1013.94,540.0,3.2,9677.0,1,8.42,0.9,0.0,0.0,26.47
2023-11-28,"Yangon, Myanmar",Yangon International Airport (VYYY),26.47,22.53,31.3,22.07,74.2,0.0,0,178.0,5.11,5.73,1014.34,,0.4,10598.0,1,8.77,0.4,0.0,0.0,25.45
2023-11-29,"Yangon, Myanmar",Yangon International Airport (VYYY),25.45,21.87,30.7,22.46,84.4,0.0,0,103.0,8.09,9.21,1011.03,355.0,0.6,9609.0,1,8.83,-3.31,0.0,0.0,25.73
2023-11-30,"Yangon, Myanmar",Yangon International Airport (VYYY),25.73,21.7,30.71,21.92,66.8,0.0,0,164.0,7.07,10.74,1011.5,512.0,3.6,10440.0,1,9.01,0.47,0.0,0.0,27.72
2023-12-01,"Yangon, Myanmar",Yangon International Airport (VYYY),27.72,24.82,33.06,26.54,72.8,0.0,0,164.0,8.91,9.16,1011.44,521.0,2.0,8969.0,1,8.24,-0.06,0.0,0.0,25.95
2023-12-02,"Yangon, Myanmar",Yangon International Airport (VYYY),25.95,21.06,30.31,24.74,74.5,0.0,0,197.0,10.72,16.91,1011.85,472.0,,10095.0,1,9.25,0.41,0.0,0.0,26.13
2023-12-03,"Yangon, Myanmar",Yangon International Airport (VYYY),26.13,22.21,30.56,22.36,,0.0,0,211.0,6.99,12.96,1010.12,587.0,1.7,9852.0,1,8.35,-1.73,0.0,0.0,24.54
2023-12-04,"Yangon, Myanmar",Yangon International Airport (VYYY),24.54,21.19,29.31,21.0,71.6,0.0,0,239.0,10.6,19.91,1010.79,509.0,2.8,9385.0,1,8.11,0.67,0.0,0.0,23.34
2023-12-05,"Yangon, Myanmar",Yangon International Airport (VYYY),23.34,19.59,27.99,19.46,72.4,0.0,0,,5.66,6.53,1011.66,570.0,2.3,10651.0,1,8.39,0.88,0.0,0.0,28.31
2023-12-06,"Yangon, Myanmar",Yangon International Airport (VYYY),28.31,24.76,33.64,24.46,69.4,0.0,0,196.0,9.27,10.14,1015.47,323.0,1.9,10096.0,1,8.87,3.8,0.0,0.0,25.76
2023-12-07,"Yangon, Myanmar",Yangon International Airport (VYYY),25.76,22.96,31.73,22.87,70.9,0.0,0,181.0,7.59,7.91,1013.68,380.0,1.9,9817.0,1,8.77,-1.79,0.0,0.0,24.57
2023-12-08,"Yangon, Myanmar",Yangon International Airport (VYYY),24.57,20.29,29.71,21.48,83.1,0.0,0,241.0,6.74,10.6,1010.69,342.0,2.7,9365.0,1,9.42,-2.99,0.0,0.0,24.03
2023-12-09,"Yangon, Myanmar",Yangon International Airport (VYYY),24.03,19.83,27.9,21.22,82.8,0.0,0,230.0,5.98,10.17,1009.92,507.0,4.0,10845.0,1,8.08,-0.77,0.0,0.0,23.69
2023-12-10,"Yangon, Myanmar",Yangon International Airport (VYYY),23.69,19.7,28.61,20.24,87.2,0.0,0,166.0,10.11,13.67,1013.52,420.0,0.4,10104.0,1,8.91,3.6,0.0,0.0,25.24
2023-12-11,"Yangon, Myanmar",Yangon International Airport (VYYY),25.24,21.38,30.38,23.63,69.6,0.0,0,169.0,10.6,13.77,1012.68,480.0,1.2,10252.0,1,8.99,-0.84,0.0,0.0,24.76
2023-12-12,"Yangon, Myanmar",Yangon International Airport (VYYY),24.76,21.23,28.63,20.54,77.7,0.0,0,213.0,9.11,11.85,1015.4,535.0,3.2,12356.0,1,7.4,2.72,0.0,0.0,24.91
2023-12-13,"Yangon, Myanmar",Yangon International Airport (VYYY),24.91,21.68,29.83,20.98,79.0,0.0,0,235.0,8.79,12.62,1012.43,416.0,0.4,9844.0,1,8.15,-2.97,0.0,0.0,26.07
2023-12-14,"Yangon, Myanmar",Yangon International Airport (VYYY),26.07,21.6,30.9,25.54,66.4,0.0,0,180.0,7.93,9.33,1012.89,510.0,1.3,10096.0,1,9.3,0.47,0.0,0.0,24.01
2023-12-15,"Yangon, Myanmar",Yangon International Airport (VYYY),24.01,20.88,29.4,22.19,83.3,0.0,0,153.0,10.75,11.51,1015.58,,2.2,9628.0,1,8.51,2.69,0.0,0.0,24.8
2023-12-16,"Yangon, Myanmar",Yangon International Airport (VYYY),24.8,20.64,29.65,21.24,77.1,0.0,0,211.0,6.2,8.88,1011.49,439.0,2.0,9777.0,1,9.01,-4.1,0.0,0.0,23.38
2023-12-17,"Yangon, Myanmar",Yangon International Airport (VYYY),23.38,19.06,28.54,20.52,82.1,0.0,0,219.0,8.47,9.46,1014.23,660.0,2.9,9093.0,1,9.48,2.75,0.0,0.0,24.74
2023-12-18,"Yangon, Myanmar",Yangon International Airport (VYYY),24.74,21.02,28.45,23.48,78.3,,0,120.0,7.26,13.61,1018.19,501.0,0.1,10694.0,1,7.43,3.96,0.0,0.0,25.87
2023-12-19,"Yangon, Myanmar",Yangon International Airport (VYYY),25.87,22.01,30.12,22.13,76.0,0.0,0,233.0,7.73,11.06,1012.47,498.0,1.9,9861.0,1,8.1,-5.72,0.0,0.0,24.02
2023-12-20,"Yangon, Myanmar",Yangon International Airport (VYYY),24.02,19.62,29.29,20.19,75.6,0.0,0,227.0,5.21,8.53,1009.58,583.0,1.6,10224.0,1,9.67,-2.89,0.0,0.0,24.77
2023-12-21,"Yangon, Myanmar",Yangon International Airport (VYYY),24.77,20.84,30.25,23.48,79.6,0.0,0,232.0,3.77,4.33,1012.58,502.0,2.5,9410.0,1,9.41,3.0,0.0,0.0,26.22
2023-12-22,"Yangon, Myanmar",Yangon International Airport (VYYY),26.22,23.12,31.36,25.59,77.5,0.0,0,233.0,8.16,11.7,1019.11,590.0,1.7,9593.0,1,8.24,6.54,0.0,0.0,24.29
2023-12-23,"Yangon, Myanmar",Yangon International Airport (VYYY),24.29,20.85,30.22,21.17,71.2,0.0,0,183.0,4.24,4.93,1009.14,571.0,1.8,10847.0,1,9.37,-9.98,0.0,0.0,24.56
2023-12-24,"Yangon, Myanmar",Yangon International Airport (VYYY),24.56,21.08,30.27,21.58,80.1,0.0,0,214.0,7.04,10.38,1012.94,507.0,3.8,10676.0,1,9.2,3.81,0.0,0.0,24.94
2023-12-25,"Yangon, Myanmar",Yangon International Airport (VYYY),24.94,20.81,29.95,22.35,88.2,0.0,0,222.0,6.6,8.22,1014.08,505.0,1.5,9349.0,1,9.14,1.14,0.0,0.0,23.89
2023-12-26,"Yangon, Myanmar",Yangon International Airport (VYYY),23.89,19.88,28.24,20.58,84.4,0.0,0,249.0,6.67,9.78,1015.32,378.0,0.7,10444.0,1,8.35,1.23,0.0,0.0,24.3
2023-12-27,"Yangon, Myanmar",Yangon International Airport (VYYY),24.3,21.68,29.34,20.13,79.6,0.0,0,163.0,10.43,15.94,1012.22,333.0,2.6,9309.0,1,7.66,-3.1,0.0,0.0,24.77
2023-12-28,"Yangon, Myanmar",Yangon International Airport (VYYY),24.77,22.08,29.26,22.42,81.1,0.0,0,219.0,7.37,13.85,1012.85,438.0,3.8,9103.0,1,7.18,0.63,0.0,0.0,24.6
2023-12-29,"Yangon, Myanmar",Yangon International Airport (VYYY),24.6,21.29,28.77,20.98,79.0,0.0,0,248.0,9.23,13.05,1012.83,608.0,2.2,9696.0,1,7.48,-0.02,0.0,0.0,25.89
2023-12-30,"Yangon, Myanmar",Yangon International Airport (VYYY),25.89,22.62,29.53,22.49,79.2,0.0,0,195.0,7.8,8.92,1012.7,426.0,1.2,10477.0,1,6.91,-0.14,0.0,0.0,23.78
2023-12-31,"Yangon, Myanmar",Yangon International Airport (VYYY),23.78,19.9,29.79,19.88,70.7,19.47,0,175.0,5.95,7.34,1012.2,581.0,3.2,7278.0,8,9.89,-0.5,19.47,19.47,24.18
2024-01-01,"Yangon, Myanmar",Yangon International Airport (VYYY),24.18,20.46,30.0,21.16,77.2,0.0,0,221.0,8.69,10.33,1014.31,435.0,3.8,9404.0,1,9.54,2.12,19.47,19.47,23.69
2024-01-02,"Yangon, Myanmar",Yangon International Airport (VYYY),23.69,19.8,28.64,19.1,83.3,0.0,0,222.0,10.45,14.35,1013.32,541.0,1.9,11220.0,1,8.84,-0.99,19.47,19.47,23.55
2024-01-03,"Yangon, Myanmar",Yangon International Airport (VYYY),23.55,18.57,27.98,19.86,83.9,0.0,0,247.0,6.97,12.43,1014.44,456.0,1.0,11067.0,1,9.41,1.12,0.0,19.47,26.02
2024-01-04,"Yangon, Myanmar",Yangon International Airport (VYYY),26.02,22.17,30.69,21.89,73.3,0.0,0,172.0,8.59,9.68,1013.09,490.0,1.5,10121.0,1,8.51,-1.36,0.0,19.47,23.8
2024-01-05,"Yangon, Myanmar",Yangon International Airport (VYYY),23.8,19.75,29.69,20.27,71.6,0.0,0,159.0,5.82,18.38,1012.14,622.0,3.4,10023.0,1,9.94,-0.94,0.0,19.47,25.02
2024-01-06,"Yangon, Myanmar",Yangon International Airport (VYYY),25.02,20.77,30.09,22.86,75.1,0.0,0,229.0,6.14,9.07,1010.73,454.0,3.6,8865.0,1,9.32,-1.41,0.0,19.47,24.1
2024-01-07,"Yangon, Myanmar",Yangon International Airport (VYYY),24.1,20.28,29.59,21.23,76.2,16.94,0,207.0,5.85,8.35,1010.55,473.0,2.6,7733.0,8,9.31,-0.18,16.94,16.94,25.52
2024-01-08,"Yangon, Myanmar",Yangon International Airport (VYYY),25.52,22.21,29.2,22.67,86.1,0.0,0,127.0,6.03,8.83,1015.19,540.0,0.0,10657.0,1,6.99,4.63,16.94,16.94,25.33
2024-01-09,"Yangon, Myanmar",Yangon International Airport (VYYY),25.33,21.65,30.48,22.07,81.0,0.0,0,192.0,7.92,9.23,1009.66,472.0,1.6,11397.0,1,8.83,-5.52,16.94,16.94,24.78
2024-01-10,"Yangon, Myanmar",Yangon International Airport (VYYY),24.78,21.21,30.19,21.7,84.6,34.67,0,235.0,8.02,11.08,1008.98,485.0,1.3,5719.0,25,8.97,-0.68,34.67,51.61,24.8
2024-01-11,"Yangon, Myanmar",Yangon International Airport (VYYY),24.8,21.39,28.7,22.59,77.1,0.0,0,278.0,9.07,18.69,1008.68,490.0,2.5,10578.0,1,7.31,-0.3,34.67,51.61,24.07
2024-01-12,"Yangon, Myanmar",Yangon International Airport (VYYY),24.07,20.41,28.19,23.01,78.4,0.0,0,205.0,5.56,6.19,1013.91,421.0,1.8,10480.0,1,7.78,5.23,34.67,51.61,24.64
2024-01-13,"Yangon, Myanmar",Yangon International Airport (VYYY),24.64,22.15,29.07,22.21,78.3,13.15,0,174.0,8.6,11.14,1012.88,379.0,0.8,8052.0,8,6.92,-1.03,13.15,64.77,24.17
2024-01-14,"Yangon, Myanmar",Yangon International Airport (VYYY),24.17,20.37,29.26,19.7,76.9,0.0,0,148.0,6.24,14.28,1011.03,557.0,2.9,10822.0,1,8.89,-1.85,13.15,47.83,23.55
2024-01-15,"Yangon, Myanmar",Yangon International Airport (VYYY),23.55,19.18,28.52,19.33,80.1,0.0,0,122.0,5.81,8.45,1012.12,639.0,1.4,7201.0,1,9.34,1.09,13.15,47.83,24.46
2024-01-16,"Yangon, Myanmar",Yangon International Airport (VYYY),24.46,20.78,29.68,20.04,74.5,0.0,0,192.0,6.72,8.14,1012.44,538.0,2.7,11125.0,1,8.89,0.32,0.0,47.83,24.05
2024-01-17,"Yangon, Myanmar",Yangon International Airport (VYYY),24.05,20.5,29.75,20.87,72.4,0.0,0,230.0,7.04,7.78,1013.42,314.0,3.4,11234.0,1,9.25,0.97,0.0,13.15,23.78
2024-01-18,"Yangon, Myanmar",Yangon International Airport (VYYY),23.78,21.37,21.47,21.73,86.7,0.0,0,257.0,5.75,35.38,1017.16,606.0,3.4,10345.0,1,6.1,3.74,0.0,13.15,24.09
2024-01-19,"Yangon, Myanmar",Yangon International Airport (VYYY),24.09,20.12,28.59,,80.6,0.0,0,198.0,6.54,6.79,1013.8,474.0,2.5,9109.0,1,8.47,-3.36,0.0,13.15,22.86
2024-01-20,"Yangon, Myanmar",Yangon International Airport (VYYY),22.86,19.11,27.98,18.34,82.4,0.0,0,185.0,11.51,12.45,1017.3,454.0,1.2,9109.0,1,8.87,3.5,0.0,0.0,23.7
2024-01-21,"Yangon, Myanmar",Yangon International Airport (VYYY),23.7,19.97,28.47,20.8,74.9,0.0,0,229.0,7.31,10.01,1012.62,542.0,4.8,8632.0,3,8.5,-4.68,0.0,0.0,23.32
2024-01-22,"Yangon, Myanmar",Yangon International Airport (VYYY),23.32,18.29,28.93,18.86,72.3,0.0,0,224.0,11.97,12.94,1013.28,430.0,2.6,10826.0,1,10.64,0.66,0.0,0.0,22.95
2024-01-23,"Yangon, Myanmar",Yangon International Airport (VYYY),22.95,19.76,27.19,20.19,77.9,0.0,0,171.0,10.73,15.95,1010.86,560.0,3.3,10415.0,1,7.43,-2.42,0.0,0.0,23.07
2024-01-24,"Yangon, Myanmar",Yangon International Airport (VYYY),23.07,19.59,27.44,19.48,,0.0,0,248.0,4.73,6.4,1014.47,399.0,2.7,10171.0,1,7.84,3.61,0.0,0.0,24.12
2024-01-25,"Yangon, Myanmar",Yangon International Airport (VYYY),24.12,20.49,30.24,21.78,73.3,0.0,0,211.0,8.27,8.76,1016.11,660.0,2.6,10673.0,1,9.74,1.64,0.0,0.0,23.98
2024-01-26,"Yangon, Myanmar",Yangon International Airport (VYYY),23.98,20.69,27.83,20.95,87.0,0.0,0,226.0,8.74,12.12,1013.47,364.0,4.6,10007.0,3,7.14,-2.64,0.0,0.0,24.7
2024-01-27,"Yangon, Myanmar",Yangon International Airport (VYYY),24.7,20.88,29.76,22.54,82.9,0.0,0,180.0,8.25,8.49,1012.62,402.0,0.2,10617.0,1,8.87,-0.85,0.0,0.0,24.27
2024-01-28,"Yangon, Myanmar",Yangon International Airport (VYYY),24.27,22.0,27.97,20.74,79.3,0.0,0,243.0,7.24,13.2,1016.01,464.0,1.0,10117.0,1,5.97,3.39,0.0,0.0,24.07
2024-01-29,"Yangon, Myanmar",Yangon International Airport (VYYY),24.07,20.05,28.34,21.13,78.2,0.0,0,200.0,4.52,5.52,1014.13,515.0,1.3,10773.0,1,8.29,-1.87,0.0,0.0,25.28
2024-01-30,"Yangon, Myanmar",Yangon International Airport (VYYY),25.28,21.29,31.22,21.89,80.7,23.73,0,209.0,6.69,16.12,1009.27,528.0,3.3,5871.0,8,9.93,-4.86,23.73,23.73,24.9
2024-01-31,"Yangon, Myanmar",Yangon International Airport (VYYY),24.9,20.47,29.55,21.36,87.6,14.24,0,244.0,8.47,10.03,,660.0,0.2,8069.0,8,9.08,5.67,37.97,37.97,23.4
2024-02-01,"Yangon, Myanmar",Yangon International Airport (VYYY),23.4,19.94,29.48,20.17,85.5,0.0,0,173.0,8.82,12.67,1017.1,454.0,1.6,10669.0,1,9.54,2.15,37.97,37.97,24.83
2024-02-02,"Yangon, Myanmar",Yangon International Airport (VYYY),24.83,21.14,30.76,21.05,76.5,0.0,0,252.0,5.06,7.07,1012.51,441.0,1.2,10211.0,1,9.63,-4.59,14.24,37.97,25.92
2024-02-03,"Yangon, Myanmar",Yangon International Airport (VYYY),25.92,21.67,30.98,24.58,75.8,0.0,0,246.0,8.0,9.5,1010.25,472.0,4.7,8157.0,3,9.31,-2.26,0.0,37.97,25.21
2024-02-04,"Yangon, Myanmar",Yangon International Airport (VYYY),25.21,20.75,29.99,22.55,78.8,0.0,0,216.0,9.02,13.26,1016.82,563.0,0.8,8629.0,1,9.24,6.57,0.0,37.97,25.06
2024-02-05,"Yangon, Myanmar",Yangon International Airport (VYYY),25.06,21.44,37.8,22.05,85.9,0.0,0,255.0,6.72,32.04,1007.61,451.0,0.5,9457.0,1,9.36,-9.21,0.0,37.97,26.19
2024-02-06,"Yangon, Myanmar",Yangon International Airport (VYYY),26.19,22.56,31.08,23.5,76.3,0.0,0,190.0,7.51,9.27,1012.75,513.0,3.3,9155.0,1,8.52,5.14,0.0,14.24,23.86
2024-02-07,"Yangon, Myanmar",Yangon International Airport (VYYY),23.86,20.57,28.27,19.91,73.7,0.0,0,179.0,5.32,8.16,1013.2,454.0,1.8,10275.0,1,7.7,0.45,0.0,0.0,25.57
2024-02-08,"Yangon, Myanmar",Yangon International Airport (VYYY),25.57,21.57,31.34,23.23,79.6,0.0,0,216.0,5.24,6.68,1015.32,361.0,1.9,11176.0,1,9.78,2.12,0.0,0.0,25.39
2024-02-09,"Yangon, Myanmar",Yangon International Airport (VYYY),25.39,21.4,30.23,21.85,74.7,0.0,0,219.0,7.73,11.46,1009.7,646.0,2.2,9925.0,1,8.83,-5.61,0.0,0.0,23.44
2024-02-10,"Yangon, Myanmar",Yangon International Airport (VYYY),23.44,19.32,28.26,21.52,74.0,18.58,0,123.0,7.92,10.86,1015.6,534.0,1.9,8012.0,8,8.94,5.9,18.58,18.58,24.53
2024-02-11,"Yangon, Myanmar",Yangon International Airport (VYYY),24.53,20.0,27.07,20.05,75.0,9.7,0,149.0,8.79,14.22,1016.48,448.0,0.6,7598.0,7,7.07,0.88,28.28,28.28,25.58
2024-02-12,"Yangon, Myanmar",Yangon International Airport (VYYY),25.58,21.34,30.34,20.34,74.7,0.0,0,186.0,3.84,11.36,1008.59,541.0,2.3,9107.0,1,9.01,-7.89,28.28,28.28,24.97
2024-02-13,"Yangon, Myanmar",Yangon International Airport (VYYY),24.97,21.01,29.8,21.71,74.5,0.0,0,198.0,3.9,8.88,1010.92,436.0,1.9,12028.0,1,8.79,2.33,9.7,28.28,24.15
2024-02-14,"Yangon, Myanmar",Yangon International Airport (VYYY),24.15,20.95,28.43,20.79,79.5,0.0,0,168.0,6.65,7.55,1014.77,497.0,0.9,11578.0,1,7.48,3.85,0.0,28.28,24.59
2024-02-15,"Yangon, Myanmar",Yangon International Airport (VYYY),24.59,20.7,30.37,21.53,77.5,0.0,0,164.0,10.68,24.94,1011.72,412.0,0.6,10356.0,1,9.68,-3.05,0.0,28.28,22.6
2024-02-16,"Yangon, Myanmar",Yangon International Airport (VYYY),22.6,18.78,26.75,20.9,66.9,0.0,0,286.0,6.63,9.38,1012.9,432.0,,,1,7.96,1.19,0.0,28.28,23.14
2024-02-17,"Yangon, Myanmar",Yangon International Airport (VYYY),23.14,18.92,28.22,19.6,78.7,0.0,0,155.0,5.13,,1007.77,408.0,4.1,10149.0,3,9.29,-5.14,0.0,9.7,25.17
2024-02-18,"Yangon, Myanmar",Yangon International Airport (VYYY),25.17,21.99,30.69,22.82,91.7,0.0,0,207.0,8.95,10.25,1011.54,427.0,3.3,10751.0,1,8.7,3.78,0.0,0.0,25.35
2024-02-19,"Yangon, Myanmar",Yangon International Airport (VYYY),25.35,21.59,30.28,22.25,80.7,0.0,0,159.0,9.73,15.32,1014.15,479.0,2.5,9482.0,1,8.68,2.61,0.0,0.0,24.77
2024-02-20,"Yangon, Myanmar",Yangon International Airport (VYYY),24.77,20.48,29.37,23.0,81.8,0.0,0,217.0,6.64,8.26,1013.83,433.0,2.9,11123.0,1,8.89,-0.32,0.0,0.0,24.72
2024-02-21,"Yangon, Myanmar",Yangon International Airport (VYYY),24.72,20.8,30.4,20.06,81.5,0.0,0,207.0,9.02,15.56,1010.61,460.0,2.8,11585.0,1,9.6,-3.22,0.0,0.0,24.92
2024-02-22,"Yangon, Myanmar",Yangon International Airport (VYYY),24.92,22.14,29.84,21.49,75.7,0.0,0,146.0,7.68,9.54,1014.48,531.0,1.8,10195.0,1,7.7,3.87,0.0,0.0,23.63
2024-02-23,"Yangon, Myanmar",Yangon International Airport (VYYY),23.63,20.36,28.83,21.97,81.6,0.0,0,160.0,7.98,11.88,1011.7,516.0,2.9,9316.0,1,8.46,-2.78,0.0,0.0,23.87
2024-02-24,"Yangon, Myanmar",Yangon International Airport (VYYY),23.87,19.49,28.64,21.81,87.0,0.0,0,256.0,5.37,5.73,1012.27,474.0,1.9,9606.0,1,9.15,0.57,0.0,0.0,26.5
2024-02-25,"Yangon, Myanmar",Yangon International Airport (VYYY),26.5,23.67,31.14,24.46,73.9,0.76,0,154.0,9.4,13.75,1011.4,504.0,,10014.0,7,7.47,-0.87,0.76,0.76,25.25
2024-02-26,"Yangon, Myanmar",Yangon International Airport (VYYY),25.25,21.78,29.72,21.56,80.9,0.0,0,231.0,9.47,10.6,1011.96,451.0,1.1,10147.0,1,7.94,0.56,0.76,0.76,23.25
2024-02-27,"Yangon, Myanmar",Yangon International Airport (VYYY),23.25,19.25,28.54,19.12,75.4,0.0,0,217.0,6.05,6.7,1010.21,547.0,2.3,11540.0,1,9.29,-1.75,0.76,0.76,24.64
2024-02-28,"Yangon, Myanmar",Yangon International Airport (VYYY),24.64,20.9,29.65,20.33,85.0,0.0,0,178.0,5.63,6.37,1009.89,442.0,1.7,10475.0,1,8.75,-0.32,0.0,0.76,25.4
2024-02-29,"Yangon, Myanmar",Yangon International Airport (VYYY),25.4,21.16,29.41,22.47,79.1,0.0,0,166.0,9.89,10.79,1011.35,461.0,2.5,8392.0,1,8.25,1.46,0.0,0.76,25.55
2024-03-01,"Yangon, Myanmar",Yangon International Airport (VYYY),25.55,20.81,30.1,22.39,78.3,0.0,0,169.0,7.39,12.16,1008.75,401.0,2.0,10217.0,1,9.28,-2.6,0.0,0.76,25.82
2024-03-02,"Yangon, Myanmar",Yangon International Airport (VYYY),25.82,21.76,31.94,21.39,84.6,0.0,0,205.0,8.34,13.21,1011.79,544.0,2.5,10980.0,1,10.17,3.04,0.0,0.76,24.46
2024-03-03,"Yangon, Myanmar",Yangon International Airport (VYYY),24.46,20.09,29.76,21.52,76.6,0.0,0,219.0,7.72,8.08,1012.41,395.0,3.8,8685.0,1,9.67,0.62,0.0,0.0,25.76
2024-03-04,"Yangon, Myanmar",Yangon International Airport (VYYY),25.76,20.79,30.7,22.51,76.3,0.0,0,249.0,8.22,9.91,1012.75,529.0,3.1,10607.0,1,9.91,0.34,0.0,0.0,25.85
2024-03-05,"Yangon, Myanmar",Yangon International Airport (VYYY),25.85,22.0,31.23,22.83,82.5,0.0,0,116.0,9.2,11.18,1011.88,472.0,1.1,8569.0,1,9.23,-0.87,0.0,0.0,25.72
2024-03-06,"Yangon, Myanmar",Yangon International Airport (VYYY),25.72,21.58,30.33,22.49,73.5,0.0,0,274.0,8.81,11.03,1013.05,638.0,3.7,10539.0,1,8.75,1.16,0.0,0.0,25.91
2024-03-07,"Yangon, Myanmar",Yangon International Airport (VYYY),25.91,22.78,30.08,22.54,83.1,0.0,0,272.0,9.21,13.4,1012.12,544.0,2.5,10226.0,1,7.3,-0.92,0.0,0.0,25.13
2024-03-08,"Yangon, Myanmar",Yangon International Airport (VYYY),25.13,22.45,30.39,21.82,71.1,0.0,0,285.0,6.85,17.18,1015.21,417.0,2.6,11068.0,1,7.94,3.08,0.0,0.0,26.0
2024-03-09,"Yangon, Myanmar",Yangon International Airport (VYYY),26.0,22.67,29.92,22.24,75.1,0.0,0,129.0,8.47,9.24,1011.39,628.0,3.9,10847.0,1,7.24,-3.82,0.0,0.0,23.47
2024-03-10,"Yangon, Myanmar",Yangon International Airport (VYYY),23.47,19.54,27.85,20.37,79.5,0.0,0,239.0,4.2,10.49,1012.28,473.0,1.1,10367.0,1,8.32,0.89,0.0,0.0,25.45
2024-03-11,"Yangon, Myanmar",Yangon International Airport (VYYY),25.45,22.1,29.97,24.03,74.5,0.0,0,175.0,8.59,12.88,1013.35,524.0,2.0,8405.0,1,7.87,1.07,0.0,0.0,25.97
2024-03-12,"Yangon, Myanmar",Yangon International Airport (VYYY),25.97,21.38,30.8,23.23,74.7,0.0,0,220.0,5.57,8.93,1013.92,623.0,2.5,9164.0,1,9.43,0.57,0.0,0.0,23.97
2024-03-13,"Yangon, Myanmar",Yangon International Airport (VYYY),23.97,20.77,28.07,22.57,80.7,0.0,0,225.0,7.12,7.17,1010.71,336.0,1.7,9891.0,1,7.3,-3.21,0.0,0.0,27.97
2024-03-14,"Yangon, Myanmar",Yangon International Airport (VYYY),27.97,25.24,32.66,25.47,76.8,0.0,0,173.0,7.97,9.2,1009.94,520.0,0.8,10239.0,1,7.42,-0.78,0.0,0.0,26.18
2024-03-15,"Yangon, Myanmar",Yangon International Airport (VYYY),26.18,21.37,31.02,23.16,77.0,0.0,0,208.0,8.62,9.68,1012.29,489.0,,8573.0,1,9.65,2.35,0.0,0.0,26.48
2024-03-16,"Yangon, Myanmar",Yangon International Airport (VYYY),26.48,23.47,30.7,24.0,74.6,0.0,0,167.0,7.51,10.78,1008.03,552.0,2.2,9594.0,1,7.23,-4.26,0.0,0.0,26.09
2024-03-17,"Yangon, Myanmar",Yangon International Airport (VYYY),26.09,22.3,31.41,22.78,74.9,0.0,0,214.0,,13.22,1010.58,479.0,0.6,9995.0,1,9.11,2.55,0.0,0.0,25.2
2024-03-18,"Yangon, Myanmar",Yangon International Airport (VYYY),25.2,21.81,31.05,22.4,71.3,0.0,0,212.0,4.6,6.94,1012.79,296.0,3.0,9856.0,1,9.24,2.21,0.0,0.0,26.83
2024-03-19,"Yangon, Myanmar",Yangon International Airport (VYYY),26.83,22.33,31.81,24.59,68.8,0.0,0,167.0,10.46,13.61,1006.41,601.0,3.0,8509.0,1,9.48,-6.38,0.0,0.0,26.54
2024-03-20,"Yangon, Myanmar",Yangon International Airport (VYYY),26.54,22.25,31.31,23.22,86.9,0.0,0,193.0,6.22,11.53,1010.44,494.0,3.8,9481.0,1,9.06,4.03,0.0,0.0,25.29
2024-03-21,"Yangon, Myanmar",Yangon International Airport (VYYY),25.29,21.17,30.38,20.43,67.3,0.0,0,267.0,5.32,5.88,1009.03,448.0,0.5,8370.0,1,9.21,-1.41,0.0,0.0,28.08
2024-03-22,"Yangon, Myanmar",Yangon International Airport (VYYY),28.08,24.94,32.12,25.03,72.1,0.0,0,90.0,6.31,10.61,1010.17,461.0,2.6,10627.0,1,7.18,1.14,0.0,0.0,25.38
2024-03-23,"Yangon, Myanmar",Yangon International Airport (VYYY),25.38,22.26,29.49,21.96,78.0,0.0,0,218.0,8.46,8.52,1011.32,512.0,4.3,10057.0,3,7.23,1.15,0.0,0.0,26.97
2024-03-24,"Yangon, Myanmar",Yangon International Airport (VYYY),26.97,23.22,30.96,24.75,71.5,0.0,0,163.0,8.03,8.3,1012.34,356.0,2.9,7419.0,1,7.74,1.02,0.0,0.0,24.95
2024-03-25,"Yangon, Myanmar",Yangon International Airport (VYYY),24.95,20.76,28.93,21.42,84.0,0.0,0,162.0,11.66,12.6,1009.06,466.0,2.3,10833.0,1,8.17,-3.28,0.0,0.0,24.37
2024-03-26,"Yangon, Myanmar",Yangon International Airport (VYYY),24.37,21.25,29.97,21.67,81.7,0.0,0,205.0,9.89,15.13,,382.0,4.1,10083.0,3,8.72,-1.31,0.0,0.0,26.66
2024-03-27,"Yangon, Myanmar",Yangon International Airport (VYYY),26.66,22.71,32.41,23.86,70.8,0.0,0,285.0,8.19,8.8,1013.33,352.0,4.0,10101.0,3,9.7,5.58,0.0,0.0,26.74
2024-03-28,"Yangon, Myanmar",Yangon International Airport (VYYY),26.74,21.95,30.38,22.97,79.2,0.0,0,228.0,6.68,8.3,1012.7,299.0,4.3,9205.0,3,8.43,-0.63,0.0,0.0,27.26
2024-03-29,"Yangon, Myanmar",Yangon International Airport (VYYY),27.26,23.14,32.46,25.22,74.5,0.0,0,187.0,7.68,15.01,1007.32,496.0,3.7,9506.0,1,9.33,-5.38,0.0,0.0,25.66
2024-03-30,"Yangon, Myanmar",Yangon International Airport (VYYY),25.66,21.91,31.97,22.57,81.7,0.0,0,254.0,7.58,,1008.03,444.0,3.0,9754.0,1,10.06,0.71,0.0,0.0,25.18
2024-03-31,"Yangon, Myanmar",Yangon International Airport (VYYY),25.18,20.61,30.58,21.98,77.0,0.0,0,132.0,7.4,8.1,1009.57,363.0,3.8,9815.0,1,9.97,1.55,0.0,0.0,26.22
2024-04-01,"Yangon, Myanmar",Yangon International Airport (VYYY),26.22,22.79,31.15,23.12,81.0,0.0,0,231.0,8.7,19.37,1009.19,498.0,4.3,9599.0,3,8.36,-0.38,0.0,0.0,29.08
2024-04-02,"Yangon, Myanmar",Yangon International Airport (VYYY),29.08,25.26,33.35,26.21,77.4,0.0,0,165.0,7.4,8.26,1009.38,481.0,4.3,8563.0,3,8.1,0.19,0.0,0.0,24.41
2024-04-03,"Yangon, Myanmar",Yangon International Airport (VYYY),24.41,20.69,30.21,22.3,77.5,0.0,0,176.0,10.97,13.25,,411.0,2.8,7567.0,1,9.53,3.15,0.0,0.0,26.39
2024-04-04,"Yangon, Myanmar",Yangon International Airport (VYYY),26.39,21.84,26.78,22.31,79.9,0.0,0,223.0,9.1,35.72,1010.13,461.0,2.4,8793.0,1,10.95,-2.41,0.0,0.0,26.69
2024-04-05,"Yangon, Myanmar",Yangon International Airport (VYYY),26.69,22.94,31.54,26.09,74.9,17.55,0,282.0,4.27,10.69,1006.74,427.0,4.9,6936.0,8,8.59,-3.38,17.55,17.55,24.16
2024-04-06,"Yangon, Myanmar",Yangon International Airport (VYYY),24.16,20.34,28.95,19.09,78.1,0.0,0,127.0,8.57,11.32,1012.7,394.0,3.1,8484.0,1,8.61,5.96,17.55,17.55,27.31
2024-04-07,"Yangon, Myanmar",Yangon International Airport (VYYY),27.31,24.0,32.08,25.7,78.3,0.0,0,251.0,7.42,14.0,1007.99,417.0,4.5,8840.0,3,8.08,-4.71,17.55,17.55,25.71
2024-04-08,"Yangon, Myanmar",Yangon International Airport (VYYY),25.71,23.29,30.8,21.81,75.2,0.0,0,283.0,9.17,14.69,1009.8,274.0,4.1,8429.0,3,7.51,1.81,0.0,17.55,27.61
2024-04-09,"Yangon, Myanmar",Yangon International Airport (VYYY),27.61,23.97,33.05,24.56,85.3,0.0,0,169.0,8.26,9.99,1011.0,414.0,5.4,6572.0,3,9.08,1.2,0.0,17.55,26.0
2024-04-10,"Yangon, Myanmar",Yangon International Airport (VYYY),26.0,21.89,31.37,21.64,86.5,0.0,0,231.0,9.93,11.27,1011.26,289.0,4.2,8312.0,3,9.48,0.26,0.0,17.55,27.36
2024-04-11,"Yangon, Myanmar",Yangon International Airport (VYYY),27.36,22.96,31.35,24.48,92.9,0.0,0,222.0,8.1,9.13,1013.37,254.0,3.1,8191.0,1,8.4,2.11,0.0,17.55,26.52
2024-04-12,"Yangon, Myanmar",Yangon International Airport (VYYY),26.52,22.93,30.91,22.79,83.3,0.0,0,165.0,8.31,8.39,1013.22,367.0,4.2,7422.0,3,7.98,-0.15,0.0,0.0,26.38
2024-04-13,"Yangon, Myanmar",Yangon International Airport (VYYY),26.38,21.53,31.25,24.89,79.2,0.0,0,263.0,6.56,9.13,1012.38,304.0,3.9,8953.0,1,9.72,-0.84,0.0,0.0,26.65
2024-04-14,"Yangon, Myanmar",Yangon International Airport (VYYY),26.65,22.17,31.03,23.81,82.8,3.79,0,192.0,8.16,11.2,1012.29,379.0,5.1,6762.0,7,8.87,-0.09,3.79,3.79,28.71
2024-04-15,"Yangon, Myanmar",Yangon International Airport (VYYY),28.71,25.05,35.19,25.46,79.8,0.0,0,218.0,8.63,13.84,1008.33,360.0,3.6,7174.0,1,10.14,-3.96,3.79,3.79,26.73
2024-04-16,"Yangon, Myanmar",Yangon International Airport (VYYY),26.73,23.46,31.53,23.03,81.4,0.0,0,270.0,7.85,9.0,1012.3,295.0,5.3,6999.0,3,8.06,3.97,3.79,3.79,26.81
2024-04-17,"Yangon, Myanmar",Yangon International Airport (VYYY),26.81,23.12,32.4,22.39,82.5,16.38,0,313.0,7.27,10.07,1009.58,213.0,5.4,6681.0,8,9.28,-2.73,16.38,20.17,27.19
2024-04-18,"Yangon, Myanmar",Yangon International Airport (VYYY),27.19,23.17,31.7,23.8,79.4,0.0,0,277.0,7.81,11.21,1010.34,271.0,5.5,5489.0,3,8.54,0.76,16.38,20.17,28.35
2024-04-19,"Yangon, Myanmar",Yangon International Airport (VYYY),28.35,25.63,32.62,26.76,78.7,0.0,0,199.0,7.31,7.99,1010.45,423.0,4.2,5459.0,3,6.99,0.11,16.38,20.17,26.91
2024-04-20,"Yangon, Myanmar",Yangon International Airport (VYYY),26.91,23.38,31.26,23.34,76.6,19.22,0,231.0,7.3,12.19,1014.31,220.0,5.5,6031.0,8,7.88,3.86,19.22,39.39,27.26
2024-04-21,"Yangon, Myanmar",Yangon International Airport (VYYY),27.26,23.8,32.15,24.83,81.2,0.0,0,284.0,6.1,9.19,1010.2,239.0,6.8,7274.0,4,8.35,-4.11,19.22,35.6,28.77
2024-04-22,"Yangon, Myanmar",Yangon International Airport (VYYY),28.77,24.67,32.92,25.78,80.6,26.2,0,216.0,6.2,7.61,1011.66,315.0,2.8,3219.0,8,8.25,1.45,45.42,61.81,29.07
2024-04-23,"Yangon, Myanmar",Yangon International Airport (VYYY),29.07,25.62,34.06,27.61,84.1,19.97,0,218.0,,8.06,1009.18,292.0,5.0,5844.0,8,8.44,-2.47,46.17,81.77,27.43
2024-04-24,"Yangon, Myanmar",Yangon International Airport (VYYY),27.43,24.67,31.57,23.36,80.4,0.0,0,217.0,8.74,9.2,1008.79,335.0,5.6,6919.0,3,6.9,-0.39,46.17,65.39,26.89
2024-04-25,"Yangon, Myanmar",Yangon International Airport (VYYY),26.89,24.07,32.26,23.48,79.1,40.89,0,235.0,6.42,9.26,1008.56,294.0,4.0,3511.0,25,8.19,-0.23,60.85,106.28,27.56
2024-04-26,"Yangon, Myanmar",Yangon International Airport (VYYY),27.56,25.04,32.41,23.83,83.5,0.0,0,218.0,9.48,11.2,1010.93,218.0,4.4,7622.0,3,7.38,2.37,40.89,106.28,27.83
2024-04-27,"Yangon, Myanmar",Yangon International Airport (VYYY),27.83,24.05,32.1,23.09,86.4,4.06,0,126.0,8.59,12.9,1006.52,320.0,4.9,8492.0,7,8.05,-4.41,44.95,91.12,26.93
2024-04-28,"Yangon, Myanmar",Yangon International Airport (VYYY),26.93,23.93,31.66,24.38,85.7,0.0,0,186.0,9.69,10.37,1011.05,268.0,5.0,6779.0,3,7.74,4.53,4.06,91.12,28.47
2024-04-29,"Yangon, Myanmar",Yangon International Airport (VYYY),28.47,25.26,32.87,28.16,88.5,0.0,0,244.0,8.21,10.42,1012.24,285.0,5.3,7667.0,3,7.62,1.19,4.06,64.92,29.37
2024-04-30,"Yangon, Myanmar",Yangon International Airport (VYYY),29.37,25.72,33.82,25.68,85.8,32.3,0,230.0,8.6,12.61,1007.24,300.0,7.3,2951.0,25,8.1,-5.0,32.3,77.25,28.5
2024-05-01,"Yangon, Myanmar",Yangon International Airport (VYYY),28.5,23.8,32.71,25.71,88.6,7.09,0,239.0,10.75,10.9,1009.93,176.0,4.5,,7,8.91,2.69,39.39,84.34,27.83
2024-05-02,"Yangon, Myanmar",Yangon International Airport (VYYY),27.83,23.25,31.18,24.61,78.3,18.56,0,173.0,9.0,,1013.47,409.0,8.0,5691.0,8,7.93,3.54,57.95,62.02,28.78
2024-05-03,"Yangon, Myanmar",Yangon International Airport (VYYY),28.78,24.04,33.85,26.12,84.2,0.0,0,288.0,7.85,9.24,1009.39,210.0,5.5,6091.0,3,9.82,-4.08,25.65,62.02,26.07
2024-05-04,"Yangon, Myanmar",Yangon International Airport (VYYY),26.07,22.51,31.81,22.39,81.7,12.59,0,241.0,8.6,23.97,1010.86,226.0,5.7,6262.0,8,9.3,1.47,31.15,70.54,27.19
2024-05-05,"Yangon, Myanmar",Yangon International Airport (VYYY),27.19,23.86,31.58,24.86,96.7,0.0,0,235.0,11.34,12.97,1006.95,398.0,7.0,8196.0,4,7.72,-3.91,12.59,70.54,26.68
2024-05-06,"Yangon, Myanmar",Yangon International Airport (VYYY),26.68,23.66,31.05,22.23,89.5,18.71,0,230.0,6.7,7.2,1007.02,203.0,6.3,5322.0,8,7.39,0.07,31.29,89.25,27.22
2024-05-07,"Yangon, Myanmar",Yangon International Airport (VYYY),27.22,24.23,31.59,25.85,85.8,0.0,0,193.0,7.08,11.76,1008.24,199.0,4.1,5841.0,3,7.36,1.21,18.71,56.94,26.78
2024-05-08,"Yangon, Myanmar",Yangon International Airport (VYYY),26.78,23.36,31.33,22.59,76.3,0.0,0,257.0,5.15,7.61,1009.49,112.0,4.8,7209.0,3,7.98,1.25,18.71,49.86,28.16
2024-05-09,"Yangon, Myanmar",Yangon International Airport (VYYY),28.16,24.4,33.5,25.49,87.6,10.01,0,293.0,12.82,15.44,1007.1,234.0,5.3,6127.0,8,9.1,-2.39,10.01,41.31,29.53
2024-05-10,"Yangon, Myanmar",Yangon International Airport (VYYY),29.53,25.16,34.86,26.75,84.5,0.0,0,249.0,6.81,8.11,1010.89,227.0,3.3,6747.0,1,9.71,3.79,10.01,41.31,27.93
2024-05-11,"Yangon, Myanmar",Yangon International Airport (VYYY),27.93,24.13,32.53,24.51,83.6,0.0,0,297.0,5.44,5.56,1006.86,327.0,2.9,5608.0,1,8.4,-4.03,10.01,28.72,29.43
2024-05-12,"Yangon, Myanmar",Yangon International Airport (VYYY),29.43,25.71,33.56,25.78,90.8,0.0,0,188.0,7.7,8.88,1008.73,403.0,6.6,,4,7.85,1.87,0.0,28.72,28.1
2024-05-13,"Yangon, Myanmar",Yangon International Airport (VYYY),28.1,24.39,33.11,25.02,83.2,24.43,0,230.0,7.74,19.04,1008.59,101.0,6.0,4534.0,8,8.72,-0.14,24.43,34.44,28.47
2024-05-14,"Yangon, Myanmar",Yangon International Airport (VYYY),28.47,25.48,33.72,23.74,81.0,5.62,0,181.0,6.05,6.56,,311.0,6.0,5631.0,7,8.24,-1.62,30.05,40.06,28.12
2024-05-15,"Yangon, Myanmar",Yangon International Airport (VYYY),28.12,24.84,32.63,24.64,87.2,0.0,0,171.0,12.61,13.43,1004.97,276.0,6.4,6231.0,4,7.78,-2.0,30.05,40.06,26.77
2024-05-16,"Yangon, Myanmar",Yangon International Airport (VYYY),26.77,22.59,31.04,21.71,90.2,6.94,0,213.0,10.42,10.81,1007.25,95.0,5.9,5970.0,7,8.44,2.28,12.56,36.99,28.99
2024-05-17,"Yangon, Myanmar",Yangon International Airport (VYYY),28.99,24.19,33.29,26.31,84.9,0.0,0,250.0,5.28,5.84,1006.11,259.0,4.8,5467.0,3,9.1,-1.14,6.94,36.99,28.75
2024-05-18,"Yangon, Myanmar",Yangon International Airport (VYYY),28.75,25.48,33.7,24.91,80.1,22.73,0,193.0,12.22,12.28,1010.88,149.0,6.8,3408.0,8,8.23,4.77,29.67,59.72,29.47
2024-05-19,"Yangon, Myanmar",Yangon International Airport (VYYY),29.47,25.97,34.17,26.83,85.4,0.0,0,233.0,11.26,13.65,1008.84,270.0,6.0,7351.0,4,8.2,-2.04,22.73,59.72,29.52
2024-05-20,"Yangon, Myanmar",Yangon International Airport (VYYY),29.52,25.59,33.75,26.25,88.2,0.0,0,228.0,11.62,12.27,1010.61,303.0,8.0,5062.0,4,8.16,1.77,22.73,35.29,30.02
2024-05-21,"Yangon, Myanmar",Yangon International Airport (VYYY),30.02,26.16,35.32,25.71,79.5,0.0,0,239.0,9.99,12.88,1007.86,227.0,6.0,6709.0,4,9.15,-2.76,0.0,29.67,29.44
2024-05-22,"Yangon, Myanmar",Yangon International Airport (VYYY),29.44,25.94,35.08,27.16,87.7,0.0,0,242.0,11.81,12.71,1005.59,118.0,6.5,6225.0,4,9.14,-2.27,0.0,29.67,29.27
2024-05-23,"Yangon, Myanmar",Yangon International Airport (VYYY),29.27,25.24,33.31,25.32,81.1,0.0,0,300.0,13.79,19.81,1009.55,322.0,4.8,4854.0,3,8.07,3.96,0.0,22.73,27.71
2024-05-24,"Yangon, Myanmar",Yangon International Airport (VYYY),27.71,24.03,32.71,24.06,88.7,14.52,0,253.0,10.63,13.37,1005.8,102.0,8.0,4906.0,8,8.67,-3.75,14.52,37.25,28.1
2024-05-25,"Yangon, Myanmar",Yangon International Airport (VYYY),28.1,24.08,33.25,24.74,84.8,31.32,0,265.0,10.2,11.9,1013.99,328.0,5.5,1991.0,25,9.17,8.19,45.83,45.83,30.88
2024-05-26,"Yangon, Myanmar",Yangon International Airport (VYYY),30.88,26.61,35.54,26.95,88.5,4.65,0,227.0,15.22,16.26,1009.67,193.0,7.3,4112.0,7,8.92,-4.32,50.48,50.48,30.01
2024-05-27,"Yangon, Myanmar",Yangon International Airport (VYYY),30.01,26.68,35.13,26.54,80.9,18.57,0,232.0,11.2,14.15,1009.64,178.0,6.0,3732.0,8,8.45,-0.02,54.53,69.05,29.14
2024-05-28,"Yangon, Myanmar",Yangon International Airport (VYYY),29.14,25.05,34.65,26.8,90.9,0.0,0,240.0,10.85,17.02,1010.33,257.0,6.6,5788.0,4,9.6,0.69,23.22,69.05,29.33
2024-05-29,"Yangon, Myanmar",Yangon International Airport (VYYY),29.33,25.31,33.97,28.14,81.9,0.0,0,293.0,10.61,10.83,1006.79,211.0,6.6,6338.0,4,8.66,-3.54,18.57,69.05,29.85
2024-05-30,"Yangon, Myanmar",Yangon International Airport (VYYY),29.85,26.26,34.65,26.15,79.5,19.6,0,267.0,5.94,8.96,1007.07,250.0,6.4,3745.0,8,8.39,0.28,19.6,88.65,28.09
2024-05-31,"Yangon, Myanmar",Yangon International Airport (VYYY),28.09,25.16,32.81,24.89,83.8,9.38,0,248.0,14.47,17.17,1003.25,132.0,8.0,4405.0,7,7.65,-3.82,28.98,83.51,27.17
2024-06-01,"Yangon, Myanmar",Yangon International Airport (VYYY),27.17,23.46,31.94,23.52,90.0,39.17,0,176.0,11.38,13.38,1008.05,209.0,5.2,3468.0,25,8.49,4.81,68.15,91.36,30.68
2024-06-02,"Yangon, Myanmar",Yangon International Airport (VYYY),30.68,27.17,36.12,28.24,87.5,5.96,0,324.0,12.56,,1008.67,291.0,6.8,4718.0,7,8.95,0.62,54.51,92.68,30.39
2024-06-03,"Yangon, Myanmar",Yangon International Airport (VYYY),30.39,26.58,35.47,27.71,82.1,41.65,0,239.0,8.4,8.59,1009.01,172.0,6.4,1704.0,25,8.89,0.34,86.78,115.76,28.34
2024-06-04,"Yangon, Myanmar",Yangon International Airport (VYYY),28.34,25.54,33.59,24.2,94.5,19.87,0,235.0,12.47,14.33,1007.86,142.0,8.0,4022.0,8,8.05,-1.15,67.48,135.63,30.03
2024-06-05,"Yangon, Myanmar",Yangon International Airport (VYYY),30.03,26.22,35.4,27.05,85.1,10.17,0,217.0,7.66,9.65,1011.37,81.0,7.9,4655.0,8,9.18,3.51,71.69,145.8,28.41
2024-06-06,"Yangon, Myanmar",Yangon International Airport (VYYY),28.41,24.68,34.95,26.16,99.7,17.93,0,190.0,9.9,12.77,1008.48,55.0,7.2,4170.0,8,10.27,-2.89,47.98,144.14,30.72
2024-06-07,"Yangon, Myanmar",Yangon International Airport (VYYY),30.72,27.8,34.21,26.67,76.6,0.0,0,167.0,11.62,13.73,1005.81,122.0,7.8,5858.0,4,6.42,-2.67,28.11,134.76,30.5
2024-06-08,"Yangon, Myanmar",Yangon International Airport (VYYY),30.5,26.54,34.72,26.59,88.5,21.87,0,305.0,9.86,10.16,1007.13,196.0,5.9,3334.0,8,8.18,1.32,39.8,117.46,28.27
2024-06-09,"Yangon, Myanmar",Yangon International Airport (VYYY),28.27,24.09,32.87,26.51,82.8,7.15,0,268.0,,13.12,1008.69,375.0,7.9,6126.0,7,8.78,1.56,29.02,118.64,29.08
2024-06-10,"Yangon, Myanmar",Yangon International Airport (VYYY),29.08,25.21,34.69,26.34,83.3,15.04,0,289.0,8.74,16.83,1010.22,101.0,6.7,6341.0,8,9.48,1.54,44.06,92.04,29.66
2024-06-11,"Yangon, Myanmar",Yangon International Airport (VYYY),29.66,25.16,33.62,26.74,79.3,20.73,0,274.0,6.92,9.04,1007.66,144.0,6.3,4678.0,8,8.46,-2.57,42.91,92.89,27.76
2024-06-12,"Yangon, Myanmar",Yangon International Airport (VYYY),27.76,24.22,31.96,24.5,78.5,0.0,0,,11.25,13.22,1007.24,172.0,8.0,5804.0,4,7.75,-0.42,35.76,82.71,29.39
2024-06-13,"Yangon, Myanmar",Yangon International Airport (VYYY),29.39,27.02,34.98,25.86,86.9,2.14,0,217.0,10.27,17.46,1002.52,273.0,6.9,5680.0,7,7.96,-4.72,22.87,66.92,29.6
2024-06-14,"Yangon, Myanmar",Yangon International Airport (VYYY),29.6,25.68,34.94,26.02,87.3,3.55,0,204.0,11.12,11.76,1008.77,220.0,8.0,7053.0,7,9.26,6.24,5.69,70.47,29.73
2024-06-15,"Yangon, Myanmar",Yangon International Airport (VYYY),29.73,25.89,34.43,26.64,88.1,0.0,0,253.0,10.92,12.12,1010.34,194.0,6.7,6531.0,4,8.54,1.58,5.69,48.6,30.03
2024-06-16,"Yangon, Myanmar",Yangon International Airport (VYYY),30.03,25.27,34.81,25.89,,0.0,0,331.0,8.82,10.2,1008.8,89.0,7.1,6600.0,4,9.54,-1.55,3.55,41.45,29.28
2024-06-17,"Yangon, Myanmar",Yangon International Airport (VYYY),29.28,25.26,34.07,26.3,86.2,12.36,0,210.0,9.72,10.14,1008.64,119.0,7.2,4791.0,8,8.82,-0.16,12.36,38.78,30.68
2024-06-18,"Yangon, Myanmar",Yangon International Airport (VYYY),30.68,26.62,35.52,27.34,87.6,0.0,0,323.0,10.91,12.84,1007.48,233.0,8.0,6776.0,4,8.9,-1.15,12.36,18.05,28.31
2024-06-19,"Yangon, Myanmar",Yangon International Airport (VYYY),28.31,24.42,32.73,25.96,88.3,15.91,0,289.0,8.4,9.92,1008.71,226.0,6.0,4362.0,8,8.3,1.22,28.27,33.96,29.14
2024-06-20,"Yangon, Myanmar",Yangon International Airport (VYYY),29.14,25.03,33.76,26.93,84.2,7.04,0,210.0,7.45,9.95,1005.43,229.0,6.4,5943.0,7,8.73,-3.28,22.95,38.86,30.08
2024-06-21,"Yangon, Myanmar",Yangon International Airport (VYYY),30.08,25.94,34.57,25.04,81.8,0.0,0,247.0,8.42,9.2,1008.78,188.0,6.4,6465.0,4,8.63,3.35,22.95,35.31,29.92
2024-06-22,"Yangon, Myanmar",Yangon International Airport (VYYY),29.92,26.06,34.3,25.81,93.0,0.0,0,224.0,7.49,9.01,1003.57,57.0,6.6,7473.0,4,8.24,-5.21,7.04,35.31,30.32
2024-06-23,"Yangon, Myanmar",Yangon International Airport (VYYY),30.32,27.15,34.81,28.73,81.4,12.31,0,270.0,9.86,13.89,1002.11,139.0,6.6,4314.0,8,7.66,-1.46,12.31,47.62,30.6
2024-06-24,"Yangon, Myanmar",Yangon International Airport (VYYY),30.6,26.57,36.36,26.98,87.7,7.88,0,182.0,9.4,10.25,1007.84,157.0,7.0,6048.0,7,9.79,5.73,20.2,43.14,31.07
2024-06-25,"Yangon, Myanmar",Yangon International Airport (VYYY),31.07,27.41,34.0,27.5,88.1,6.74,0,166.0,7.97,8.06,1006.98,159.0,7.6,4468.0,7,6.59,-0.86,26.93,49.88,31.33
2024-06-26,"Yangon, Myanmar",Yangon International Airport (VYYY),31.33,27.63,36.1,29.1,89.4,6.85,0,237.0,5.75,7.92,1005.8,48.0,5.3,4815.0,7,8.47,-1.17,21.47,40.82,30.36
2024-06-27,"Yangon, Myanmar",Yangon International Airport (VYYY),30.36,27.28,35.94,25.08,85.8,4.49,0,247.0,11.3,19.55,1008.3,109.0,5.9,6844.0,7,8.66,2.49,18.07,38.27,29.6
2024-06-28,"Yangon, Myanmar",Yangon International Airport (VYYY),29.6,25.93,33.62,25.98,82.6,10.69,0,215.0,9.08,19.81,1005.65,205.0,4.7,3952.0,8,7.69,-2.64,22.02,48.96,28.69
2024-06-29,"Yangon, Myanmar",Yangon International Airport (VYYY),28.69,24.39,33.81,25.81,84.8,0.0,0,225.0,9.19,11.39,1007.85,298.0,7.9,6490.0,4,9.42,2.19,15.18,48.96,30.23
2024-06-30,"Yangon, Myanmar",Yangon International Airport (VYYY),30.23,26.55,34.97,25.8,83.3,14.06,0,249.0,9.9,10.33,1010.09,192.0,7.3,3568.0,8,8.42,2.24,24.75,50.7,29.02
2024-07-01,"Yangon, Myanmar",Yangon International Airport (VYYY),29.02,25.92,33.21,27.36,75.9,0.0,0,309.0,12.88,14.98,1005.52,181.0,6.9,6195.0,4,7.29,-4.57,14.06,42.82,31.81
2024-07-02,"Yangon, Myanmar",Yangon International Airport (VYYY),31.81,28.86,36.64,29.96,85.7,39.66,0,,5.36,7.12,1007.75,241.0,6.8,3007.0,25,7.78,2.23,53.72,75.74,31.48
2024-07-03,"Yangon, Myanmar",Yangon International Airport (VYYY),31.48,27.84,36.35,28.61,86.4,10.81,0,271.0,9.46,15.17,1006.88,276.0,5.7,5241.0,8,8.51,-0.86,50.47,79.71,29.35
2024-07-04,"Yangon, Myanmar",Yangon International Airport (VYYY),29.35,25.81,34.06,25.95,85.9,2.66,0,280.0,10.37,11.05,1007.7,257.0,7.4,4942.0,7,8.24,0.82,53.13,77.88,30.53
2024-07-05,"Yangon, Myanmar",Yangon International Airport (VYYY),30.53,27.18,36.64,27.21,96.0,0.0,0,281.0,4.96,6.8,1009.35,275.0,6.9,5437.0,4,9.47,1.65,13.47,67.19,30.13
2024-07-06,"Yangon, Myanmar",Yangon International Airport (VYYY),30.13,25.65,34.37,28.31,80.6,19.12,0,270.0,8.51,12.66,1009.98,306.0,6.1,4747.0,8,8.71,0.63,21.78,86.3,31.38
2024-07-07,"Yangon, Myanmar",Yangon International Airport (VYYY),31.38,27.33,35.91,26.83,89.0,17.64,0,267.0,7.37,10.42,1010.28,233.0,5.4,4577.0,8,8.58,0.3,36.76,89.89,31.43
2024-07-08,"Yangon, Myanmar",Yangon International Airport (VYYY),31.43,26.99,36.51,27.99,82.7,31.59,0,274.0,5.74,9.37,1007.48,102.0,6.1,2496.0,25,9.52,-2.8,68.36,121.49,30.15
2024-07-09,"Yangon, Myanmar",Yangon International Airport (VYYY),30.15,26.6,34.38,27.1,83.8,19.39,0,204.0,10.79,13.44,1007.92,152.0,6.3,6325.0,8,7.79,0.44,68.63,101.22,30.43
2024-07-10,"Yangon, Myanmar",Yangon International Airport (VYYY),30.43,26.78,34.87,28.25,83.1,29.15,0,287.0,8.49,14.4,1007.93,100.0,7.4,3746.0,8,8.09,0.01,80.14,119.56,30.84
2024-07-11,"Yangon, Myanmar",Yangon International Airport (VYYY),30.84,27.91,35.5,29.23,85.4,0.0,0,221.0,10.21,11.53,1006.7,246.0,5.8,5090.0,3,7.59,-1.23,48.54,116.9,31.49
2024-07-12,"Yangon, Myanmar",Yangon International Airport (VYYY),31.49,28.07,35.81,26.98,85.2,9.81,0,192.0,12.26,13.56,1006.45,265.0,5.4,5872.0,7,7.74,-0.25,38.96,126.71,29.34
2024-07-13,"Yangon, Myanmar",Yangon International Airport (VYYY),29.34,25.42,35.58,27.19,83.5,2.56,0,281.0,7.36,12.18,1005.64,341.0,8.0,5707.0,7,10.16,-0.81,12.37,110.15,29.45
2024-07-14,"Yangon, Myanmar",Yangon International Airport (VYYY),29.45,25.8,33.96,24.96,79.4,0.0,0,258.0,9.6,14.94,1008.33,322.0,8.0,7063.0,4,8.16,2.69,12.37,92.51,30.92
2024-07-15,"Yangon, Myanmar",Yangon International Airport (VYYY),30.92,27.26,35.72,30.17,88.3,0.0,0,211.0,9.71,10.34,1008.01,275.0,7.6,6327.0,4,8.46,-0.32,2.56,60.91,30.31
2024-07-16,"Yangon, Myanmar",Yangon International Airport (VYYY),30.31,26.3,34.9,27.89,78.7,0.0,0,273.0,8.93,10.86,1007.63,147.0,6.4,6465.0,4,8.61,-0.38,0.0,41.52,29.09
2024-07-17,"Yangon, Myanmar",Yangon International Airport (VYYY),29.09,24.78,33.55,26.6,87.6,22.87,0,255.0,6.33,7.02,1007.87,161.0,7.2,3953.0,8,8.76,0.24,22.87,35.24,28.71
2024-07-18,"Yangon, Myanmar",Yangon International Airport (VYYY),28.71,25.15,33.26,25.95,80.7,14.66,0,264.0,7.11,8.28,1004.6,261.0,,4560.0,8,8.11,-3.27,37.53,49.9,29.83
2024-07-19,"Yangon, Myanmar",Yangon International Airport (VYYY),29.83,26.19,34.98,26.55,82.3,16.89,0,149.0,8.48,12.27,1004.27,305.0,6.6,5758.0,8,8.79,-0.34,54.42,56.97,30.16
2024-07-20,"Yangon, Myanmar",Yangon International Airport (VYYY),30.16,26.03,34.28,28.78,83.7,9.23,0,275.0,9.88,14.16,1006.34,304.0,5.8,7856.0,7,8.25,2.07,40.77,63.65,29.0
2024-07-21,"Yangon, Myanmar",Yangon International Airport (VYYY),29.0,24.98,33.42,26.02,83.0,0.0,0,,4.62,8.19,1008.0,122.0,5.4,6707.0,3,8.44,1.65,26.12,63.65,31.41
2024-07-22,"Yangon, Myanmar",Yangon International Airport (VYYY),31.41,27.64,36.96,28.02,,0.0,0,292.0,7.43,8.23,1002.31,259.0,5.0,6495.0,3,9.32,-5.69,9.23,63.65,30.07
2024-07-23,"Yangon, Myanmar",Yangon International Airport (VYYY),30.07,27.0,34.93,26.69,75.3,25.25,0,230.0,7.54,7.66,1008.05,199.0,,3871.0,8,7.93,5.75,25.25,88.89,31.99
2024-07-24,"Yangon, Myanmar",Yangon International Airport (VYYY),31.99,28.04,36.35,28.06,77.4,0.0,0,299.0,9.95,13.61,1013.32,181.0,5.8,5338.0,3,8.31,5.26,25.25,66.02,29.93
2024-07-25,"Yangon, Myanmar",Yangon International Airport (VYYY),29.93,26.46,35.58,27.38,77.8,0.0,0,296.0,9.48,10.53,1000.34,211.0,5.8,7100.0,3,9.12,-12.98,25.25,51.36,30.43
2024-07-26,"Yangon, Myanmar",Yangon International Airport (VYYY),30.43,27.38,35.98,27.22,82.0,0.0,0,186.0,5.36,8.41,1009.12,287.0,4.1,7351.0,3,8.61,8.78,0.0,34.48,29.4
2024-07-27,"Yangon, Myanmar",Yangon International Airport (VYYY),29.4,26.18,35.01,27.43,71.4,0.0,0,192.0,8.96,11.85,1009.08,386.0,7.1,5189.0,4,8.83,-0.04,0.0,25.25,30.57
2024-07-28,"Yangon, Myanmar",Yangon International Airport (VYYY),30.57,26.89,35.85,27.67,85.8,0.0,0,253.0,11.96,13.58,1005.93,321.0,5.4,6432.0,3,8.96,-3.15,0.0,25.25,30.39
2024-07-29,"Yangon, Myanmar",Yangon International Airport (VYYY),30.39,27.8,35.56,27.8,85.1,0.0,0,297.0,9.2,9.33,1005.15,209.0,6.1,8038.0,4,7.77,-0.78,0.0,25.25,30.27
2024-07-30,"Yangon, Myanmar",Yangon International Airport (VYYY),30.27,26.37,36.28,26.91,85.1,0.0,0,195.0,9.38,10.66,1003.83,345.0,5.9,8342.0,3,9.92,-1.32,0.0,0.0,29.19
2024-07-31,"Yangon, Myanmar",Yangon International Airport (VYYY),29.19,25.6,33.61,25.44,94.4,0.0,0,232.0,6.67,7.6,1008.09,252.0,5.8,7876.0,3,8.01,4.26,0.0,0.0,30.12
2024-08-01,"Yangon, Myanmar",Yangon International Airport (VYYY),30.12,26.43,35.29,27.81,75.8,0.0,0,188.0,11.56,12.58,1004.97,248.0,5.2,7144.0,3,8.86,-3.11,0.0,0.0,30.52
2024-08-02,"Yangon, Myanmar",Yangon International Airport (VYYY),30.52,26.3,35.36,27.5,79.6,51.61,0,298.0,8.96,9.05,1010.89,329.0,4.7,3378.0,25,9.06,5.91,51.61,51.61,30.13
2024-08-03,"Yangon, Myanmar",Yangon International Airport (VYYY),30.13,26.0,35.4,25.32,76.4,0.0,0,211.0,4.69,5.36,1008.93,416.0,5.0,7453.0,3,9.41,-1.95,51.61,51.61,30.06
2024-08-04,"Yangon, Myanmar",Yangon International Airport (VYYY),30.06,25.85,33.37,26.94,76.5,20.06,0,209.0,8.0,9.07,1005.56,425.0,3.3,4443.0,8,7.52,-3.38,71.67,71.67,30.75
2024-08-05,"Yangon, Myanmar",Yangon International Airport (VYYY),30.75,27.28,35.55,28.39,74.4,0.0,0,286.0,7.59,11.29,1007.61,382.0,3.7,6934.0,1,8.27,2.06,20.06,71.67,29.8
2024-08-06,"Yangon, Myanmar",Yangon International Airport (VYYY),29.8,25.96,33.53,24.87,80.8,3.57,0,186.0,10.49,14.09,1005.2,164.0,6.5,6108.0,7,7.58,-2.41,23.63,75.24,29.36
2024-08-07,"Yangon, Myanmar",Yangon International Airport (VYYY),29.36,24.97,32.95,25.68,75.6,8.38,0,259.0,7.72,12.83,1004.85,166.0,4.9,6823.0,7,7.98,-0.35,11.95,83.62,29.53
2024-08-08,"Yangon, Myanmar",Yangon International Airport (VYYY),29.53,26.01,34.76,,83.1,10.69,0,262.0,6.88,9.17,1010.14,315.0,4.8,6709.0,8,8.75,5.28,22.64,94.31,30.72
2024-08-09,"Yangon, Myanmar",Yangon International Airport (VYYY),30.72,26.63,35.31,28.4,79.8,0.0,0,267.0,8.16,11.38,1004.29,324.0,5.2,6943.0,3,8.68,-5.85,19.07,42.7,29.23
2024-08-10,"Yangon, Myanmar",Yangon International Airport (VYYY),29.23,25.14,34.99,26.48,79.2,,0,256.0,7.22,13.15,1009.39,372.0,6.8,8296.0,4,9.85,5.09,10.69,42.7,29.32
2024-08-11,"Yangon, Myanmar",Yangon International Airport (VYYY),29.32,26.34,34.81,25.02,74.5,0.0,0,199.0,11.66,15.3,1004.46,413.0,4.6,8287.0,3,8.48,-4.93,0.0,22.64,30.21
2024-08-12,"Yangon, Myanmar",Yangon International Airport (VYYY),30.21,26.01,33.55,29.06,78.7,25.28,0,307.0,7.46,9.1,1008.31,354.0,3.9,6215.0,8,7.54,3.85,25.28,47.92,30.3
2024-08-13,"Yangon, Myanmar",Yangon International Airport (VYYY),30.3,26.32,36.29,28.08,71.6,3.12,0,255.0,7.63,11.78,1003.46,393.0,4.5,7310.0,7,9.97,-4.85,28.4,47.47,28.64
2024-08-14,"Yangon, Myanmar",Yangon International Airport (VYYY),28.64,25.87,32.32,25.4,82.8,4.37,0,230.0,9.71,11.88,1007.86,252.0,5.5,9330.0,7,6.45,4.4,32.77,43.46,31.03
2024-08-15,"Yangon, Myanmar",Yangon International Airport (VYYY),31.03,28.03,36.12,27.02,68.4,0.0,0,195.0,6.49,8.8,1011.47,368.0,5.5,7874.0,3,8.09,3.61,7.49,32.77,30.86
2024-08-16,"Yangon, Myanmar",Yangon International Airport (VYYY),30.86,26.85,34.89,29.13,70.4,19.66,0,278.0,6.09,10.16,1008.98,260.0,4.6,6801.0,8,8.04,-2.49,24.04,52.44,29.17
2024-08-17,"Yangon, Myanmar",Yangon International Airport (VYYY),29.17,26.44,32.83,27.77,81.6,0.0,0,212.0,12.13,15.88,1006.33,216.0,4.6,8559.0,3,6.39,-2.65,19.66,52.44,27.78
2024-08-18,"Yangon, Myanmar",Yangon International Airport (VYYY),27.78,23.63,31.77,24.67,79.0,0.0,0,182.0,8.61,11.1,1009.17,329.0,6.3,6754.0,4,8.14,2.84,19.66,52.44,28.13
2024-08-19,"Yangon, Myanmar",Yangon International Airport (VYYY),28.13,23.91,33.59,24.51,78.4,0.0,0,183.0,4.64,7.08,1004.06,347.0,3.8,9456.0,1,9.67,-5.1,0.0,27.15,30.5
2024-08-20,"Yangon, Myanmar",Yangon International Airport (VYYY),30.5,27.1,36.67,25.8,73.6,24.25,0,228.0,7.63,15.54,1005.49,445.0,3.9,6492.0,8,9.57,1.42,24.25,48.29,29.31
2024-08-21,"Yangon, Myanmar",Yangon International Airport (VYYY),29.31,24.55,33.35,26.14,73.4,34.61,0,190.0,6.99,12.24,1007.62,475.0,4.6,4256.0,25,8.8,2.13,58.86,78.53,30.45
2024-08-22,"Yangon, Myanmar",Yangon International Airport (VYYY),30.45,26.4,35.45,25.94,82.9,0.0,0,210.0,6.62,7.09,1005.13,412.0,1.6,9316.0,1,9.05,-2.49,58.86,78.53,29.33
2024-08-23,"Yangon, Myanmar",Yangon International Airport (VYYY),29.33,25.78,34.74,27.6,86.0,0.0,0,182.0,10.57,11.65,1005.87,,4.0,7887.0,3,8.95,0.74,34.61,58.86,29.51
2024-08-24,"Yangon, Myanmar",Yangon International Airport (VYYY),29.51,24.91,35.4,25.95,77.8,0.0,0,249.0,10.61,12.27,1008.6,335.0,5.6,7983.0,3,10.49,2.73,0.0,58.86,30.51
2024-08-25,"Yangon, Myanmar",Yangon International Airport (VYYY),30.51,26.33,35.22,26.84,70.0,0.0,0,233.0,8.32,10.08,1011.34,372.0,4.3,10130.0,3,8.89,2.74,0.0,58.86,29.8
2024-08-26,"Yangon, Myanmar",Yangon International Airport (VYYY),29.8,25.72,34.5,26.32,79.6,0.0,0,191.0,5.94,12.18,1008.81,591.0,3.0,9407.0,1,8.78,-2.53,0.0,58.86,29.9
2024-08-27,"Yangon, Myanmar",Yangon International Airport (VYYY),29.9,25.44,34.44,27.42,79.1,0.0,0,213.0,8.8,10.24,1008.93,267.0,3.2,9486.0,1,9.0,0.12,0.0,34.61,31.14
2024-08-28,"Yangon, Myanmar",Yangon International Airport (VYYY),31.14,27.52,36.02,28.07,84.1,0.0,0,,10.9,11.33,1008.17,326.0,,10005.0,3,8.5,-0.76,0.0,0.0,29.53
2024-08-29,"Yangon, Myanmar",Yangon International Airport (VYYY),29.53,25.99,34.54,25.53,86.0,0.0,0,320.0,2.85,4.72,1005.58,223.0,3.7,8519.0,1,8.54,-2.59,0.0,0.0,28.62
2024-08-30,"Yangon, Myanmar",Yangon International Airport (VYYY),28.62,24.83,33.11,26.06,66.5,31.63,0,283.0,8.02,8.44,1009.34,417.0,3.3,5200.0,25,8.28,3.75,31.63,31.63,30.16
2024-08-31,"Yangon, Myanmar",Yangon International Airport (VYYY),30.16,26.28,34.84,28.69,70.2,0.0,0,164.0,9.58,9.82,1005.52,518.0,3.7,8928.0,1,8.55,-3.82,31.63,31.63,29.08
2024-09-01,"Yangon, Myanmar",Yangon International Airport (VYYY),29.08,25.39,33.48,26.08,76.9,0.0,0,157.0,9.43,11.79,1006.68,341.0,3.7,8551.0,1,8.09,1.16,31.63,31.63,29.86
2024-09-02,"Yangon, Myanmar",Yangon International Airport (VYYY),29.86,27.39,34.8,25.63,69.1,0.0,0,179.0,7.46,20.45,1010.97,310.0,3.9,8887.0,1,7.41,4.3,0.0,31.63,28.42
2024-09-03,"Yangon, Myanmar",Yangon International Airport (VYYY),28.42,25.01,33.25,25.67,67.8,,0,117.0,6.84,13.89,1009.65,603.0,3.8,9489.0,1,8.24,-1.32,0.0,31.63,29.45
2024-09-04,"Yangon, Myanmar",Yangon International Airport (VYYY),29.45,25.55,34.25,26.11,75.2,0.0,0,162.0,8.35,10.11,1007.09,532.0,3.2,10268.0,1,8.7,-2.56,0.0,31.63,31.55
2024-09-05,"Yangon, Myanmar",Yangon International Airport (VYYY),31.55,27.37,36.21,27.41,85.8,23.97,0,245.0,10.43,11.19,1009.74,437.0,0.9,7766.0,8,8.84,2.65,23.97,55.6,29.01
2024-09-06,"Yangon, Myanmar",Yangon International Airport (VYYY),29.01,24.51,34.09,25.52,63.0,0.0,0,275.0,9.1,14.61,1009.05,402.0,3.5,9886.0,1,9.57,-0.69,23.97,23.97,28.65
2024-09-07,"Yangon, Myanmar",Yangon International Airport (VYYY),28.65,24.24,32.46,25.42,78.9,36.89,0,212.0,7.58,11.79,1007.41,523.0,3.0,7673.0,25,8.21,-1.65,60.86,60.86,27.99
2024-09-08,"Yangon, Myanmar",Yangon International Airport (VYYY),27.99,23.23,32.76,24.92,71.5,0.0,0,230.0,7.91,9.12,1008.58,514.0,0.2,10347.0,1,9.53,1.18,36.89,60.86,27.76
2024-09-09,"Yangon, Myanmar",Yangon International Airport (VYYY),27.76,23.54,32.75,25.3,73.1,0.0,0,216.0,8.41,9.95,1013.32,423.0,3.6,10374.0,1,9.21,4.74,36.89,60.86,28.03
2024-09-10,"Yangon, Myanmar",Yangon International Airport (VYYY),28.03,23.51,32.58,25.78,77.6,0.0,0,153.0,8.78,11.46,1006.68,370.0,3.8,8664.0,1,9.07,-6.64,0.0,60.86,28.1
2024-09-11,"Yangon, Myanmar",Yangon International Airport (VYYY),28.1,24.01,31.77,26.02,61.2,0.0,0,238.0,5.23,6.21,1007.64,471.0,,11502.0,3,7.77,0.96,0.0,60.86,29.37
2024-09-12,"Yangon, Myanmar",Yangon International Airport (VYYY),29.37,24.49,33.99,25.36,67.8,0.0,0,228.0,8.08,9.57,1011.13,527.0,2.6,10869.0,1,9.49,3.49,0.0,36.89,28.32
2024-09-13,"Yangon, Myanmar",Yangon International Airport (VYYY),28.32,24.47,33.55,24.43,68.0,0.0,0,158.0,7.99,8.49,1011.63,483.0,3.8,9145.0,1,9.08,0.51,0.0,36.89,27.85
2024-09-14,"Yangon, Myanmar",Yangon International Airport (VYYY),27.85,23.06,32.77,24.77,69.1,0.0,0,224.0,8.03,9.51,1004.54,562.0,0.4,10567.0,1,9.71,-7.1,0.0,0.0,27.41
2024-09-15,"Yangon, Myanmar",Yangon International Airport (VYYY),27.41,23.53,32.8,22.68,71.0,0.0,0,181.0,6.57,8.04,1006.83,660.0,2.6,9929.0,1,9.27,2.3,0.0,0.0,28.77
2024-09-16,"Yangon, Myanmar",Yangon International Airport (VYYY),28.77,25.57,34.25,25.02,81.2,0.0,0,144.0,10.87,13.22,1007.36,459.0,1.0,11089.0,1,8.68,0.52,0.0,0.0,29.69
2024-09-17,"Yangon, Myanmar",Yangon International Airport (VYYY),29.69,25.69,34.94,26.53,78.5,0.0,0,148.0,8.35,8.36,1012.02,616.0,3.3,9853.0,1,9.25,4.66,0.0,0.0,28.71
2024-09-18,"Yangon, Myanmar",Yangon International Airport (VYYY),28.71,24.14,33.17,25.2,78.2,0.0,0,174.0,8.12,13.04,1009.14,552.0,1.2,10740.0,1,9.03,-2.88,0.0,0.0,29.37
2024-09-19,"Yangon, Myanmar",Yangon International Airport (VYYY),29.37,25.76,34.89,26.03,66.5,0.0,0,210.0,6.4,9.98,1009.47,369.0,1.6,9334.0,1,9.13,0.33,0.0,0.0,29.9
2024-09-20,"Yangon, Myanmar",Yangon International Airport (VYYY),29.9,25.95,34.99,26.28,74.9,0.0,0,162.0,5.4,6.58,1011.19,499.0,1.2,10757.0,1,9.04,1.72,0.0,0.0,27.3
2024-09-21,"Yangon, Myanmar",Yangon International Airport (VYYY),27.3,23.29,31.84,23.47,75.7,0.0,0,252.0,7.57,10.0,1007.8,389.0,4.5,12985.0,3,8.55,-3.38,0.0,0.0,27.26
2024-09-22,"Yangon, Myanmar",Yangon International Airport (VYYY),27.26,23.55,31.89,24.51,74.2,0.0,0,168.0,9.49,12.72,1007.92,506.0,1.2,10495.0,1,8.33,0.12,0.0,0.0,29.37
2024-09-23,"Yangon, Myanmar",Yangon International Airport (VYYY),29.37,25.08,34.6,27.03,71.3,0.0,0,161.0,5.72,8.87,1008.03,418.0,2.9,8393.0,1,9.52,0.1,0.0,0.0,28.13
2024-09-24,"Yangon, Myanmar",Yangon International Airport (VYYY),28.13,24.71,34.04,26.58,73.1,0.0,0,206.0,6.5,9.69,1008.48,568.0,2.2,8558.0,1,9.34,0.46,0.0,0.0,29.0
2024-09-25,"Yangon, Myanmar",Yangon International Airport (VYYY),29.0,25.12,35.01,24.66,77.8,0.0,0,135.0,10.28,10.86,1005.93,390.0,3.3,7608.0,1,9.89,-2.56,0.0,0.0,29.44
2024-09-26,"Yangon, Myanmar",Yangon International Airport (VYYY),29.44,25.71,34.09,25.59,73.0,0.0,0,215.0,5.16,6.72,1008.35,600.0,2.4,9660.0,1,8.39,2.43,0.0,0.0,28.7
2024-09-27,"Yangon, Myanmar",Yangon International Airport (VYYY),28.7,24.37,34.47,26.2,67.0,0.0,0,116.0,9.37,11.75,1009.74,486.0,2.1,11212.0,1,10.1,1.39,0.0,0.0,26.87
2024-09-28,"Yangon, Myanmar",Yangon International Airport (VYYY),26.87,22.64,31.6,24.15,73.7,0.0,0,224.0,9.23,19.86,1008.48,455.0,1.9,8661.0,1,8.96,-1.26,0.0,0.0,28.6
2024-09-29,"Yangon, Myanmar",Yangon International Airport (VYYY),28.6,25.36,33.21,25.6,74.0,0.0,0,146.0,7.74,9.94,1013.21,568.0,3.5,9853.0,1,7.86,4.73,0.0,0.0,27.58
2024-09-30,"Yangon, Myanmar",Yangon International Airport (VYYY),27.58,23.72,32.25,24.07,69.2,12.87,0,262.0,,8.85,1011.69,625.0,2.6,8771.0,8,8.53,-1.53,12.87,12.87,28.76
2024-10-01,"Yangon, Myanmar",Yangon International Airport (VYYY),28.76,24.3,34.54,25.15,84.7,0.0,0,258.0,7.23,8.09,1010.21,515.0,1.6,11112.0,1,10.24,-1.48,12.87,12.87,28.6
2024-10-02,"Yangon, Myanmar",Yangon International Airport (VYYY),28.6,25.68,34.98,26.14,69.7,0.0,0,203.0,6.7,7.59,1007.45,441.0,3.1,10193.0,1,9.3,-2.77,12.87,12.87,28.02
2024-10-03,"Yangon, Myanmar",Yangon International Airport (VYYY),28.02,24.2,31.84,26.82,62.6,0.0,0,194.0,9.32,10.42,1012.34,415.0,1.9,,1,7.64,4.89,0.0,12.87,28.14
2024-10-04,"Yangon, Myanmar",Yangon International Airport (VYYY),28.14,23.64,32.4,24.55,73.3,0.0,0,210.0,6.22,9.02,1010.99,496.0,0.6,10048.0,1,8.76,-1.34,0.0,12.87,26.42
2024-10-05,"Yangon, Myanmar",Yangon International Airport (VYYY),26.42,22.18,30.94,23.27,70.6,0.0,0,291.0,2.41,5.05,1013.33,504.0,3.4,10938.0,1,8.76,2.33,0.0,12.87,27.49
2024-10-06,"Yangon, Myanmar",Yangon International Airport (VYYY),27.49,23.63,31.38,26.1,66.8,20.29,0,212.0,12.08,12.84,1012.72,455.0,0.3,8941.0,8,7.74,-0.61,20.29,33.16,25.52
2024-10-07,"Yangon, Myanmar",Yangon International Airport (VYYY),25.52,21.83,30.66,21.48,66.2,0.0,0,191.0,6.96,8.29,1010.23,567.0,1.4,9457.0,1,8.83,-2.49,20.29,20.29,27.44
2024-10-08,"Yangon, Myanmar",Yangon International Airport (VYYY),27.44,22.9,32.92,23.67,67.5,0.0,0,209.0,9.45,11.79,1012.13,492.0,2.8,11070.0,1,10.02,1.89,20.29,20.29,27.58
2024-10-09,"Yangon, Myanmar",Yangon International Airport (VYYY),27.58,23.85,33.22,23.47,67.4,0.0,0,257.0,8.36,10.47,1011.61,351.0,2.1,10005.0,1,9.37,-0.51,0.0,20.29,28.53
2024-10-10,"Yangon, Myanmar",Yangon International Airport (VYYY),28.53,24.57,32.5,27.53,74.2,0.0,0,196.0,6.19,6.99,1010.99,482.0,2.6,10994.0,1,7.94,-0.62,0.0,20.29,29.83
2024-10-11,"Yangon, Myanmar",Yangon International Airport (VYYY),29.83,25.37,34.56,27.15,74.9,0.0,0,205.0,7.38,8.01,1013.04,525.0,1.4,10591.0,1,9.19,2.05,0.0,20.29,27.3
2024-10-12,"Yangon, Myanmar",Yangon International Airport (VYYY),27.3,24.43,32.64,23.9,64.6,0.0,0,188.0,5.77,6.79,1005.76,443.0,3.5,9856.0,1,8.2,-7.28,0.0,20.29,27.48
2024-10-13,"Yangon, Myanmar",Yangon International Airport (VYYY),27.48,23.47,33.4,24.45,78.2,0.0,0,245.0,9.32,12.2,1010.81,554.0,3.7,10108.0,1,9.94,5.04,0.0,0.0,26.23
2024-10-14,"Yangon, Myanmar",Yangon International Airport (VYYY),26.23,24.18,30.7,23.56,84.5,3.68,0,157.0,10.17,12.55,1009.7,443.0,3.7,9475.0,7,6.52,-1.11,3.68,3.68,27.59
2024-10-15,"Yangon, Myanmar",Yangon International Airport (VYYY),27.59,23.77,32.7,23.19,75.8,0.0,0,222.0,5.89,11.32,1010.73,447.0,3.6,9004.0,1,8.93,1.04,3.68,3.68,27.93
2024-10-16,"Yangon, Myanmar",Yangon International Airport (VYYY),27.93,23.52,32.86,23.51,79.9,0.0,0,176.0,7.87,8.41,1008.43,490.0,3.1,8492.0,1,9.34,-2.31,3.68,3.68,27.08
2024-10-17,"Yangon, Myanmar",Yangon International Airport (VYYY),27.08,23.42,32.34,25.02,71.6,0.0,0,148.0,9.01,11.92,1010.38,488.0,1.8,9939.0,1,8.92,1.95,0.0,3.68,27.08
2024-10-18,"Yangon, Myanmar",Yangon International Airport (VYYY),27.08,22.4,31.46,23.17,67.4,0.0,0,193.0,6.12,14.18,1009.65,488.0,3.1,9236.0,1,9.05,-0.73,0.0,3.68,26.83
2024-10-19,"Yangon, Myanmar",Yangon International Airport (VYYY),26.83,23.18,31.35,23.89,73.6,0.0,0,179.0,7.49,9.39,1010.61,539.0,1.7,10510.0,1,8.17,0.96,0.0,3.68,27.5
2024-10-20,"Yangon, Myanmar",Yangon International Airport (VYYY),27.5,23.72,32.15,23.39,76.9,0.0,0,152.0,7.63,10.5,1011.28,363.0,2.3,9832.0,1,8.43,0.67,0.0,3.68,25.54
2024-10-21,"Yangon, Myanmar",Yangon International Airport (VYYY),25.54,21.69,30.55,22.17,68.0,0.0,0,228.0,7.48,8.83,1011.58,458.0,1.8,9406.0,1,8.86,0.29,0.0,0.0,26.7
2024-10-22,"Yangon, Myanmar",Yangon International Airport (VYYY),26.7,21.72,31.8,24.69,78.5,21.35,0,99.0,4.38,6.58,1009.0,308.0,2.8,8668.0,8,10.08,-2.58,21.35,21.35,26.24
2024-10-23,"Yangon, Myanmar",Yangon International Airport (VYYY),26.24,22.49,31.27,23.87,67.9,0.0,0,193.0,7.07,10.64,1013.08,495.0,0.4,9513.0,1,8.78,4.08,21.35,21.35,27.61
2024-10-24,"Yangon, Myanmar",Yangon International Airport (VYYY),27.61,23.59,31.61,23.88,75.1,0.0,0,147.0,7.63,18.39,1016.55,512.0,1.3,10307.0,1,8.02,3.47,21.35,21.35,27.65
2024-10-25,"Yangon, Myanmar",Yangon International Airport (VYYY),27.65,23.6,32.76,24.53,77.9,0.0,0,218.0,8.66,12.8,1011.92,542.0,2.7,9871.0,1,9.16,-4.63,0.0,21.35,26.05
2024-10-26,"Yangon, Myanmar",Yangon International Airport (VYYY),26.05,22.11,30.32,22.55,74.7,0.0,0,185.0,7.24,10.39,1011.04,607.0,2.4,10513.0,1,8.21,-0.88,0.0,21.35,26.74
2024-10-27,"Yangon, Myanmar",Yangon International Airport (VYYY),26.74,22.63,31.14,23.62,62.4,0.0,0,252.0,5.53,8.25,1010.7,424.0,2.3,10596.0,1,8.51,-0.34,0.0,21.35,28.09
2024-10-28,"Yangon, Myanmar",Yangon International Airport (VYYY),28.09,24.21,32.11,23.92,79.8,0.0,0,257.0,7.42,9.29,1008.86,485.0,1.6,10268.0,1,7.91,-1.84,0.0,21.35,27.68
2024-10-29,"Yangon, Myanmar",Yangon International Airport (VYYY),27.68,23.54,33.53,24.13,67.6,0.0,0,256.0,8.1,11.64,1012.53,454.0,1.8,10636.0,1,9.99,3.67,0.0,0.0,26.05
2024-10-30,"Yangon, Myanmar",Yangon International Airport (VYYY),26.05,21.36,30.21,23.56,69.8,0.0,0,180.0,8.8,11.62,1009.45,530.0,1.9,11404.0,1,8.85,-3.08,0.0,0.0,27.3
2024-10-31,"Yangon, Myanmar",Yangon International Airport (VYYY),27.3,23.23,33.32,25.28,73.8,0.0,0,180.0,9.19,9.41,1012.6,556.0,1.6,11359.0,1,10.09,3.15,0.0,0.0,27.4
2024-11-01,"Yangon, Myanmar",Yangon International Airport (VYYY),27.4,22.69,31.7,24.94,76.9,0.0,0,247.0,5.9,7.33,1010.72,505.0,2.2,10018.0,1,9.01,-1.88,0.0,0.0,27.24
2024-11-02,"Yangon, Myanmar",Yangon International Airport (VYYY),27.24,23.64,31.8,23.55,78.7,0.0,0,178.0,8.46,15.15,1013.54,449.0,0.9,10116.0,1,8.16,2.82,0.0,0.0,26.56
2024-11-03,"Yangon, Myanmar",Yangon International Airport (VYYY),26.56,22.89,31.03,24.38,77.6,0.0,0,176.0,8.46,13.2,1008.94,343.0,2.9,10459.0,1,8.14,-4.6,0.0,0.0,27.14
2024-11-04,"Yangon, Myanmar",Yangon International Airport (VYYY),27.14,23.33,33.73,23.44,76.2,0.0,0,230.0,9.87,10.21,1011.18,284.0,1.5,9737.0,1,10.39,2.24,0.0,0.0,26.84
2024-11-05,"Yangon, Myanmar",Yangon International Airport (VYYY),26.84,23.36,31.67,25.24,82.0,0.0,0,244.0,5.34,11.27,,525.0,3.4,9304.0,1,8.31,-0.77,0.0,0.0,26.02
2024-11-06,"Yangon, Myanmar",Yangon International Airport (VYYY),26.02,22.48,31.34,22.81,80.3,0.0,0,234.0,9.73,,1012.37,391.0,3.5,9977.0,1,8.87,1.96,0.0,0.0,26.98
2024-11-07,"Yangon, Myanmar",Yangon International Airport (VYYY),26.98,23.43,31.46,24.83,79.5,16.21,0,250.0,10.17,10.56,1010.28,561.0,1.4,7447.0,8,8.03,-2.09,16.21,16.21,27.03
2024-11-08,"Yangon, Myanmar",Yangon International Airport (VYYY),27.03,23.87,31.34,23.12,78.7,0.0,0,305.0,6.45,8.18,1012.17,506.0,1.7,11746.0,1,7.47,1.89,16.21,16.21,24.7
2024-11-09,"Yangon, Myanmar",Yangon International Airport (VYYY),24.7,20.23,29.12,20.69,69.7,0.0,0,196.0,6.83,7.47,1012.64,341.0,2.6,8942.0,1,8.89,0.46,16.21,16.21,26.28
2024-11-10,"Yangon, Myanmar",Yangon International Airport (VYYY),26.28,22.19,32.86,24.4,71.9,0.0,0,84.0,7.32,10.63,1008.24,367.0,3.1,10896.0,1,10.68,-4.4,0.0,16.21,24.84
2024-11-11,"Yangon, Myanmar",Yangon International Airport (VYYY),24.84,20.52,28.84,21.57,78.9,0.0,0,204.0,9.27,12.08,1008.76,404.0,0.4,9999.0,1,8.32,0.52,0.0,16.21,24.89
2024-11-12,"Yangon, Myanmar",Yangon International Airport (VYYY),24.89,21.19,29.25,20.82,80.8,0.0,0,167.0,7.65,9.31,1013.0,486.0,2.2,10667.0,1,8.06,4.24,0.0,16.21,25.01
2024-11-13,"Yangon, Myanmar",Yangon International Airport (VYYY),25.01,21.44,29.98,22.95,68.8,0.0,0,177.0,7.84,10.86,1015.02,424.0,3.5,10287.0,1,8.53,2.02,0.0,16.21,26.5
2024-11-14,"Yangon, Myanmar",Yangon International Airport (VYYY),26.5,22.23,32.52,24.01,73.4,0.0,0,259.0,9.23,14.18,1009.14,523.0,3.7,10309.0,1,10.29,-5.88,0.0,0.0,25.75
2024-11-15,"Yangon, Myanmar",Yangon International Airport (VYYY),25.75,21.79,30.46,22.69,72.7,0.0,0,240.0,8.63,8.92,1013.17,503.0,2.4,10574.0,1,8.67,4.03,0.0,0.0,24.66
2024-11-16,"Yangon, Myanmar",Yangon International Airport (VYYY),24.66,21.58,29.63,21.7,83.8,0.0,0,205.0,4.0,6.68,1010.48,470.0,3.4,10217.0,1,8.05,-2.69,0.0,0.0,26.52
2024-11-17,"Yangon, Myanmar",Yangon International Airport (VYYY),26.52,22.74,31.35,22.93,82.5,0.0,0,268.0,6.4,7.76,1012.03,415.0,3.5,9378.0,1,8.61,1.56,0.0,0.0,25.66
2024-11-18,"Yangon, Myanmar",Yangon International Airport (VYYY),25.66,21.42,29.39,21.42,76.5,0.0,0,230.0,3.94,20.52,1009.15,404.0,3.2,9297.0,1,7.97,-2.89,0.0,0.0,24.93
2024-11-19,"Yangon, Myanmar",Yangon International Airport (VYYY),24.93,20.98,28.43,21.09,70.7,0.0,0,148.0,5.71,5.88,1014.07,319.0,2.5,11023.0,1,7.45,4.93,0.0,0.0,24.65
2024-11-20,"Yangon, Myanmar",Yangon International Airport (VYYY),24.65,21.33,29.65,21.38,75.0,0.0,0,201.0,7.33,10.87,1009.6,561.0,2.6,10659.0,1,8.32,-4.47,0.0,0.0,25.56
2024-11-21,"Yangon, Myanmar",Yangon International Airport (VYYY),25.56,21.43,29.73,22.31,78.8,0.0,0,200.0,8.95,10.35,1011.05,552.0,0.9,9066.0,1,8.3,1.45,0.0,0.0,24.57
2024-11-22,"Yangon, Myanmar",Yangon International Airport (VYYY),24.57,20.04,29.78,21.71,72.2,0.0,0,178.0,6.46,12.19,1015.02,649.0,1.2,11508.0,1,9.73,3.97,0.0,0.0,25.42
2024-11-23,"Yangon, Myanmar",Yangon International Airport (VYYY),25.42,22.34,29.88,22.2,81.8,0.0,0,179.0,6.61,7.67,1011.82,434.0,1.9,,1,7.54,-3.2,0.0,0.0,25.87
2024-11-24,"Yangon, Myanmar",Yangon International Airport (VYYY),25.87,21.56,29.78,22.4,79.5,0.0,0,165.0,8.35,11.49,1011.23,548.0,2.1,9820.0,1,8.22,-0.59,0.0,0.0,26.33
2024-11-25,"Yangon, Myanmar",Yangon International Airport (VYYY),26.33,21.05,29.93,23.41,,0.0,0,227.0,6.38,11.61,1015.49,436.0,0.6,10318.0,1,8.89,4.25,0.0,0.0,23.25
2024-11-26,"Yangon, Myanmar",Yangon International Airport (VYYY),23.25,19.24,27.7,21.17,82.2,0.0,0,220.0,5.94,6.24,1011.65,,2.2,10885.0,1,8.47,-3.84,0.0,0.0,24.96
2024-11-27,"Yangon, Myanmar",Yangon International Airport (VYYY),24.96,21.26,29.93,20.96,72.5,0.0,0,231.0,8.18,11.73,1010.75,640.0,1.5,8688.0,1,8.67,-0.89,0.0,0.0,24.68
2024-11-28,"Yangon, Myanmar",Yangon International Airport (VYYY),24.68,21.23,30.26,21.33,79.6,0.0,0,225.0,10.51,14.64,1011.19,376.0,1.2,7401.0,1,9.03,0.44,0.0,0.0,23.5
2024-11-29,"Yangon, Myanmar",Yangon International Airport (VYYY),23.5,20.1,28.96,21.63,72.9,13.03,0,164.0,6.69,7.88,1013.41,473.0,1.5,8366.0,8,8.86,2.22,13.03,13.03,24.51
2024-11-30,"Yangon, Myanmar",Yangon International Airport (VYYY),24.51,19.87,29.65,19.54,81.7,0.0,0,230.0,10.36,12.08,1011.39,451.0,0.9,8310.0,1,9.78,-2.02,13.03,13.03,25.76
2024-12-01,"Yangon, Myanmar",Yangon International Airport (VYYY),25.76,22.38,31.06,23.28,72.9,0.0,0,247.0,8.41,10.4,1011.77,438.0,0.9,11171.0,1,8.68,0.38,13.03,13.03,25.59
2024-12-02,"Yangon, Myanmar",Yangon International Airport (VYYY),25.59,21.45,30.8,21.91,84.2,0.0,0,142.0,4.27,5.83,1011.59,644.0,0.3,10098.0,1,9.35,-0.18,0.0,13.03,26.27
2024-12-03,"Yangon, Myanmar",Yangon International Airport (VYYY),26.27,22.65,31.46,23.74,74.8,0.0,0,201.0,5.36,5.88,1011.83,504.0,3.2,11049.0,1,8.81,0.24,0.0,13.03,24.99
2024-12-04,"Yangon, Myanmar",Yangon International Airport (VYYY),24.99,21.0,30.07,21.24,86.0,0.0,0,192.0,10.29,11.85,1009.96,488.0,2.1,10027.0,1,9.07,-1.87,0.0,13.03,24.33
2024-12-05,"Yangon, Myanmar",Yangon International Airport (VYYY),24.33,20.77,28.67,20.97,87.1,0.0,0,252.0,4.23,9.6,1014.22,516.0,3.2,9593.0,1,7.9,4.26,0.0,13.03,22.53
2024-12-06,"Yangon, Myanmar",Yangon International Airport (VYYY),22.53,19.59,27.28,21.36,75.7,0.0,0,248.0,6.79,8.58,1011.87,,5.2,9912.0,3,7.69,-2.35,0.0,0.0,24.73
2024-12-07,"Yangon, Myanmar",Yangon International Airport (VYYY),24.73,20.38,30.04,22.82,69.4,0.0,0,247.0,11.68,16.06,1012.26,490.0,3.9,8783.0,1,9.66,0.39,0.0,0.0,24.01
2024-12-08,"Yangon, Myanmar",Yangon International Airport (VYYY),24.01,20.47,27.78,19.81,75.7,0.0,0,195.0,7.19,18.63,1010.48,389.0,2.2,9791.0,1,7.31,-1.78,0.0,0.0,26.44
2024-12-09,"Yangon, Myanmar",Yangon International Airport (VYYY),26.44,22.11,31.7,22.12,73.5,0.0,0,196.0,8.74,10.23,1011.54,457.0,2.9,8960.0,1,9.59,1.06,0.0,0.0,23.45
2024-12-10,"Yangon, Myanmar",Yangon International Airport (VYYY),23.45,19.04,28.34,21.48,78.7,2.27,0,183.0,8.27,10.68,1013.23,297.0,2.4,10289.0,7,9.3,1.69,2.27,2.27,23.96
2024-12-11,"Yangon, Myanmar",Yangon International Airport (VYYY),23.96,20.86,29.99,20.82,80.0,0.0,0,188.0,10.64,16.04,1010.78,535.0,3.7,10066.0,1,9.13,-2.45,2.27,2.27,25.88
2024-12-12,"Yangon, Myanmar",Yangon International Airport (VYYY),25.88,21.92,30.44,21.18,80.9,10.23,0,158.0,6.17,9.05,1012.35,436.0,2.8,9661.0,8,8.52,1.57,12.5,12.5,25.88
2024-12-13,"Yangon, Myanmar",Yangon International Airport (VYYY),25.88,21.67,30.25,21.84,86.6,0.0,0,185.0,7.82,12.92,1009.67,440.0,1.5,10168.0,1,8.58,-2.67,10.23,12.5,25.21
2024-12-14,"Yangon, Myanmar",Yangon International Airport (VYYY),25.21,20.26,29.7,22.76,77.1,0.0,0,246.0,6.28,7.25,1009.34,560.0,0.0,9428.0,1,9.45,-0.34,10.23,12.5,22.36
2024-12-15,"Yangon, Myanmar",Yangon International Airport (VYYY),22.36,18.78,26.37,21.29,77.4,0.0,0,234.0,8.58,13.39,1009.65,521.0,1.9,9497.0,1,7.59,0.31,0.0,12.5,24.91
2024-12-16,"Yangon, Myanmar",Yangon International Airport (VYYY),24.91,20.91,28.51,20.02,88.0,0.0,0,173.0,8.62,10.01,1016.57,562.0,1.1,10309.0,1,7.6,6.92,0.0,12.5,25.62
2024-12-17,"Yangon, Myanmar",Yangon International Airport (VYYY),25.62,21.3,30.99,24.18,74.8,0.0,0,188.0,7.23,11.22,1014.67,510.0,1.2,8661.0,1,9.68,-1.9,0.0,10.23,25.13
2024-12-18,"Yangon, Myanmar",Yangon International Airport (VYYY),25.13,22.15,29.18,22.65,82.3,0.0,0,216.0,7.72,18.07,1014.15,442.0,0.7,8738.0,1,7.03,-0.53,0.0,10.23,25.36
2024-12-19,"Yangon, Myanmar",Yangon International Airport (VYYY),25.36,21.71,30.24,24.08,78.2,14.37,0,228.0,8.15,8.41,1015.11,533.0,2.3,8387.0,8,8.53,0.96,14.37,14.37,24.99
2024-12-20,"Yangon, Myanmar",Yangon International Airport (VYYY),24.99,21.17,30.26,22.61,77.4,0.0,0,186.0,9.19,13.84,1010.98,447.0,4.0,10135.0,1,9.09,-4.12,14.37,14.37,24.56
2024-12-21,"Yangon, Myanmar",Yangon International Airport (VYYY),24.56,21.12,29.4,19.72,78.6,0.0,0,236.0,7.57,8.89,1013.5,568.0,0.9,9382.0,1,8.28,2.52,14.37,14.37,23.81
2024-12-22,"Yangon, Myanmar",Yangon International Airport (VYYY),23.81,20.44,28.76,22.62,76.1,0.0,0,265.0,6.36,7.32,1010.3,396.0,1.4,9427.0,1,8.32,-3.2,0.0,14.37,24.61
2024-12-23,"Yangon, Myanmar",Yangon International Airport (VYYY),24.61,20.43,29.21,22.92,75.4,0.0,0,264.0,7.37,9.02,1013.43,482.0,1.7,9280.0,1,8.77,3.13,0.0,14.37,24.95
2024-12-24,"Yangon, Myanmar",Yangon International Airport (VYYY),24.95,21.77,29.4,21.48,79.9,0.0,0,156.0,5.19,8.34,1012.2,413.0,0.0,10280.0,1,7.63,-1.22,0.0,14.37,24.21
2024-12-25,"Yangon, Myanmar",Yangon International Airport (VYYY),24.21,20.74,29.58,22.03,74.3,0.0,0,220.0,7.71,9.73,1010.43,510.0,2.6,12344.0,1,8.84,-1.78,0.0,14.37,23.86
2024-12-26,"Yangon, Myanmar",Yangon International Airport (VYYY),23.86,20.07,29.02,22.38,74.8,0.0,0,215.0,8.22,10.44,1011.11,460.0,2.6,10182.0,1,8.95,0.68,0.0,0.0,24.04
2024-12-27,"Yangon, Myanmar",Yangon International Airport (VYYY),24.04,20.36,28.3,22.2,77.5,0.0,0,233.0,5.59,6.35,1011.59,436.0,4.2,9053.0,3,7.94,0.49,0.0,0.0,22.62
2024-12-28,"Yangon, Myanmar",Yangon International Airport (VYYY),22.62,18.89,27.54,19.7,76.9,0.0,0,256.0,9.04,11.16,1014.29,295.0,1.0,10575.0,1,8.65,2.7,0.0,0.0,25.32
2024-12-29,"Yangon, Myanmar",Yangon International Airport (VYYY),25.32,21.53,31.79,22.62,75.0,0.0,0,158.0,8.06,10.28,1012.7,494.0,1.2,8460.0,1,10.26,-1.59,0.0,0.0,24.54
2024-12-30,"Yangon, Myanmar",Yangon International Airport (VYYY),24.54,20.39,30.33,20.75,79.5,0.0,0,211.0,6.27,7.36,1010.14,427.0,0.7,9923.0,1,9.94,-2.57,0.0,0.0,24.63
2024-12-31,"Yangon, Myanmar",Yangon International Airport (VYYY),24.63,21.36,29.46,23.75,76.0,0.0,0,193.0,5.98,9.53,1015.87,497.0,1.9,10032.0,1,8.1,5.73,0.0,0.0,
